timestamp,ticker,type,signal,fg_index,price,signal_changed
2025-11-01 12:19:23.426878,SPY,STOCK,HOLD,58.90938691518751,682.0599975585938,False
2025-11-01 12:19:23.426878,QQQ,STOCK,BUY,61.62163225621797,629.0700073242188,False
2025-11-01 12:19:23.426878,IBIT,CRYPTO,HOLD,46.8964891623767,62.29999923706055,False
2025-11-01 12:19:23.426878,BTC-USD,CRYPTO,HOLD,54.00697562874248,110262.03125,False
2025-11-01 12:19:51.926621,SPY,STOCK,HOLD,58.90938693985246,682.0599975585938,False
2025-11-01 12:19:51.926621,QQQ,STOCK,BUY,61.62163222507586,629.0700073242188,False
2025-11-01 12:19:51.926621,IBIT,CRYPTO,HOLD,46.896489162376696,62.29999923706055,False
2025-11-01 12:19:51.926621,BTC-USD,CRYPTO,HOLD,54.00697562874248,110262.03125,False
2025-11-19 10:38:35.607139,SPY,STOCK,SELL,21.314355295963423,665.97998046875,False
2025-11-19 10:38:35.607139,QQQ,STOCK,SELL,22.092606229753137,604.6900024414062,False
2025-11-19 10:38:35.607139,IBIT,CRYPTO,SELL,20.094133228850737,51.47499847412109,False
2025-11-19 10:38:35.607139,BTC-USD,CRYPTO,SELL,24.82701013780019,90708.4453125,False
2025-11-20 16:30:03.270350,SPY,STOCK,SELL,10.72819978803186,652.530029296875,False
2025-11-20 16:30:03.270350,QQQ,STOCK,SELL,10.699804601752168,585.6699829101562,False
2025-11-20 16:30:03.270350,IBIT,CRYPTO,SELL,17.226742464023847,48.959999084472656,False
2025-11-20 16:30:03.270350,BTC-USD,CRYPTO,SELL,22.053994993769564,87133.0859375,False
2025-11-21 16:30:08.498003,SPY,STOCK,SELL,19.3902590115364,659.030029296875,False
2025-11-21 16:30:08.498003,QQQ,STOCK,SELL,17.426992113407564,590.0700073242188,False
2025-11-21 16:30:08.498003,IBIT,CRYPTO,SELL,17.412456917961812,47.970001220703125,False
2025-11-21 16:30:08.498003,BTC-USD,CRYPTO,SELL,20.843519502806256,84883.9609375,False
2025-11-22 08:00:08.353896,SPY,STOCK,SELL,19.472972640385496,659.030029296875,False
2025-11-22 08:00:08.353896,QQQ,STOCK,SELL,17.478902245742198,590.0700073242188,False
2025-11-22 08:00:08.353896,IBIT,CRYPTO,SELL,17.41897215862588,47.970001220703125,False
2025-11-22 08:00:08.353896,BTC-USD,CRYPTO,SELL,20.02650103739012,83810.2734375,False
2025-11-22 16:30:05.622574,SPY,STOCK,SELL,19.47297249350069,659.030029296875,False
2025-11-22 16:30:05.622574,QQQ,STOCK,SELL,17.478904296795488,590.0700073242188,False
2025-11-22 16:30:05.622574,IBIT,CRYPTO,SELL,17.418972158625873,47.970001220703125,False
2025-11-22 16:30:05.622574,BTC-USD,CRYPTO,SELL,20.51692743944788,84290.421875,False
2025-11-23 08:00:08.327049,SPY,STOCK,SELL,19.47297263660076,659.030029296875,False
2025-11-23 08:00:08.327049,QQQ,STOCK,SELL,17.47890460833915,590.0700073242188,False
2025-11-23 08:00:08.327049,IBIT,CRYPTO,SELL,17.41897215862588,47.970001220703125,False
2025-11-23 08:00:08.327049,BTC-USD,CRYPTO,SELL,24.83291647016372,86526.1796875,False
2025-11-23 16:30:07.266868,SPY,STOCK,SELL,19.472970570644247,659.030029296875,False
2025-11-23 16:30:07.266868,QQQ,STOCK,SELL,17.478904580556197,590.0700073242188,False
2025-11-23 16:30:07.266868,IBIT,CRYPTO,SELL,17.418972158625873,47.970001220703125,False
2025-11-23 16:30:07.266868,BTC-USD,CRYPTO,SELL,25.30907456345621,87465.3515625,False
2025-11-24 08:00:07.207654,SPY,STOCK,SELL,19.47297263660075,659.030029296875,False
2025-11-24 08:00:07.207654,QQQ,STOCK,SELL,17.478902217288155,590.0700073242188,False
2025-11-24 08:00:07.207654,IBIT,CRYPTO,SELL,17.418972158625873,47.970001220703125,False
2025-11-24 08:00:07.207654,BTC-USD,CRYPTO,SELL,27.58097371461052,85926.546875,False
2025-11-24 16:30:08.942109,SPY,STOCK,SELL,29.39564873554454,668.72998046875,False
2025-11-24 16:30:08.942109,QQQ,STOCK,SELL,27.87802190617047,605.1599731445312,False
2025-11-24 16:30:08.942109,IBIT,CRYPTO,SELL,28.02060317013871,50.56999969482422,False
2025-11-24 16:30:08.942109,BTC-USD,CRYPTO,SELL,31.56454916565411,88911.3203125,False
2025-11-25 08:00:07.751131,SPY,STOCK,SELL,29.3977652616318,668.72998046875,False
2025-11-25 08:00:07.751131,QQQ,STOCK,SELL,27.811166988515392,605.1599731445312,False
2025-11-25 08:00:07.751131,IBIT,CRYPTO,SELL,27.896512035739747,50.56999969482422,False
2025-11-25 08:00:07.751131,BTC-USD,CRYPTO,SELL,30.5138901084534,87506.6875,False
2025-11-25 16:30:07.546770,SPY,STOCK,SELL,40.76305969112473,675.02001953125,False
2025-11-25 16:30:07.546770,QQQ,STOCK,SELL,36.97801886363682,608.8900146484375,False
2025-11-25 16:30:07.546770,IBIT,CRYPTO,SELL,28.581156346161137,49.560001373291016,False
2025-11-25 16:30:07.546770,BTC-USD,CRYPTO,SELL,30.480741880171685,87301.3203125,False
2025-11-26 08:00:07.252835,SPY,STOCK,SELL,40.80790620944023,675.02001953125,False
2025-11-26 08:00:07.252835,QQQ,STOCK,SELL,36.98590608740978,608.8900146484375,False
2025-11-26 08:00:07.252835,IBIT,CRYPTO,SELL,28.80821072921992,49.560001373291016,False
2025-11-26 08:00:07.252835,BTC-USD,CRYPTO,SELL,32.80899769679751,86655.5546875,False
2025-11-26 16:30:08.288975,SPY,STOCK,HOLD,44.705665032847016,679.6799926757812,True
2025-11-26 16:30:08.288975,QQQ,STOCK,SELL,40.4807567982898,614.27001953125,False
2025-11-26 16:30:08.288975,IBIT,CRYPTO,SELL,32.80152002458553,51.02999877929688,False
2025-11-26 16:30:08.288975,BTC-USD,CRYPTO,SELL,36.49881566176231,90206.078125,False
2025-11-27 08:00:07.220182,SPY,STOCK,HOLD,44.75660543366906,679.6799926757812,True
2025-11-27 08:00:07.220182,QQQ,STOCK,SELL,40.51348380017427,614.27001953125,False
2025-11-27 08:00:07.220182,IBIT,CRYPTO,SELL,32.81274531786125,51.02999877929688,False
2025-11-27 08:00:07.220182,BTC-USD,CRYPTO,HOLD,41.82448496248793,90995.703125,True
2025-11-27 16:30:07.111526,SPY,STOCK,HOLD,44.75682170481327,679.6799926757812,True
2025-11-27 16:30:07.111526,QQQ,STOCK,SELL,40.513792086390765,614.27001953125,False
2025-11-27 16:30:07.111526,IBIT,CRYPTO,SELL,32.816458112514304,51.02999877929688,False
2025-11-27 16:30:07.111526,BTC-USD,CRYPTO,HOLD,42.62735988135828,91496.2421875,True
2025-11-28 08:00:07.130099,SPY,STOCK,HOLD,44.7568216695195,679.6799926757812,True
2025-11-28 08:00:07.130099,QQQ,STOCK,SELL,40.51379209444253,614.27001953125,False
2025-11-28 08:00:07.130099,IBIT,CRYPTO,SELL,32.816458112514304,51.02999877929688,False
2025-11-28 08:00:07.130099,BTC-USD,CRYPTO,HOLD,48.07470582901506,91498.578125,False
2025-11-28 16:30:09.651162,SPY,STOCK,HOLD,54.99219545777998,683.3900146484375,False
2025-11-28 16:30:09.651162,QQQ,STOCK,HOLD,53.14273979638541,619.25,True
2025-11-28 16:30:09.651162,IBIT,CRYPTO,SELL,32.29060826618572,51.54999923706055,False
2025-11-28 16:30:09.651162,BTC-USD,CRYPTO,HOLD,47.87296442771836,91131.703125,False
2025-11-29 08:00:08.806165,SPY,STOCK,HOLD,54.98901695322848,683.3900146484375,False
2025-11-29 08:00:08.806165,QQQ,STOCK,HOLD,53.12569678545414,619.25,True
2025-11-29 08:00:08.806165,IBIT,CRYPTO,SELL,32.12818345939788,51.54999923706055,False
2025-11-29 08:00:08.806165,BTC-USD,CRYPTO,HOLD,47.48524974896416,90939.7265625,False
2025-11-29 16:30:05.597223,SPY,STOCK,HOLD,54.986391167047096,683.3900146484375,False
2025-11-29 16:30:05.597223,QQQ,STOCK,HOLD,53.12307099582179,619.25,True
2025-11-29 16:30:05.597223,IBIT,CRYPTO,SELL,32.122133269806426,51.54999923706055,False
2025-11-29 16:30:05.597223,BTC-USD,CRYPTO,HOLD,47.05086322151315,90992.2421875,False
2025-11-30 08:00:06.039237,SPY,STOCK,HOLD,54.98639117351614,683.3900146484375,False
2025-11-30 08:00:06.039237,QQQ,STOCK,HOLD,53.12307099582179,619.25,True
2025-11-30 08:00:06.039237,IBIT,CRYPTO,SELL,32.122133269806426,51.54999923706055,False
2025-11-30 08:00:06.039237,BTC-USD,CRYPTO,HOLD,49.59146048732504,91422.953125,False
2025-11-30 16:30:06.031877,SPY,STOCK,HOLD,54.98639117128168,683.3900146484375,False
2025-11-30 16:30:06.031877,QQQ,STOCK,HOLD,53.12307087046763,619.25,True
2025-11-30 16:30:06.031877,IBIT,CRYPTO,SELL,32.122133269806426,51.54999923706055,False
2025-11-30 16:30:06.031877,BTC-USD,CRYPTO,HOLD,49.226125563531866,91003.703125,False
2025-12-01 16:30:07.321047,SPY,STOCK,HOLD,52.67134192245593,680.27001953125,False
2025-12-01 16:30:07.321047,QQQ,STOCK,HOLD,51.86231375284883,617.1699829101562,False
2025-12-01 16:30:07.321047,IBIT,CRYPTO,SELL,27.255994147209226,48.5,False
2025-12-01 16:30:07.321047,BTC-USD,CRYPTO,HOLD,42.14091572159505,86271.8671875,False
2025-12-02 08:00:07.193899,SPY,STOCK,HOLD,52.31443104280809,680.27001953125,False
2025-12-02 08:00:07.193899,QQQ,STOCK,HOLD,51.51396331815104,617.1699829101562,False
2025-12-02 08:00:07.193899,IBIT,CRYPTO,SELL,27.385049446591776,48.5,False
2025-12-02 08:00:07.193899,BTC-USD,CRYPTO,HOLD,43.91876128836397,87288.6328125,False
2025-12-02 16:30:07.266411,SPY,STOCK,HOLD,52.649209493071865,681.4299926757812,False
2025-12-02 16:30:07.266411,QQQ,STOCK,HOLD,52.62175896327621,622.0,False
2025-12-02 16:30:07.266411,IBIT,CRYPTO,SELL,34.11206038726531,51.66999816894531,False
2025-12-02 16:30:07.266411,BTC-USD,CRYPTO,HOLD,45.53276097227091,91415.5703125,False
2025-12-03 08:00:06.985540,SPY,STOCK,HOLD,52.71322799857575,681.530029296875,False
2025-12-03 08:00:06.985540,QQQ,STOCK,HOLD,52.61878399455316,622.0,False
2025-12-03 08:00:06.985540,IBIT,CRYPTO,SELL,34.26169490316784,51.66999816894531,False
2025-12-03 08:00:06.985540,BTC-USD,CRYPTO,HOLD,49.712590409661374,92959.453125,False
2025-12-03 16:30:09.733092,SPY,STOCK,HOLD,61.04230869748958,683.8900146484375,False
2025-12-03 16:30:09.733092,QQQ,STOCK,HOLD,61.085799149766586,623.52001953125,False
2025-12-03 16:30:09.733092,IBIT,CRYPTO,HOLD,40.39716112588556,52.7400016784668,True
2025-12-03 16:30:09.733092,BTC-USD,CRYPTO,HOLD,50.75871428465566,93249.6953125,False
2025-12-04 08:00:07.028851,SPY,STOCK,HOLD,61.0761463800546,683.8900146484375,False
2025-12-04 08:00:07.028851,QQQ,STOCK,HOLD,61.12130910809275,623.52001953125,False
2025-12-04 08:00:07.028851,IBIT,CRYPTO,HOLD,40.81695296630639,52.7400016784668,True
2025-12-04 08:00:07.028851,BTC-USD,CRYPTO,HOLD,54.39743505820363,93040.796875,False
2025-12-04 16:30:10.317045,SPY,STOCK,HOLD,61.47102990331501,684.3900146484375,False
2025-12-04 16:30:10.317045,QQQ,STOCK,HOLD,60.55618239632749,622.9400024414062,False
2025-12-04 16:30:10.317045,IBIT,CRYPTO,HOLD,41.75460237988562,52.5099983215332,False
2025-12-04 16:30:10.317045,BTC-USD,CRYPTO,HOLD,53.23903076261039,92407.1484375,False
2025-12-05 08:00:07.057971,SPY,STOCK,HOLD,61.43834837630077,684.3900146484375,False
2025-12-05 08:00:07.057971,QQQ,STOCK,HOLD,60.52303460827118,622.9400024414062,False
2025-12-05 08:00:07.057971,IBIT,CRYPTO,HOLD,41.75652300160274,52.5099983215332,False
2025-12-05 08:00:07.057971,BTC-USD,CRYPTO,HOLD,52.69493966490308,91240.890625,False
2025-12-05 16:30:06.990911,SPY,STOCK,HOLD,61.767861477749896,685.6900024414062,False
2025-12-05 16:30:06.990911,QQQ,STOCK,HOLD,61.15947652817439,625.47998046875,False
2025-12-05 16:30:06.990911,IBIT,CRYPTO,HOLD,42.39596285157999,50.68999862670898,False
2025-12-05 16:30:06.990911,BTC-USD,CRYPTO,HOLD,49.03349794708774,89437.9296875,False
2025-12-06 08:00:05.921200,SPY,STOCK,HOLD,66.32584301068606,685.6900024414062,False
2025-12-06 08:00:05.921200,QQQ,STOCK,HOLD,65.70447642830139,625.47998046875,False
2025-12-06 08:00:05.921200,IBIT,CRYPTO,HOLD,42.32715918767414,50.68999862670898,False
2025-12-06 08:00:05.921200,BTC-USD,CRYPTO,HOLD,49.369662351034265,89607.328125,False
2025-12-06 16:30:08.152729,SPY,STOCK,HOLD,66.32584301110947,685.6900024414062,False
2025-12-06 16:30:08.152729,QQQ,STOCK,HOLD,65.70447642804326,625.47998046875,False
2025-12-06 16:30:08.152729,IBIT,CRYPTO,HOLD,42.32715918767414,50.68999862670898,False
2025-12-06 16:30:08.152729,BTC-USD,CRYPTO,HOLD,51.17414149545423,89473.2578125,False
2025-12-07 08:00:09.628663,SPY,STOCK,HOLD,66.32584301068606,685.6900024414062,False
2025-12-07 08:00:09.628663,QQQ,STOCK,HOLD,65.70447653114766,625.47998046875,False
2025-12-07 08:00:09.628663,IBIT,CRYPTO,HOLD,42.32715918767415,50.68999862670898,False
2025-12-07 08:00:09.628663,BTC-USD,CRYPTO,HOLD,48.77755707894984,89488.9921875,False
2025-12-07 16:30:08.345411,SPY,STOCK,HOLD,66.32584301168947,685.6900024414062,False
2025-12-07 16:30:08.345411,QQQ,STOCK,HOLD,65.70448513936554,625.47998046875,False
2025-12-07 16:30:08.345411,IBIT,CRYPTO,HOLD,42.32715918767415,50.68999862670898,False
2025-12-07 16:30:08.345411,BTC-USD,CRYPTO,HOLD,50.49513010805797,90954.21875,False
2025-12-08 08:00:07.129507,SPY,STOCK,HOLD,66.32584301110947,685.6900024414062,False
2025-12-08 08:00:07.129507,QQQ,STOCK,HOLD,65.70447642804326,625.47998046875,False
2025-12-08 08:00:07.129507,IBIT,CRYPTO,HOLD,42.32715918767414,50.68999862670898,False
2025-12-08 08:00:07.129507,BTC-USD,CRYPTO,HOLD,51.19438595324254,91789.125,False
2025-12-08 16:30:08.534713,SPY,STOCK,HOLD,66.4970254458254,683.6300048828125,False
2025-12-08 16:30:08.534713,QQQ,STOCK,HOLD,66.15352042714713,624.280029296875,False
2025-12-08 16:30:08.534713,IBIT,CRYPTO,HOLD,44.641490896587776,51.52000045776367,False
2025-12-08 16:30:08.534713,BTC-USD,CRYPTO,HOLD,50.51522611568368,90864.8671875,False
2025-12-09 08:00:07.568249,IBIT,CRYPTO,HOLD,44.641676932497695,51.52000045776367,False
2025-12-09 08:00:07.568249,BTC-USD,CRYPTO,HOLD,49.51370688492225,90622.390625,False
2025-12-09 16:30:09.835265,SPY,STOCK,HOLD,59.78679204777377,683.0399780273438,False
2025-12-09 16:30:09.835265,QQQ,STOCK,HOLD,59.35410720450909,625.0499877929688,False
2025-12-09 16:30:09.835265,IBIT,CRYPTO,HOLD,46.48720257238532,52.84999847412109,False
2025-12-09 16:30:09.835265,BTC-USD,CRYPTO,HOLD,53.44632445640757,93168.0234375,False
2025-12-11 08:00:09.101549,SPY,STOCK,HOLD,61.98888267723117,687.5700073242188,False
2025-12-11 08:00:09.101549,QQQ,STOCK,HOLD,61.031459545579416,627.6099853515625,False
2025-12-11 08:00:09.101549,IBIT,CRYPTO,HOLD,51.91655057333433,52.4900016784668,False
2025-12-11 08:00:09.101549,BTC-USD,CRYPTO,HOLD,46.26686678497332,90148.9453125,False
2025-12-11 16:30:09.150698,SPY,STOCK,HOLD,62.93237757207673,689.1699829101562,False
2025-12-11 16:30:09.150698,QQQ,STOCK,HOLD,61.05839407982166,625.5800170898438,False
2025-12-11 16:30:09.150698,IBIT,CRYPTO,HOLD,51.11067517241787,52.09999847412109,False
2025-12-11 16:30:09.150698,BTC-USD,CRYPTO,HOLD,49.84732194373984,92816.2265625,False
2025-12-12 08:00:07.222573,SPY,STOCK,HOLD,62.905279441230135,689.1699829101562,False
2025-12-12 08:00:07.222573,QQQ,STOCK,HOLD,61.01236813353488,625.5800170898438,False
2025-12-12 08:00:07.222573,IBIT,CRYPTO,HOLD,51.00705856398835,52.09999847412109,False
2025-12-12 08:00:07.222573,BTC-USD,CRYPTO,HOLD,51.50519772813874,92369.3125,False
2025-12-12 16:30:08.402955,SPY,STOCK,HOLD,58.08313478429404,681.760009765625,False
2025-12-12 16:30:08.402955,QQQ,STOCK,HOLD,54.52572452813798,613.6199951171875,False
2025-12-12 16:30:08.402955,IBIT,CRYPTO,HOLD,50.83045621225583,51.20000076293945,False
2025-12-12 16:30:08.402955,BTC-USD,CRYPTO,HOLD,48.77131170928631,90162.671875,False
2025-12-13 08:00:08.510034,SPY,STOCK,HOLD,58.06322837780078,681.760009765625,False
2025-12-13 08:00:08.510034,QQQ,STOCK,HOLD,54.53150131649986,613.6199951171875,False
2025-12-13 08:00:08.510034,IBIT,CRYPTO,HOLD,50.84323273748168,51.20000076293945,False
2025-12-13 08:00:08.510034,BTC-USD,CRYPTO,HOLD,49.873936145031365,90364.609375,False
2025-12-13 16:30:07.344413,SPY,STOCK,HOLD,58.0632283778008,681.760009765625,False
2025-12-13 16:30:07.344413,QQQ,STOCK,HOLD,54.74479232149087,613.6199951171875,False
2025-12-13 16:30:07.344413,IBIT,CRYPTO,HOLD,50.969169916106296,51.20000076293945,False
2025-12-13 16:30:07.344413,BTC-USD,CRYPTO,HOLD,49.31185883496117,89991.140625,False
2025-12-14 08:00:09.257471,SPY,STOCK,HOLD,58.06322837780079,681.760009765625,False
2025-12-14 08:00:09.257471,QQQ,STOCK,HOLD,54.74479232044414,613.6199951171875,False
2025-12-14 08:00:09.257471,IBIT,CRYPTO,HOLD,50.969169916106296,51.20000076293945,False
2025-12-14 08:00:09.257471,BTC-USD,CRYPTO,HOLD,47.7736287299206,89533.0078125,False
2025-12-14 16:30:07.145093,SPY,STOCK,HOLD,58.06322838925895,681.760009765625,False
2025-12-14 16:30:07.145093,QQQ,STOCK,HOLD,54.74479231989712,613.6199951171875,False
2025-12-14 16:30:07.145093,IBIT,CRYPTO,HOLD,50.969169916106296,51.20000076293945,False
2025-12-14 16:30:07.145093,BTC-USD,CRYPTO,HOLD,46.5953881081584,88605.75,False
2025-12-15 08:00:06.589882,SPY,STOCK,HOLD,,681.760009765625,False
2025-12-15 08:00:06.589882,QQQ,STOCK,HOLD,,613.6199951171875,False
2025-12-15 08:00:06.589882,IBIT,CRYPTO,HOLD,50.969169916106296,51.20000076293945,False
2025-12-15 08:00:06.589882,BTC-USD,CRYPTO,HOLD,53.2941746534604,89707.7578125,False
2025-12-15 16:30:12.587851,IBIT,CRYPTO,HOLD,42.30675891636714,48.65999984741211,False
2025-12-15 16:30:12.587851,BTC-USD,CRYPTO,HOLD,45.77444770292511,85991.0625,False
2025-12-16 08:00:07.095064,SPY,STOCK,HOLD,55.35702450207314,680.72998046875,False
2025-12-16 08:00:07.095064,QQQ,STOCK,HOLD,50.227694828515375,610.5399780273438,False
2025-12-16 08:00:07.095064,IBIT,CRYPTO,HOLD,42.45215415961883,48.65999984741211,False
2025-12-16 08:00:07.095064,BTC-USD,CRYPTO,HOLD,45.11713835581181,87216.046875,False
2025-12-16 16:30:07.169570,SPY,STOCK,HOLD,54.15242280345899,678.8699951171875,False
2025-12-16 16:30:07.169570,QQQ,STOCK,HOLD,50.66241873846632,611.75,False
2025-12-16 16:30:07.169570,IBIT,CRYPTO,HOLD,45.709689243454434,49.709999084472656,False
2025-12-16 16:30:07.169570,BTC-USD,CRYPTO,HOLD,45.49641044706059,87697.5234375,False
2025-12-17 08:00:07.246817,SPY,STOCK,HOLD,54.12546334290444,678.8699951171875,False
2025-12-17 08:00:07.246817,QQQ,STOCK,HOLD,50.678954105660914,611.75,False
2025-12-17 08:00:07.246817,IBIT,CRYPTO,HOLD,45.907264161827946,49.709999084472656,False
2025-12-17 08:00:07.246817,BTC-USD,CRYPTO,HOLD,45.78793763925294,87002.765625,False
2025-12-17 16:30:08.327831,SPY,STOCK,HOLD,42.93269017254993,671.4000244140625,False
2025-12-17 16:30:08.327831,QQQ,STOCK,SELL,39.59957279996669,600.4099731445312,True
2025-12-17 16:30:08.327831,IBIT,CRYPTO,HOLD,41.03660770380104,48.709999084472656,False
2025-12-17 16:30:08.327831,BTC-USD,CRYPTO,HOLD,43.12339181851439,85787.0,False
2025-12-18 08:00:09.736407,SPY,STOCK,HOLD,42.92615901221203,671.4000244140625,False
2025-12-18 08:00:09.736407,QQQ,STOCK,SELL,39.607518976651946,600.4099731445312,True
2025-12-18 08:00:09.736407,IBIT,CRYPTO,HOLD,41.17566271577015,48.709999084472656,False
2025-12-18 08:00:09.736407,BTC-USD,CRYPTO,HOLD,46.08855795610033,87181.578125,False
2025-12-18 16:30:07.361087,SPY,STOCK,HOLD,43.5123094464089,676.469970703125,False
2025-12-18 16:30:07.361087,QQQ,STOCK,HOLD,42.01297404207797,609.1099853515625,True
2025-12-18 16:30:07.361087,IBIT,CRYPTO,SELL,38.40451676402719,47.959999084472656,True
2025-12-18 16:30:07.361087,BTC-USD,CRYPTO,HOLD,42.69585785002495,85206.078125,False
2025-12-19 08:00:07.894669,SPY,STOCK,HOLD,43.60323550563722,676.469970703125,False
2025-12-19 08:00:07.894669,QQQ,STOCK,HOLD,42.10982861553447,609.1099853515625,True
2025-12-19 08:00:07.894669,IBIT,CRYPTO,SELL,38.62091133080381,47.959999084472656,True
2025-12-19 08:00:07.894669,BTC-USD,CRYPTO,HOLD,51.11427389488139,87907.0078125,False
2025-12-19 16:30:08.714112,SPY,STOCK,HOLD,56.45226011113326,680.5900268554688,False
2025-12-19 16:30:08.714112,QQQ,STOCK,HOLD,56.61159000357854,617.0499877929688,False
2025-12-19 16:30:08.714112,IBIT,CRYPTO,HOLD,47.41241255663398,49.90999984741211,True
2025-12-19 16:30:08.714112,BTC-USD,CRYPTO,HOLD,51.29125319850375,87960.21875,False
2025-12-20 08:00:08.497208,SPY,STOCK,HOLD,57.56903585648,680.5900268554688,False
2025-12-20 08:00:08.497208,QQQ,STOCK,HOLD,56.70283649039125,617.0499877929688,False
2025-12-20 08:00:08.497208,IBIT,CRYPTO,HOLD,47.419106809231664,49.90999984741211,True
2025-12-20 08:00:08.497208,BTC-USD,CRYPTO,HOLD,51.52850710847537,88207.6171875,False
2025-12-20 16:30:06.929314,SPY,STOCK,HOLD,57.569018820275645,680.5900268554688,False
2025-12-20 16:30:06.929314,QQQ,STOCK,HOLD,56.70283647994535,617.0499877929688,False
2025-12-20 16:30:06.929314,IBIT,CRYPTO,HOLD,47.41910680923167,49.90999984741211,True
2025-12-20 16:30:06.929314,BTC-USD,CRYPTO,HOLD,51.51742919852499,88279.5859375,False
2025-12-21 08:00:05.954115,SPY,STOCK,HOLD,57.271523195751584,680.5900268554688,False
2025-12-21 08:00:05.954115,QQQ,STOCK,HOLD,56.40534086586717,617.0499877929688,True
2025-12-21 08:00:05.954115,IBIT,CRYPTO,HOLD,47.419106809231664,49.90999984741211,True
2025-12-21 08:00:05.954115,BTC-USD,CRYPTO,HOLD,53.07341672270699,88514.1171875,False
2025-12-21 16:30:08.077581,SPY,STOCK,HOLD,57.271523195751584,680.5900268554688,False
2025-12-21 16:30:08.077581,QQQ,STOCK,HOLD,56.40534085542127,617.0499877929688,True
2025-12-21 16:30:08.077581,IBIT,CRYPTO,HOLD,47.41910680923167,49.90999984741211,True
2025-12-21 16:30:08.077581,BTC-USD,CRYPTO,HOLD,52.910768058145216,88340.546875,False
2025-12-22 08:00:08.340922,SPY,STOCK,HOLD,57.27152323890147,680.5900268554688,False
2025-12-22 08:00:08.340922,QQQ,STOCK,HOLD,56.40534085542128,617.0499877929688,True
2025-12-22 08:00:08.340922,IBIT,CRYPTO,HOLD,47.419106809231664,49.90999984741211,True
2025-12-22 08:00:08.340922,BTC-USD,CRYPTO,HOLD,52.9491130985039,90246.375,False
2025-12-22 16:30:08.970234,SPY,STOCK,BUY,62.68381211216128,684.8300170898438,True
2025-12-22 16:30:08.970234,QQQ,STOCK,BUY,60.770412621966656,619.2100219726562,True
2025-12-22 16:30:08.970234,IBIT,CRYPTO,HOLD,47.59011504312993,50.09000015258789,False
2025-12-22 16:30:08.970234,BTC-USD,CRYPTO,HOLD,52.82635389153828,88382.34375,False
2025-12-23 08:00:07.176279,SPY,STOCK,BUY,62.74037560786878,684.8300170898438,True
2025-12-23 08:00:07.176279,QQQ,STOCK,BUY,61.15393490313264,619.2100219726562,True
2025-12-23 08:00:07.176279,IBIT,CRYPTO,HOLD,47.74194624861772,50.09000015258789,False
2025-12-23 08:00:07.176279,BTC-USD,CRYPTO,HOLD,50.63987594412799,87802.4609375,False
2025-12-23 16:30:09.412645,SPY,STOCK,BUY,58.51019755499313,687.9600219726562,False
2025-12-23 16:30:09.412645,QQQ,STOCK,HOLD,55.58529090412184,622.1099853515625,True
2025-12-23 16:30:09.412645,IBIT,CRYPTO,HOLD,45.04941794364812,49.650001525878906,False
2025-12-23 16:30:09.412645,BTC-USD,CRYPTO,HOLD,50.692490403579214,87764.28125,False
2025-12-24 08:00:07.236294,SPY,STOCK,BUY,58.45815919178021,687.9600219726562,False
2025-12-24 08:00:07.236294,QQQ,STOCK,HOLD,55.522532633605294,622.1099853515625,True
2025-12-24 08:00:07.236294,IBIT,CRYPTO,HOLD,44.97664741554145,49.650001525878906,False
2025-12-24 08:00:07.236294,BTC-USD,CRYPTO,HOLD,52.11157047880953,87420.4609375,False
2025-12-24 16:30:09.235173,SPY,STOCK,BUY,60.13187030623509,690.3800048828125,False
2025-12-24 16:30:09.235173,QQQ,STOCK,HOLD,57.764274461376985,623.9299926757812,False
2025-12-24 16:30:09.235173,IBIT,CRYPTO,HOLD,48.54667008029378,49.459999084472656,False
2025-12-24 16:30:09.235173,BTC-USD,CRYPTO,HOLD,52.44860027614786,87623.6796875,False
2025-12-25 08:00:07.462915,SPY,STOCK,BUY,60.13076204158836,690.3800048828125,False
2025-12-25 08:00:07.462915,QQQ,STOCK,HOLD,57.76620718093533,623.9299926757812,False
2025-12-25 08:00:07.462915,IBIT,CRYPTO,HOLD,48.55269943857316,49.459999084472656,False
2025-12-25 08:00:07.462915,BTC-USD,CRYPTO,HOLD,53.72408044517835,87498.1484375,False
2025-12-25 16:30:08.927129,SPY,STOCK,BUY,60.13076347041169,690.3800048828125,False
2025-12-25 16:30:08.927129,QQQ,STOCK,HOLD,57.76620714472169,623.9299926757812,False
2025-12-25 16:30:08.927129,IBIT,CRYPTO,HOLD,48.55269943857316,49.459999084472656,False
2025-12-25 16:30:08.927129,BTC-USD,CRYPTO,HOLD,54.480469286554,87900.6796875,False
2025-12-26 08:00:07.364878,SPY,STOCK,BUY,60.13076200524391,690.3800048828125,False
2025-12-26 08:00:07.364878,QQQ,STOCK,HOLD,57.76620578671759,623.9299926757812,False
2025-12-26 08:00:07.364878,IBIT,CRYPTO,HOLD,48.55269943857316,49.459999084472656,False
2025-12-26 08:00:07.364878,BTC-USD,CRYPTO,HOLD,54.99998262221632,88633.21875,False
2025-12-26 16:30:08.865959,SPY,STOCK,BUY,58.60294217253866,690.3099975585938,False
2025-12-26 16:30:08.865959,QQQ,STOCK,HOLD,55.81728418420467,623.8900146484375,False
2025-12-26 16:30:08.865959,IBIT,CRYPTO,HOLD,49.66686152272993,49.61000061035156,False
2025-12-26 16:30:08.865959,BTC-USD,CRYPTO,HOLD,52.24198690762194,87495.9140625,False
2025-12-27 08:00:09.018304,SPY,STOCK,BUY,58.577463745948286,690.3099975585938,False
2025-12-27 08:00:09.018304,QQQ,STOCK,HOLD,55.79201721584038,623.8900146484375,False
2025-12-27 08:00:09.018304,IBIT,CRYPTO,HOLD,49.61485203301478,49.61000061035156,False
2025-12-27 08:00:09.018304,BTC-USD,CRYPTO,HOLD,51.78674166840549,87420.6171875,False
2025-12-27 16:30:07.086603,SPY,STOCK,BUY,58.57746647154424,690.3099975585938,False
2025-12-27 16:30:07.086603,QQQ,STOCK,HOLD,55.7920229905846,623.8900146484375,False
2025-12-27 16:30:07.086603,IBIT,CRYPTO,HOLD,49.61485203301478,49.61000061035156,False
2025-12-27 16:30:07.086603,BTC-USD,CRYPTO,HOLD,52.13715123852691,87574.765625,False
2025-12-28 08:00:05.675420,SPY,STOCK,BUY,58.57745935945483,690.3099975585938,False
2025-12-28 08:00:05.675420,QQQ,STOCK,HOLD,55.7920243354695,623.8900146484375,False
2025-12-28 08:00:05.675420,IBIT,CRYPTO,HOLD,49.61485203301477,49.61000061035156,False
2025-12-28 08:00:05.675420,BTC-USD,CRYPTO,HOLD,53.91249954559899,87792.921875,False
2025-12-28 16:30:07.031856,SPY,STOCK,BUY,58.57743797991834,690.3099975585938,False
2025-12-28 16:30:07.031856,QQQ,STOCK,HOLD,55.79201716862615,623.8900146484375,False
2025-12-28 16:30:07.031856,IBIT,CRYPTO,HOLD,49.61485203301478,49.61000061035156,False
2025-12-28 16:30:07.031856,BTC-USD,CRYPTO,HOLD,53.361769270786326,87470.46875,False
2025-12-29 08:00:07.258611,SPY,STOCK,BUY,58.57745797220524,690.3099975585938,False
2025-12-29 08:00:07.258611,QQQ,STOCK,HOLD,55.79201003806521,623.8900146484375,False
2025-12-29 08:00:07.258611,IBIT,CRYPTO,HOLD,49.61485203301478,49.61000061035156,False
2025-12-29 08:00:07.258611,BTC-USD,CRYPTO,HOLD,53.6912433375593,87240.109375,False
2025-12-29 16:30:10.351016,SPY,STOCK,HOLD,55.12543847482679,687.8499755859375,True
2025-12-29 16:30:10.351016,QQQ,STOCK,HOLD,52.05905535750736,620.8699951171875,False
2025-12-29 16:30:10.351016,IBIT,CRYPTO,HOLD,48.425141266242825,49.380001068115234,False
2025-12-29 16:30:10.351016,BTC-USD,CRYPTO,HOLD,53.56684913932628,87193.1640625,False
2025-12-30 08:00:06.245433,SPY,STOCK,HOLD,55.1180823275889,687.8499755859375,True
2025-12-30 08:00:06.245433,QQQ,STOCK,HOLD,52.05319436423505,620.8699951171875,False
2025-12-30 08:00:06.245433,IBIT,CRYPTO,HOLD,48.47460486376835,49.380001068115234,False
2025-12-30 08:00:06.245433,BTC-USD,CRYPTO,HOLD,55.75856115089268,87888.2421875,False
2025-12-30 16:30:07.248085,SPY,STOCK,HOLD,53.93889109359721,687.010009765625,False
2025-12-30 16:30:07.248085,QQQ,STOCK,HOLD,50.67356971024507,619.4299926757812,False
2025-12-30 16:30:07.248085,IBIT,CRYPTO,HOLD,49.54271609110103,49.83000183105469,False
2025-12-30 16:30:07.248085,BTC-USD,CRYPTO,HOLD,49.24860171864299,88063.7890625,False
2025-12-31 08:00:06.158133,SPY,STOCK,HOLD,53.95975126938579,687.010009765625,False
2025-12-31 08:00:06.158133,QQQ,STOCK,HOLD,50.69698771653714,619.4299926757812,False
2025-12-31 08:00:06.158133,IBIT,CRYPTO,HOLD,49.6772337315216,49.83000183105469,False
2025-12-31 08:00:06.158133,BTC-USD,CRYPTO,HOLD,53.69014925280806,88658.2421875,False
2025-12-31 16:30:06.833499,SPY,STOCK,HOLD,44.33827390289276,681.8599853515625,False
2025-12-31 16:30:06.833499,QQQ,STOCK,SELL,41.86039128453027,614.3099975585938,True
2025-12-31 16:30:06.833499,IBIT,CRYPTO,HOLD,47.04598716232493,49.650001525878906,False
2025-12-31 16:30:06.833499,BTC-USD,CRYPTO,BUY,57.91235698083872,87605.78125,True
2026-01-01 08:00:06.233900,SPY,STOCK,HOLD,44.36296261560088,681.9199829101562,False
2026-01-01 08:00:06.233900,QQQ,STOCK,SELL,41.84885811707739,614.3099975585938,True
2026-01-01 08:00:06.233900,IBIT,CRYPTO,HOLD,46.95567879862071,49.650001525878906,False
2026-01-01 08:00:06.233900,BTC-USD,CRYPTO,HOLD,54.44559624717933,87845.6328125,True
2026-01-01 16:30:09.110625,SPY,STOCK,HOLD,44.36265099783651,681.9199829101562,False
2026-01-01 16:30:09.110625,QQQ,STOCK,SELL,41.84858250415378,614.3099975585938,True
2026-01-01 16:30:09.110625,IBIT,CRYPTO,HOLD,46.955590527175474,49.650001525878906,False
2026-01-01 16:30:09.110625,BTC-USD,CRYPTO,BUY,55.081185319980776,88271.40625,False
2026-01-02 08:00:06.895210,SPY,STOCK,HOLD,44.3626670630571,681.9199829101562,False
2026-01-02 08:00:06.895210,QQQ,STOCK,SELL,41.84858250415379,614.3099975585938,True
2026-01-02 08:00:06.895210,IBIT,CRYPTO,HOLD,46.955590527175474,49.650001525878906,False
2026-01-02 08:00:06.895210,BTC-USD,CRYPTO,HOLD,53.34220773852039,89318.765625,True
2026-01-02 16:30:07.283132,SPY,STOCK,HOLD,45.26144130736329,683.1699829101562,False
2026-01-02 16:30:07.283132,QQQ,STOCK,HOLD,42.181332437900345,613.1199951171875,True
2026-01-02 16:30:07.283132,IBIT,CRYPTO,HOLD,50.06797537150473,50.93999862670898,False
2026-01-02 16:30:07.283132,BTC-USD,CRYPTO,BUY,59.50977303789556,89950.8828125,False
2026-01-03 08:00:08.565384,SPY,STOCK,HOLD,45.26894209266282,683.1699829101562,False
2026-01-03 08:00:08.565384,QQQ,STOCK,HOLD,42.17982118557004,613.1199951171875,True
2026-01-03 08:00:08.565384,IBIT,CRYPTO,HOLD,50.09250762844031,50.93999862670898,False
2026-01-03 08:00:08.565384,BTC-USD,CRYPTO,BUY,58.69234317028463,89913.2734375,False
2026-01-03 16:30:06.669558,SPY,STOCK,HOLD,45.268950879457606,683.1699829101562,False
2026-01-03 16:30:06.669558,QQQ,STOCK,HOLD,42.1798282536626,613.1199951171875,True
2026-01-03 16:30:06.669558,IBIT,CRYPTO,HOLD,50.09250762844031,50.93999862670898,False
2026-01-03 16:30:06.669558,BTC-USD,CRYPTO,BUY,59.84856223440172,90392.09375,False
2026-01-04 08:00:07.753845,SPY,STOCK,HOLD,45.26894548546425,683.1699829101562,False
2026-01-04 08:00:07.753845,QQQ,STOCK,HOLD,42.17982459204,613.1199951171875,True
2026-01-04 08:00:07.753845,IBIT,CRYPTO,HOLD,50.09250762844032,50.93999862670898,False
2026-01-04 08:00:07.753845,BTC-USD,CRYPTO,BUY,61.40445436914362,91095.125,False
2026-01-04 16:30:07.519992,SPY,STOCK,HOLD,45.26895083974745,683.1699829101562,False
2026-01-04 16:30:07.519992,QQQ,STOCK,HOLD,42.1798215749207,613.1199951171875,True
2026-01-04 16:30:07.519992,IBIT,CRYPTO,HOLD,50.09250762844031,50.93999862670898,False
2026-01-04 16:30:07.519992,BTC-USD,CRYPTO,BUY,61.870742930112144,91287.234375,False
2026-01-05 08:00:06.645824,SPY,STOCK,HOLD,45.26895086678287,683.1699829101562,False
2026-01-05 08:00:06.645824,QQQ,STOCK,HOLD,42.17982482410376,613.1199951171875,True
2026-01-05 08:00:06.645824,IBIT,CRYPTO,HOLD,,,False
2026-01-05 08:00:06.645824,BTC-USD,CRYPTO,BUY,65.67338603060789,92797.2890625,False
2026-01-05 16:30:07.367398,SPY,STOCK,HOLD,53.19421823225238,687.719970703125,False
2026-01-05 16:30:07.367398,QQQ,STOCK,HOLD,49.91889264036077,617.989990234375,False
2026-01-05 16:30:07.367398,IBIT,CRYPTO,BUY,59.77482109224281,53.459999084472656,True
2026-01-05 16:30:07.367398,BTC-USD,CRYPTO,BUY,68.28580479279479,93949.328125,False
2026-01-06 08:00:07.341936,SPY,STOCK,HOLD,53.18799526351896,687.719970703125,False
2026-01-06 08:00:07.341936,QQQ,STOCK,HOLD,49.923876210486775,617.989990234375,False
2026-01-06 08:00:07.341936,IBIT,CRYPTO,BUY,59.68216473393018,53.459999084472656,True
2026-01-06 08:00:07.341936,BTC-USD,CRYPTO,BUY,70.78130488316549,93847.7578125,False
2026-01-06 16:30:09.230141,SPY,STOCK,HOLD,51.1152269930657,691.8099975585938,False
2026-01-06 16:30:09.230141,QQQ,STOCK,HOLD,48.16939217480688,623.4199829101562,False
2026-01-06 16:30:09.230141,IBIT,CRYPTO,BUY,63.538863481058506,52.45000076293945,False
2026-01-06 16:30:09.230141,BTC-USD,CRYPTO,BUY,69.89755762577819,93457.28125,False
2026-01-07 08:00:06.774427,SPY,STOCK,HOLD,51.20329048365744,691.8099975585938,False
2026-01-07 08:00:06.774427,QQQ,STOCK,HOLD,48.23840988152803,623.4199829101562,False
2026-01-07 08:00:06.774427,IBIT,CRYPTO,BUY,63.64309145804947,52.45000076293945,False
2026-01-07 08:00:06.774427,BTC-USD,CRYPTO,BUY,64.8544406917755,91927.25,False
2026-01-07 16:30:09.241567,SPY,STOCK,HOLD,57.49135060244536,689.5800170898438,False
2026-01-07 16:30:09.241567,QQQ,STOCK,HOLD,55.721837949365664,624.02001953125,False
2026-01-07 16:30:09.241567,IBIT,CRYPTO,BUY,58.2230239393409,51.540000915527344,False
2026-01-07 16:30:09.241567,BTC-USD,CRYPTO,BUY,62.44128336463719,91086.609375,False
2026-01-08 08:00:07.017249,SPY,STOCK,HOLD,57.51490609406832,689.5800170898438,False
2026-01-08 08:00:07.017249,QQQ,STOCK,HOLD,55.75646493103596,624.02001953125,False
2026-01-08 08:00:07.017249,IBIT,CRYPTO,BUY,58.45985423714408,51.540000915527344,False
2026-01-08 08:00:07.017249,BTC-USD,CRYPTO,BUY,58.63673834244498,89865.46875,False
2026-01-08 16:30:11.040893,SPY,STOCK,HOLD,51.921340350246446,689.510009765625,False
2026-01-08 16:30:11.040893,QQQ,STOCK,HOLD,48.42058731668306,620.469970703125,False
2026-01-08 16:30:11.040893,IBIT,CRYPTO,BUY,59.7725591588277,51.52000045776367,False
2026-01-08 16:30:11.040893,BTC-USD,CRYPTO,BUY,61.12490729326908,91040.640625,False
2026-01-10 16:30:07.950490,SPY,STOCK,HOLD,56.54136389018184,694.0700073242188,False
2026-01-10 16:30:07.950490,QQQ,STOCK,HOLD,54.084330262218245,626.6500244140625,False
2026-01-10 16:30:07.950490,IBIT,CRYPTO,BUY,58.83079843349071,51.15999984741211,False
2026-01-10 16:30:07.950490,BTC-USD,CRYPTO,BUY,58.67951822762079,90454.9609375,False
2026-01-11 08:00:05.351012,SPY,STOCK,HOLD,56.54135979392589,694.0700073242188,False
2026-01-11 08:00:05.351012,QQQ,STOCK,HOLD,54.0843233689844,626.6500244140625,False
2026-01-11 08:00:05.351012,IBIT,CRYPTO,BUY,58.83079843349071,51.15999984741211,False
2026-01-11 08:00:05.351012,BTC-USD,CRYPTO,BUY,58.34485162780977,90842.7421875,False
2026-01-12 16:30:08.279623,SPY,STOCK,HOLD,55.09503764458506,695.1599731445312,False
2026-01-12 16:30:08.279623,QQQ,STOCK,HOLD,52.76897276787224,627.1699829101562,False
2026-01-12 16:30:08.279623,IBIT,CRYPTO,BUY,58.11013452533428,51.869998931884766,False
2026-01-12 16:30:08.279623,BTC-USD,CRYPTO,BUY,57.01764438935658,91316.9921875,False
2026-01-13 08:00:06.546858,SPY,STOCK,HOLD,55.08178608756715,695.1599731445312,False
2026-01-13 08:00:06.546858,QQQ,STOCK,HOLD,52.75172368658313,627.1699829101562,False
2026-01-13 08:00:06.546858,IBIT,CRYPTO,BUY,58.04842813977331,51.869998931884766,False
2026-01-13 08:00:06.546858,BTC-USD,CRYPTO,BUY,57.65441526468123,91980.859375,False
2026-01-13 16:30:07.404582,SPY,STOCK,HOLD,53.44723882805142,693.8699951171875,False
2026-01-13 16:30:07.404582,QQQ,STOCK,HOLD,52.07330212084225,626.239990234375,False
2026-01-13 16:30:07.404582,IBIT,CRYPTO,BUY,63.44596698247217,53.56999969482422,False
2026-01-13 16:30:07.404582,BTC-USD,CRYPTO,BUY,60.815811266447824,94334.125,False
2026-01-14 08:00:07.662457,SPY,STOCK,HOLD,53.372298449421024,693.77001953125,False
2026-01-14 08:00:07.662457,QQQ,STOCK,HOLD,52.10893609675875,626.239990234375,False
2026-01-14 08:00:07.662457,IBIT,CRYPTO,BUY,64.51085557201718,53.56999969482422,False
2026-01-14 08:00:07.662457,BTC-USD,CRYPTO,BUY,64.11518054257513,95029.65625,False
2026-01-14 16:30:08.801008,SPY,STOCK,HOLD,45.56242354120331,690.3599853515625,False
2026-01-14 16:30:08.801008,QQQ,STOCK,HOLD,42.75439728879096,619.5499877929688,False
2026-01-14 16:30:08.801008,IBIT,CRYPTO,BUY,67.60863611339644,55.43999862670898,False
2026-01-14 16:30:08.801008,BTC-USD,CRYPTO,BUY,68.33609202347917,97558.9765625,False
2026-01-15 08:00:06.972882,SPY,STOCK,HOLD,45.4963429193181,690.3599853515625,False
2026-01-15 08:00:06.972882,QQQ,STOCK,HOLD,42.6973117662092,619.5499877929688,False
2026-01-15 08:00:06.972882,IBIT,CRYPTO,BUY,67.44057753528297,55.43999862670898,False
2026-01-15 08:00:06.972882,BTC-USD,CRYPTO,BUY,66.08782113134671,96913.8828125,False
2026-01-15 16:30:08.648615,SPY,STOCK,HOLD,47.30137867422792,692.0150146484375,False
2026-01-15 16:30:08.648615,QQQ,STOCK,HOLD,44.75504964972031,621.780029296875,False
2026-01-15 16:30:08.648615,IBIT,CRYPTO,BUY,63.25905207384989,54.0,False
2026-01-15 16:30:08.648615,BTC-USD,CRYPTO,BUY,61.90008105217475,95390.046875,False
2026-01-16 08:00:06.442788,SPY,STOCK,HOLD,47.50744352282211,692.239990234375,False
2026-01-16 08:00:06.442788,QQQ,STOCK,HOLD,44.78978384911096,621.780029296875,False
2026-01-16 08:00:06.442788,IBIT,CRYPTO,BUY,63.42689368856991,54.0,False
2026-01-16 08:00:06.442788,BTC-USD,CRYPTO,BUY,60.78703821227155,95397.859375,False
2026-01-16 16:30:07.267414,SPY,STOCK,HOLD,49.28313128129907,691.719970703125,False
2026-01-16 16:30:07.267414,QQQ,STOCK,HOLD,46.80242326196643,621.260009765625,False
2026-01-16 16:30:07.267414,IBIT,CRYPTO,BUY,64.48717255050305,54.2400016784668,False
2026-01-16 16:30:07.267414,BTC-USD,CRYPTO,BUY,60.65959839040088,95377.53125,False
2026-01-17 08:00:08.412823,SPY,STOCK,HOLD,49.24056277981863,691.6599731445312,False
2026-01-17 08:00:08.412823,QQQ,STOCK,HOLD,46.817932776125424,621.260009765625,False
2026-01-17 08:00:08.412823,IBIT,CRYPTO,BUY,64.53249568046056,54.2400016784668,False
2026-01-17 08:00:08.412823,BTC-USD,CRYPTO,BUY,60.31043226405771,95199.9921875,False
2026-01-17 16:30:07.989415,SPY,STOCK,HOLD,49.24057396466856,691.6599731445312,False
2026-01-17 16:30:07.989415,QQQ,STOCK,HOLD,46.817935220273306,621.260009765625,False
2026-01-17 16:30:07.989415,IBIT,CRYPTO,BUY,64.53249568046056,54.2400016784668,False
2026-01-17 16:30:07.989415,BTC-USD,CRYPTO,BUY,60.663824271882206,95334.84375,False
2026-01-18 08:00:06.595068,SPY,STOCK,HOLD,49.240562787873394,691.6599731445312,False
2026-01-18 08:00:06.595068,QQQ,STOCK,HOLD,46.817937890638845,621.260009765625,False
2026-01-18 08:00:06.595068,IBIT,CRYPTO,BUY,64.53249568046056,54.2400016784668,False
2026-01-18 08:00:06.595068,BTC-USD,CRYPTO,BUY,58.75754748627093,95051.484375,False
2026-01-18 16:30:07.730401,SPY,STOCK,HOLD,49.24057663836507,691.6599731445312,False
2026-01-18 16:30:07.730401,QQQ,STOCK,HOLD,46.817935220273306,621.260009765625,False
2026-01-18 16:30:07.730401,IBIT,CRYPTO,BUY,64.53249568046056,54.2400016784668,False
2026-01-18 16:30:07.730401,BTC-USD,CRYPTO,BUY,59.16543957356359,95288.1015625,False
2026-01-19 08:00:06.753194,SPY,STOCK,HOLD,49.24057663836506,691.6599731445312,False
2026-01-19 08:00:06.753194,QQQ,STOCK,HOLD,46.817935220273306,621.260009765625,False
2026-01-19 08:00:06.753194,IBIT,CRYPTO,BUY,64.53249568046056,54.2400016784668,False
2026-01-19 08:00:06.753194,BTC-USD,CRYPTO,HOLD,52.83403916188067,92974.1796875,True
2026-01-20 08:00:07.071492,SPY,STOCK,HOLD,49.240557541090304,691.6599731445312,False
2026-01-20 08:00:07.071492,QQQ,STOCK,HOLD,46.817935220273306,621.260009765625,False
2026-01-20 08:00:07.071492,IBIT,CRYPTO,BUY,64.53249568046056,54.2400016784668,False
2026-01-20 08:00:07.071492,BTC-USD,CRYPTO,HOLD,47.521191867447534,91173.234375,False
2026-01-20 16:30:09.168035,SPY,STOCK,SELL,33.63896981047812,677.5800170898438,True
2026-01-20 16:30:09.168035,QQQ,STOCK,SELL,33.10428644625785,608.0599975585938,True
2026-01-20 16:30:09.168035,IBIT,CRYPTO,HOLD,47.94058264903747,50.7599983215332,True
2026-01-20 16:30:09.168035,BTC-USD,CRYPTO,HOLD,40.9543559331452,89539.6875,False
2026-01-21 08:00:07.743897,SPY,STOCK,SELL,33.515545027227446,677.5800170898438,True
2026-01-21 08:00:07.743897,QQQ,STOCK,SELL,33.03047969651577,608.0599975585938,True
2026-01-21 08:00:07.743897,IBIT,CRYPTO,HOLD,47.26362256432965,50.7599983215332,True
2026-01-21 08:00:07.743897,BTC-USD,CRYPTO,SELL,38.05271966968181,88645.90625,False
2026-01-21 16:30:10.606992,SPY,STOCK,SELL,38.43682091619944,685.4000244140625,False
2026-01-21 16:30:10.606992,QQQ,STOCK,SELL,37.45175116422266,616.280029296875,False
2026-01-21 16:30:10.606992,IBIT,CRYPTO,HOLD,48.60720645900837,51.11000061035156,False
2026-01-21 16:30:10.606992,BTC-USD,CRYPTO,HOLD,41.11536312096891,90000.546875,True
2026-01-22 08:00:06.789634,SPY,STOCK,SELL,38.36635432807468,685.4000244140625,False
2026-01-22 08:00:06.789634,QQQ,STOCK,SELL,37.30663983413676,616.280029296875,False
2026-01-22 08:00:06.789634,IBIT,CRYPTO,HOLD,48.07142346909287,51.11000061035156,False
2026-01-22 08:00:06.789634,BTC-USD,CRYPTO,HOLD,40.87670196264544,89916.3515625,True
2026-01-22 16:30:07.132212,SPY,STOCK,HOLD,44.48218595218631,688.97998046875,True
2026-01-22 16:30:07.132212,QQQ,STOCK,HOLD,44.00724667048266,620.760009765625,True
2026-01-22 16:30:07.132212,IBIT,CRYPTO,HOLD,47.99954800069069,50.66999816894531,False
2026-01-22 16:30:07.132212,BTC-USD,CRYPTO,SELL,39.8028945702913,89502.6171875,False
2026-01-23 08:00:10.177965,SPY,STOCK,HOLD,44.47571854263178,688.97998046875,True
2026-01-23 08:00:10.177965,QQQ,STOCK,HOLD,44.00096224935797,620.760009765625,True
2026-01-23 08:00:10.177965,IBIT,CRYPTO,HOLD,48.02932491485651,50.66999816894531,False
2026-01-23 08:00:10.177965,BTC-USD,CRYPTO,HOLD,40.27629838049019,89183.8046875,True
2026-01-23 16:30:07.155118,SPY,STOCK,HOLD,46.41433113415045,689.1300048828125,False
2026-01-23 16:30:07.155118,QQQ,STOCK,HOLD,47.27119740815998,622.719970703125,False
2026-01-23 16:30:07.155118,IBIT,CRYPTO,HOLD,46.114177270258125,50.70000076293945,False
2026-01-23 16:30:07.155118,BTC-USD,CRYPTO,HOLD,40.870943743002485,89561.796875,True
2026-01-24 08:00:08.674157,SPY,STOCK,HOLD,46.47523033473125,689.22998046875,False
2026-01-24 08:00:08.674157,QQQ,STOCK,HOLD,47.26016930368738,622.719970703125,False
2026-01-24 08:00:08.674157,IBIT,CRYPTO,HOLD,46.16692732189885,50.70000076293945,False
2026-01-24 08:00:08.674157,BTC-USD,CRYPTO,HOLD,41.34172840761429,89392.75,False
2026-01-24 16:30:05.466604,SPY,STOCK,HOLD,46.475238629539874,689.22998046875,False
2026-01-24 16:30:05.466604,QQQ,STOCK,HOLD,47.260177609443,622.719970703125,False
2026-01-24 16:30:05.466604,IBIT,CRYPTO,HOLD,46.16692732189884,50.70000076293945,False
2026-01-24 16:30:05.466604,BTC-USD,CRYPTO,HOLD,41.071136289329225,89184.3671875,False
2026-01-25 08:00:08.132698,SPY,STOCK,HOLD,46.47525790319373,689.22998046875,False
2026-01-25 08:00:08.132698,QQQ,STOCK,HOLD,47.260185546363225,622.719970703125,False
2026-01-25 08:00:08.132698,IBIT,CRYPTO,HOLD,46.16692732189884,50.70000076293945,False
2026-01-25 08:00:08.132698,BTC-USD,CRYPTO,HOLD,41.0793586001622,88646.2265625,False
2026-01-25 16:30:05.218777,SPY,STOCK,HOLD,46.47524960440087,689.22998046875,False
2026-01-25 16:30:05.218777,QQQ,STOCK,HOLD,47.26017722610845,622.719970703125,False
2026-01-25 16:30:05.218777,IBIT,CRYPTO,HOLD,46.16692732189885,50.70000076293945,False
2026-01-25 16:30:05.218777,BTC-USD,CRYPTO,SELL,36.573368357723794,86804.609375,True
2026-01-26 08:00:06.538508,SPY,STOCK,HOLD,46.47523033473126,689.22998046875,False
2026-01-26 08:00:06.538508,QQQ,STOCK,HOLD,47.26017760944299,622.719970703125,False
2026-01-26 08:00:06.538508,IBIT,CRYPTO,HOLD,46.16692732189883,50.70000076293945,False
2026-01-26 08:00:06.538508,BTC-USD,CRYPTO,SELL,38.5158855974749,87707.484375,False
2026-01-26 16:30:07.926369,SPY,STOCK,HOLD,43.72665922179839,692.72998046875,False
2026-01-26 16:30:07.926369,QQQ,STOCK,HOLD,44.15109566444652,625.4600219726562,False
2026-01-26 16:30:07.926369,IBIT,CRYPTO,SELL,38.88369658732574,49.650001525878906,True
2026-01-26 16:30:07.926369,BTC-USD,CRYPTO,SELL,38.73187320961129,87793.40625,False
2026-01-27 08:00:06.914213,SPY,STOCK,HOLD,43.86148203703225,692.72998046875,False
2026-01-27 08:00:06.914213,QQQ,STOCK,HOLD,44.2596057932904,625.4600219726562,False
2026-01-27 08:00:06.914213,IBIT,CRYPTO,SELL,39.12153159012593,49.650001525878906,True
2026-01-27 08:00:06.914213,BTC-USD,CRYPTO,HOLD,40.47457597572736,87829.5546875,True
2026-01-27 16:30:09.468949,SPY,STOCK,HOLD,48.693451282891445,695.489990234375,False
2026-01-27 16:30:09.468949,QQQ,STOCK,HOLD,49.91675554139093,631.1300048828125,False
2026-01-27 16:30:09.468949,IBIT,CRYPTO,HOLD,44.3444782931597,50.630001068115234,True
2026-01-27 16:30:09.468949,BTC-USD,CRYPTO,HOLD,43.24933908800392,89176.4296875,True
2026-01-28 08:00:08.629727,SPY,STOCK,HOLD,48.69368756265581,695.489990234375,False
2026-01-28 08:00:08.629727,QQQ,STOCK,HOLD,49.92024250028844,631.1300048828125,False
2026-01-28 08:00:08.629727,IBIT,CRYPTO,HOLD,44.43917033904401,50.630001068115234,True
2026-01-28 08:00:08.629727,BTC-USD,CRYPTO,HOLD,43.16526878160955,89886.8828125,False
2026-01-28 16:30:11.399590,SPY,STOCK,HOLD,49.390568597774674,695.4199829101562,False
2026-01-28 16:30:11.399590,QQQ,STOCK,HOLD,51.33556158016589,633.219970703125,False
2026-01-28 16:30:11.399590,IBIT,CRYPTO,HOLD,45.52371821227835,50.5099983215332,False
2026-01-28 16:30:11.399590,BTC-USD,CRYPTO,HOLD,41.80268843217231,89061.7109375,False
2026-01-29 08:00:06.712852,SPY,STOCK,HOLD,49.41569114396504,695.4199829101562,False
2026-01-29 08:00:06.712852,QQQ,STOCK,HOLD,51.37131067748696,633.219970703125,False
2026-01-29 08:00:06.712852,IBIT,CRYPTO,HOLD,45.47139697046371,50.5099983215332,False
2026-01-29 08:00:06.712852,BTC-USD,CRYPTO,HOLD,40.35491037231152,87922.6484375,False
2026-01-29 16:30:10.045696,SPY,STOCK,HOLD,46.37826797663112,694.0399780273438,False
2026-01-29 16:30:10.045696,QQQ,STOCK,HOLD,47.79062446373596,629.4299926757812,False
2026-01-29 16:30:10.045696,IBIT,CRYPTO,SELL,36.4522366983526,47.59999847412109,True
2026-01-29 16:30:10.045696,BTC-USD,CRYPTO,SELL,31.01535761085536,84155.5390625,True
2026-01-30 08:00:06.365870,SPY,STOCK,HOLD,46.47446320660571,694.0399780273438,False
2026-01-30 08:00:06.365870,QQQ,STOCK,HOLD,47.8728255182952,629.4299926757812,False
2026-01-30 08:00:06.365870,IBIT,CRYPTO,SELL,36.55687482372347,47.59999847412109,True
2026-01-30 08:00:06.365870,BTC-USD,CRYPTO,SELL,28.425339298064586,82613.9296875,False
2026-01-30 16:30:09.431081,SPY,STOCK,SELL,37.51786635297263,691.9199829101562,True
2026-01-30 16:30:09.431081,QQQ,STOCK,SELL,36.28904883804768,621.8699951171875,True
2026-01-30 16:30:09.431081,IBIT,CRYPTO,SELL,34.99775039212375,47.4900016784668,False
2026-01-30 16:30:09.431081,BTC-USD,CRYPTO,SELL,30.24488867210909,84144.4609375,False
2026-01-31 08:00:08.762327,SPY,STOCK,SELL,37.19996429513674,691.969970703125,True
2026-01-31 08:00:08.762327,QQQ,STOCK,SELL,35.95116053611433,621.8699951171875,True
2026-01-31 08:00:08.762327,IBIT,CRYPTO,SELL,35.01891274787872,47.4900016784668,False
2026-01-31 08:00:08.762327,BTC-USD,CRYPTO,SELL,28.34506861636075,82656.8359375,False
2026-01-31 16:30:09.106199,SPY,STOCK,SELL,37.19997016547341,691.969970703125,True
2026-01-31 16:30:09.106199,QQQ,STOCK,SELL,35.95116640645103,621.8699951171875,True
2026-01-31 16:30:09.106199,IBIT,CRYPTO,SELL,35.01891274787873,47.4900016784668,False
2026-01-31 16:30:09.106199,BTC-USD,CRYPTO,SELL,17.75791524232889,77794.078125,False
2026-02-01 08:00:05.981534,SPY,STOCK,SELL,37.19997014492126,691.969970703125,True
2026-02-01 08:00:05.981534,QQQ,STOCK,SELL,35.95116641750095,621.8699951171875,True
2026-02-01 08:00:05.981534,IBIT,CRYPTO,SELL,35.01891274787872,47.4900016784668,False
2026-02-01 08:00:05.981534,BTC-USD,CRYPTO,SELL,20.7767654012124,78367.4609375,False
2026-02-01 16:30:07.490266,SPY,STOCK,SELL,37.19996427458457,691.969970703125,True
2026-02-01 16:30:07.490266,QQQ,STOCK,SELL,35.95116640645103,621.8699951171875,True
2026-02-01 16:30:07.490266,IBIT,CRYPTO,SELL,35.01891274787872,47.4900016784668,False
2026-02-01 16:30:07.490266,BTC-USD,CRYPTO,SELL,18.40644895900165,76855.0234375,False
2026-02-02 08:00:06.034375,SPY,STOCK,SELL,37.498654299911934,691.969970703125,True
2026-02-02 08:00:06.034375,QQQ,STOCK,SELL,36.249863858476026,621.8699951171875,True
2026-02-02 08:00:06.034375,IBIT,CRYPTO,SELL,35.01891274787872,47.4900016784668,False
2026-02-02 08:00:06.034375,BTC-USD,CRYPTO,SELL,21.88735701265345,77900.78125,False
2026-02-02 16:30:09.645493,SPY,STOCK,SELL,39.25857669164181,695.4099731445312,False
2026-02-02 16:30:09.645493,QQQ,STOCK,SELL,38.71372760311163,626.1400146484375,False
2026-02-02 16:30:09.645493,IBIT,CRYPTO,SELL,21.385883085881424,44.220001220703125,False
2026-02-02 16:30:09.645493,BTC-USD,CRYPTO,SELL,22.47971043523778,78154.6171875,False
2026-02-03 08:00:07.708915,SPY,STOCK,SELL,38.9645291126168,695.4099731445312,False
2026-02-03 08:00:07.708915,QQQ,STOCK,SELL,38.4098615701781,626.1400146484375,False
2026-02-03 08:00:07.708915,IBIT,CRYPTO,SELL,21.382821820834145,44.220001220703125,False
2026-02-03 08:00:07.708915,BTC-USD,CRYPTO,SELL,26.08816833197889,78307.03125,False
2026-02-03 16:30:08.322106,SPY,STOCK,SELL,35.96667088317538,689.4400024414062,False
2026-02-03 16:30:08.322106,QQQ,STOCK,SELL,34.07150780335117,616.52001953125,False
2026-02-03 16:30:08.322106,IBIT,CRYPTO,SELL,19.630115847311064,43.29999923706055,False
2026-02-03 16:30:08.322106,BTC-USD,CRYPTO,SELL,23.685119554882977,76453.1796875,False
2026-02-04 08:00:07.113213,SPY,STOCK,SELL,36.03854421512611,689.530029296875,False
2026-02-04 08:00:07.113213,QQQ,STOCK,SELL,34.04235338933426,616.52001953125,False
2026-02-04 08:00:07.113213,IBIT,CRYPTO,SELL,19.629180783874943,43.29999923706055,False
2026-02-04 08:00:07.113213,BTC-USD,CRYPTO,SELL,22.568362976764178,76037.015625,False
2026-02-04 16:30:07.428302,SPY,STOCK,SELL,32.32057365710781,686.1900024414062,False
2026-02-04 16:30:07.428302,QQQ,STOCK,SELL,27.266883248874688,605.75,False
2026-02-04 16:30:07.428302,IBIT,CRYPTO,SELL,17.760050956663598,41.56999969482422,False
2026-02-04 16:30:07.428302,BTC-USD,CRYPTO,SELL,17.630453309346613,73017.2265625,False
2026-02-05 08:00:06.514791,SPY,STOCK,SELL,32.301178413127474,686.1900024414062,False
2026-02-05 08:00:06.514791,QQQ,STOCK,SELL,27.25288380749921,605.75,False
2026-02-05 08:00:06.514791,IBIT,CRYPTO,SELL,17.75794762568456,41.56999969482422,False
2026-02-05 08:00:06.514791,BTC-USD,CRYPTO,SELL,13.56884829077473,69427.5,False
2026-02-05 16:30:10.504861,SPY,STOCK,SELL,20.857889652415185,677.6199951171875,False
2026-02-05 16:30:10.504861,QQQ,STOCK,SELL,17.80904606989296,597.030029296875,False
2026-02-05 16:30:10.504861,IBIT,CRYPTO,SELL,6.7566490597046105,36.09999847412109,False
2026-02-05 16:30:10.504861,BTC-USD,CRYPTO,SELL,9.64626264185099,63457.98046875,False
2026-02-06 08:00:06.783176,SPY,STOCK,SELL,20.817198207363983,677.6199951171875,False
2026-02-06 08:00:06.783176,QQQ,STOCK,SELL,17.760541556022513,597.030029296875,False
2026-02-06 08:00:06.783176,IBIT,CRYPTO,SELL,6.750163770053575,36.09999847412109,False
2026-02-06 08:00:06.783176,BTC-USD,CRYPTO,SELL,14.988228412991912,66442.78125,False
2026-02-06 16:30:11.766889,SPY,STOCK,SELL,36.944824814789136,690.6199951171875,False
2026-02-06 16:30:11.766889,QQQ,STOCK,SELL,33.017409785034495,609.6500244140625,False
2026-02-06 16:30:11.766889,IBIT,CRYPTO,SELL,17.029814944218273,39.68000030517578,False
2026-02-06 16:30:11.766889,BTC-USD,CRYPTO,SELL,20.425631788145825,70414.1171875,False
2026-02-07 08:00:07.776251,SPY,STOCK,SELL,35.33874100687166,690.6199951171875,False
2026-02-07 08:00:07.776251,QQQ,STOCK,SELL,31.34907504895112,609.6500244140625,False
2026-02-07 08:00:07.776251,IBIT,CRYPTO,SELL,17.04867191739917,39.68000030517578,False
2026-02-07 08:00:07.776251,BTC-USD,CRYPTO,SELL,21.154096511458057,68871.2109375,False
2026-02-07 16:30:08.165819,SPY,STOCK,SELL,35.33875401525014,690.6199951171875,False
2026-02-07 16:30:08.165819,QQQ,STOCK,SELL,31.349073599802715,609.6500244140625,False
2026-02-07 16:30:08.165819,IBIT,CRYPTO,SELL,17.048671917399187,39.68000030517578,False
2026-02-07 16:30:08.165819,BTC-USD,CRYPTO,SELL,21.810568658352764,69535.8515625,False
2026-02-09 08:00:06.669297,SPY,STOCK,SELL,35.33875546837891,690.6199951171875,False
2026-02-09 08:00:06.669297,QQQ,STOCK,SELL,31.349073619296536,609.6500244140625,False
2026-02-09 08:00:06.669297,IBIT,CRYPTO,SELL,17.04867191739917,39.68000030517578,False
2026-02-09 08:00:06.669297,BTC-USD,CRYPTO,SELL,22.32304588187674,68983.796875,False
2026-02-09 16:30:10.713309,SPY,STOCK,SELL,40.324502223497056,693.9500122070312,False
2026-02-09 16:30:10.713309,QQQ,STOCK,SELL,35.44740858246912,614.3200073242188,False
2026-02-09 16:30:10.713309,IBIT,CRYPTO,SELL,20.777505375475258,40.11000061035156,False
2026-02-09 16:30:10.713309,BTC-USD,CRYPTO,SELL,23.52200856507,70345.3515625,False
2026-02-10 08:00:07.139394,SPY,STOCK,SELL,40.32156347304136,693.9500122070312,False
2026-02-10 08:00:07.139394,QQQ,STOCK,SELL,35.429529219138885,614.3200073242188,False
2026-02-10 08:00:07.139394,IBIT,CRYPTO,SELL,20.74825577435894,40.11000061035156,False
2026-02-10 08:00:07.139394,BTC-USD,CRYPTO,SELL,22.4196401263049,68589.0546875,False
2026-02-10 16:30:10.782464,SPY,STOCK,SELL,37.7408022279452,692.1199951171875,False
2026-02-10 16:30:10.782464,QQQ,STOCK,SELL,33.15626631679467,611.469970703125,False
2026-02-10 16:30:10.782464,IBIT,CRYPTO,SELL,19.716249296199592,38.970001220703125,False
2026-02-10 16:30:10.782464,BTC-USD,CRYPTO,SELL,22.55822415167319,68728.4453125,False
2026-02-11 08:00:06.719964,SPY,STOCK,SELL,37.742857093905215,692.1199951171875,False
2026-02-11 08:00:06.719964,QQQ,STOCK,SELL,33.16005913146752,611.469970703125,False
2026-02-11 08:00:06.719964,IBIT,CRYPTO,SELL,19.715848212546792,38.970001220703125,False
2026-02-11 08:00:06.719964,BTC-USD,CRYPTO,SELL,24.58117930610732,67069.21875,False
2026-02-11 16:30:08.241416,SPY,STOCK,HOLD,42.90173814186537,692.010009765625,True
2026-02-11 16:30:08.241416,QQQ,STOCK,SELL,39.78630021204955,613.1099853515625,False
2026-02-11 16:30:08.241416,IBIT,CRYPTO,SELL,20.82927626406195,38.290000915527344,False
2026-02-11 16:30:08.241416,BTC-USD,CRYPTO,SELL,25.44442921533248,68010.5859375,False
2026-02-12 08:00:08.071990,SPY,STOCK,HOLD,42.7385961392108,691.9600219726562,True
2026-02-12 08:00:08.071990,QQQ,STOCK,SELL,39.66103711511649,613.1099853515625,False
2026-02-12 08:00:08.071990,IBIT,CRYPTO,SELL,20.82844086797581,38.290000915527344,False
2026-02-12 08:00:08.071990,BTC-USD,CRYPTO,SELL,31.510503943224144,67706.625,False
2026-02-12 16:30:08.286645,SPY,STOCK,SELL,35.584767466433306,681.27001953125,True
2026-02-12 16:30:08.286645,QQQ,STOCK,SELL,33.22920194728705,600.6400146484375,False
2026-02-12 16:30:08.286645,IBIT,CRYPTO,SELL,20.326764715810537,37.04999923706055,False
2026-02-12 16:30:08.286645,BTC-USD,CRYPTO,SELL,28.96397025051648,65475.875,False
2026-02-13 08:00:07.086196,SPY,STOCK,SELL,35.579065781105406,681.27001953125,True
2026-02-13 08:00:07.086196,QQQ,STOCK,SELL,33.254566486126635,600.6400146484375,False
2026-02-13 08:00:07.086196,IBIT,CRYPTO,SELL,20.326159069463632,37.04999923706055,False
2026-02-13 08:00:07.086196,BTC-USD,CRYPTO,SELL,29.581860760409427,67125.8046875,False
2026-02-13 16:30:08.066074,SPY,STOCK,SELL,33.57540164471229,681.75,False
2026-02-13 16:30:08.066074,QQQ,STOCK,SELL,32.17454915003015,601.9199829101562,False
2026-02-13 16:30:08.066074,IBIT,CRYPTO,SELL,24.75571132836604,38.970001220703125,False
2026-02-13 16:30:08.066074,BTC-USD,CRYPTO,SELL,31.95842279599556,68958.0234375,False
2026-02-14 08:00:07.768742,SPY,STOCK,SELL,33.56869367091664,681.75,False
2026-02-14 08:00:07.768742,QQQ,STOCK,SELL,32.16629299454513,601.9199829101562,False
2026-02-14 08:00:07.768742,IBIT,CRYPTO,SELL,24.758870431191,38.970001220703125,False
2026-02-14 08:00:07.768742,BTC-USD,CRYPTO,SELL,36.41244388093553,69781.53125,False
2026-02-14 16:30:07.677138,SPY,STOCK,SELL,33.5687017431554,681.75,False
2026-02-14 16:30:07.677138,QQQ,STOCK,SELL,32.16629299206764,601.9199829101562,False
2026-02-14 16:30:07.677138,IBIT,CRYPTO,SELL,24.758870431191,38.970001220703125,False
2026-02-14 16:30:07.677138,BTC-USD,CRYPTO,SELL,36.73576301933801,69973.0625,False
2026-02-15 08:00:08.574415,SPY,STOCK,SELL,33.56870172233601,681.75,False
2026-02-15 08:00:08.574415,QQQ,STOCK,SELL,32.16629045884534,601.9199829101562,False
2026-02-15 08:00:08.574415,IBIT,CRYPTO,SELL,24.758870431191,38.970001220703125,False
2026-02-15 08:00:08.574415,BTC-USD,CRYPTO,SELL,35.793455135275735,69474.2734375,False
2026-02-17 08:00:07.200254,SPY,STOCK,SELL,33.568693670916645,681.75,False
2026-02-17 08:00:07.200254,QQQ,STOCK,SELL,32.16629299206763,601.9199829101562,False
2026-02-17 08:00:07.200254,IBIT,CRYPTO,SELL,24.758870431191006,38.970001220703125,False
2026-02-17 08:00:07.200254,BTC-USD,CRYPTO,SELL,39.343656466246,67987.1015625,False
2026-02-17 16:30:08.917877,SPY,STOCK,SELL,29.228523415625737,682.8499755859375,False
2026-02-17 16:30:08.917877,QQQ,STOCK,SELL,26.96414975429061,601.2999877929688,False
2026-02-17 16:30:08.917877,IBIT,CRYPTO,SELL,26.77422308333844,38.38999938964844,False
2026-02-17 16:30:08.917877,BTC-USD,CRYPTO,SELL,38.80674963119208,67580.2265625,False
2026-02-18 08:00:06.944238,SPY,STOCK,SELL,29.22106164302156,682.8499755859375,False
2026-02-18 08:00:06.944238,QQQ,STOCK,SELL,26.95181667548301,601.2999877929688,False
2026-02-18 08:00:06.944238,IBIT,CRYPTO,SELL,26.775219624865297,38.38999938964844,False
2026-02-18 08:00:06.944238,BTC-USD,CRYPTO,HOLD,42.45434074202253,67472.3046875,True
2026-02-18 16:30:10.653796,SPY,STOCK,SELL,34.26453186964253,686.2899780273438,False
2026-02-18 16:30:10.653796,QQQ,STOCK,SELL,31.433482920335457,605.7899780273438,False
2026-02-18 16:30:10.653796,IBIT,CRYPTO,SELL,25.75231555862978,37.540000915527344,False
2026-02-18 16:30:10.653796,BTC-USD,CRYPTO,HOLD,40.85314935619411,66323.953125,True
2026-02-19 08:00:07.244425,SPY,STOCK,SELL,34.29689197600821,686.2899780273438,False
2026-02-19 08:00:07.244425,QQQ,STOCK,SELL,31.450762197950173,605.7899780273438,False
2026-02-19 08:00:07.244425,IBIT,CRYPTO,SELL,25.75205350961972,37.540000915527344,False
2026-02-19 08:00:07.244425,BTC-USD,CRYPTO,HOLD,52.89532010940595,66498.828125,False
2026-02-19 16:30:10.433407,SPY,STOCK,SELL,35.05468149797244,684.47998046875,False
2026-02-19 16:30:10.433407,QQQ,STOCK,SELL,33.08376258292454,603.469970703125,False
2026-02-19 16:30:10.433407,IBIT,CRYPTO,SELL,27.421827575957263,38.06999969482422,False
2026-02-19 16:30:10.433407,BTC-USD,CRYPTO,HOLD,53.38905148378765,67003.1171875,False
2026-02-20 08:00:07.272251,SPY,STOCK,SELL,35.04462561683329,684.47998046875,False
2026-02-20 08:00:07.272251,QQQ,STOCK,SELL,33.07633439438294,603.469970703125,False
2026-02-20 08:00:07.272251,IBIT,CRYPTO,SELL,27.422344783565112,38.06999969482422,False
2026-02-20 08:00:07.272251,BTC-USD,CRYPTO,HOLD,47.9123386742734,67492.6328125,False
2026-02-20 16:30:09.864030,SPY,STOCK,HOLD,45.7942709813,689.4299926757812,True
2026-02-20 16:30:09.864030,QQQ,STOCK,HOLD,43.49094688493826,608.8099975585938,True
2026-02-20 16:30:09.864030,IBIT,CRYPTO,SELL,32.37111513507814,38.41999816894531,False
2026-02-20 16:30:09.864030,BTC-USD,CRYPTO,HOLD,48.72622245820276,67717.921875,False
2026-02-21 08:00:06.972778,SPY,STOCK,HOLD,45.87227651312504,689.4299926757812,True
2026-02-21 08:00:06.972778,QQQ,STOCK,HOLD,43.53611624251095,608.8099975585938,True
2026-02-21 08:00:06.972778,IBIT,CRYPTO,SELL,32.37176617351621,38.41999816894531,False
2026-02-21 08:00:06.972778,BTC-USD,CRYPTO,HOLD,50.9309990020685,68173.328125,False
2026-02-21 16:30:10.690939,SPY,STOCK,HOLD,45.872276515560166,689.4299926757812,True
2026-02-21 16:30:10.690939,QQQ,STOCK,HOLD,43.536115108913336,608.8099975585938,True
2026-02-21 16:30:10.690939,IBIT,CRYPTO,SELL,32.3717661735162,38.41999816894531,False
2026-02-21 16:30:10.690939,BTC-USD,CRYPTO,HOLD,51.21548464692042,68354.875,False
2026-02-22 08:00:09.944507,SPY,STOCK,HOLD,45.87227764863312,689.4299926757812,True
2026-02-22 08:00:09.944507,QQQ,STOCK,HOLD,43.536115105809245,608.8099975585938,True
2026-02-22 08:00:09.944507,IBIT,CRYPTO,SELL,32.37176617351621,38.41999816894531,False
2026-02-22 08:00:09.944507,BTC-USD,CRYPTO,HOLD,49.81018529433248,67938.6484375,False
2026-02-22 16:30:08.485564,SPY,STOCK,HOLD,45.87229119659975,689.4299926757812,True
2026-02-22 16:30:08.485564,QQQ,STOCK,HOLD,43.53611240260197,608.8099975585938,True
2026-02-22 16:30:08.485564,IBIT,CRYPTO,SELL,32.37176617351621,38.41999816894531,False
2026-02-22 16:30:08.485564,BTC-USD,CRYPTO,HOLD,48.8313578444788,67451.6640625,False
2026-02-23 08:00:06.929709,SPY,STOCK,HOLD,45.87227764863311,689.4299926757812,True
2026-02-23 08:00:06.929709,QQQ,STOCK,HOLD,43.53611512014134,608.8099975585938,True
2026-02-23 08:00:06.929709,IBIT,CRYPTO,SELL,32.37176617351621,38.41999816894531,False
2026-02-23 08:00:06.929709,BTC-USD,CRYPTO,HOLD,48.05734124188579,66256.84375,False
2026-02-23 16:30:09.223010,SPY,STOCK,SELL,26.612688601195018,682.3900146484375,True
2026-02-23 16:30:09.223010,QQQ,STOCK,SELL,25.697614143914205,601.4099731445312,True
2026-02-23 16:30:09.223010,IBIT,CRYPTO,SELL,35.37217614713615,36.54999923706055,False
2026-02-23 16:30:09.223010,BTC-USD,CRYPTO,HOLD,44.04302112702313,64532.0625,False
2026-02-24 08:00:07.215114,SPY,STOCK,SELL,26.58474808764547,682.3900146484375,True
2026-02-24 08:00:07.215114,QQQ,STOCK,SELL,25.69625257850414,601.4099731445312,True
2026-02-24 08:00:07.215114,IBIT,CRYPTO,SELL,35.22176044860571,36.54999923706055,False
2026-02-24 08:00:07.215114,BTC-USD,CRYPTO,HOLD,42.18607422213916,62957.0234375,False
2026-02-24 16:30:08.176057,SPY,STOCK,SELL,34.035465841948344,687.3499755859375,False
2026-02-24 16:30:08.176057,QQQ,STOCK,SELL,33.801910509508986,607.8699951171875,False
2026-02-24 16:30:08.176057,IBIT,CRYPTO,SELL,38.42056211890916,36.52999877929688,False
2026-02-24 16:30:08.176057,BTC-USD,CRYPTO,HOLD,44.15701991972145,64014.24609375,False
2026-02-25 16:30:08.210271,SPY,STOCK,HOLD,42.498888897217824,693.1500244140625,True
2026-02-25 16:30:08.210271,QQQ,STOCK,HOLD,43.48455189021801,616.6799926757812,True
2026-02-25 16:30:08.210271,IBIT,CRYPTO,HOLD,46.51021022852261,39.22999954223633,True
2026-02-25 16:30:08.210271,BTC-USD,CRYPTO,HOLD,53.443002117933695,68991.3125,False
2026-02-26 08:00:06.820112,SPY,STOCK,HOLD,42.402697349668166,693.1500244140625,True
2026-02-26 08:00:06.820112,QQQ,STOCK,HOLD,43.38952829749411,616.6799926757812,True
2026-02-26 08:00:06.820112,IBIT,CRYPTO,HOLD,46.24505204371387,39.22999954223633,True
2026-02-26 08:00:06.820112,BTC-USD,CRYPTO,HOLD,50.67050024850128,68164.5234375,False
2026-02-26 16:30:10.736548,SPY,STOCK,SELL,36.74490897250235,689.2999877929688,True
2026-02-26 16:30:10.736548,QQQ,STOCK,SELL,36.34093231534634,609.239990234375,True
2026-02-26 16:30:10.736548,IBIT,CRYPTO,BUY,55.39764198764062,38.2599983215332,True
2026-02-26 16:30:10.736548,BTC-USD,CRYPTO,HOLD,51.327770007891466,67429.625,False
2026-02-27 08:00:07.234582,SPY,STOCK,SELL,36.73907612306439,689.2999877929688,True
2026-02-27 08:00:07.234582,QQQ,STOCK,SELL,36.32921380884476,609.239990234375,True
2026-02-27 08:00:07.234582,IBIT,CRYPTO,BUY,55.35400730706653,38.2599983215332,True
2026-02-27 08:00:07.234582,BTC-USD,CRYPTO,HOLD,47.25421045652881,65803.6953125,False
2026-02-27 16:30:09.873853,SPY,STOCK,SELL,31.413331101710448,685.989990234375,False
2026-02-27 16:30:09.873853,QQQ,STOCK,SELL,34.183281466159606,607.2899780273438,False
2026-02-27 16:30:09.873853,IBIT,CRYPTO,HOLD,50.8539677630532,37.18999862670898,True
2026-02-27 16:30:09.873853,BTC-USD,CRYPTO,HOLD,46.78078370983101,65713.3359375,False
2026-02-28 08:00:06.929403,SPY,STOCK,SELL,31.410822672142967,685.989990234375,False
2026-02-28 08:00:06.929403,QQQ,STOCK,SELL,34.201513395467195,607.2899780273438,False
2026-02-28 08:00:06.929403,IBIT,CRYPTO,HOLD,50.83679615640157,37.18999862670898,True
2026-02-28 08:00:06.929403,BTC-USD,CRYPTO,HOLD,44.25933627791071,64032.43359375,False
2026-02-28 16:30:09.178433,SPY,STOCK,SELL,31.41082266295687,685.989990234375,False
2026-02-28 16:30:09.178433,QQQ,STOCK,SELL,34.201513391496896,607.2899780273438,False
2026-02-28 16:30:09.178433,IBIT,CRYPTO,HOLD,50.836796156401576,37.18999862670898,True
2026-02-28 16:30:09.178433,BTC-USD,CRYPTO,HOLD,48.30436660030886,66497.078125,False
2026-03-01 08:00:08.593905,SPY,STOCK,SELL,31.410822664281824,685.989990234375,False
2026-03-01 08:00:08.593905,QQQ,STOCK,SELL,34.20151339546719,607.2899780273438,False
2026-03-01 08:00:08.593905,IBIT,CRYPTO,HOLD,50.83679615640156,37.18999862670898,True
2026-03-01 08:00:08.593905,BTC-USD,CRYPTO,HOLD,49.71263465930509,66341.6484375,False
2026-03-01 16:30:08.130381,SPY,STOCK,SELL,31.410810858386448,685.989990234375,False
2026-03-01 16:30:08.130381,QQQ,STOCK,SELL,34.201513391496896,607.2899780273438,False
2026-03-01 16:30:08.130381,IBIT,CRYPTO,HOLD,50.83679615640157,37.18999862670898,True
2026-03-01 16:30:08.130381,BTC-USD,CRYPTO,HOLD,47.90311518053899,65534.44921875,False
2026-03-02 08:00:07.977549,SPY,STOCK,SELL,31.410810855468657,685.989990234375,False
2026-03-02 08:00:07.977549,QQQ,STOCK,SELL,34.20151881226003,607.2899780273438,False
2026-03-02 08:00:07.977549,IBIT,CRYPTO,HOLD,50.83679615640157,37.18999862670898,True
2026-03-02 08:00:07.977549,BTC-USD,CRYPTO,HOLD,51.65826985080636,65955.4140625,False
2026-03-02 16:30:10.504483,SPY,STOCK,SELL,37.80524869868913,686.3800048828125,False
2026-03-02 16:30:10.504483,QQQ,STOCK,SELL,40.76123446666495,608.0900268554688,False
2026-03-02 16:30:10.504483,IBIT,CRYPTO,HOLD,48.543370835674274,39.19499969482422,False
2026-03-02 16:30:10.504483,BTC-USD,CRYPTO,HOLD,53.25803621760407,69349.71875,False
2026-03-03 08:00:07.424533,SPY,STOCK,SELL,37.51911428120481,686.3800048828125,False
2026-03-03 08:00:07.424533,QQQ,STOCK,SELL,40.47482127202851,608.0900268554688,False
2026-03-03 08:00:07.424533,IBIT,CRYPTO,HOLD,48.37456750275289,39.19499969482422,False
2026-03-03 08:00:07.424533,BTC-USD,CRYPTO,HOLD,51.14499962499816,67396.375,False
2026-03-03 16:30:10.173477,SPY,STOCK,SELL,23.33941898435664,680.3300170898438,False
2026-03-03 16:30:10.173477,QQQ,STOCK,SELL,27.221483453192103,601.5800170898438,False
2026-03-03 16:30:10.173477,IBIT,CRYPTO,HOLD,48.35006368791216,38.70000076293945,False
2026-03-03 16:30:10.173477,BTC-USD,CRYPTO,HOLD,51.85996146923213,67977.03125,False
2026-03-04 08:00:07.312927,SPY,STOCK,SELL,23.34436236745725,680.3300170898438,False
2026-03-04 08:00:07.312927,QQQ,STOCK,SELL,27.241395142145866,601.5800170898438,False
2026-03-04 08:00:07.312927,IBIT,CRYPTO,HOLD,48.65868096590802,38.70000076293945,False
2026-03-04 08:00:07.312927,BTC-USD,CRYPTO,BUY,55.959034577536166,71322.1640625,True
2026-03-04 16:30:08.338088,SPY,STOCK,SELL,36.58903438224974,685.1300048828125,False
2026-03-04 16:30:08.338088,QQQ,STOCK,SELL,41.733267800032834,610.75,False
2026-03-04 16:30:08.338088,IBIT,CRYPTO,BUY,56.06003593517256,41.43999862670898,True
2026-03-04 16:30:08.338088,BTC-USD,CRYPTO,BUY,59.81809916144984,73212.109375,True
2026-03-05 08:00:07.622144,SPY,STOCK,SELL,36.5676312424274,685.1300048828125,False
2026-03-05 08:00:07.622144,QQQ,STOCK,SELL,41.67667994346488,610.75,False
2026-03-05 08:00:07.622144,IBIT,CRYPTO,BUY,55.73883145906451,41.43999862670898,True
2026-03-05 08:00:07.622144,BTC-USD,CRYPTO,BUY,59.03900438807474,72969.5390625,False
2026-03-05 16:30:10.876103,SPY,STOCK,SELL,36.38182274903893,681.3099975585938,False
2026-03-05 16:30:10.876103,QQQ,STOCK,HOLD,44.14806208740888,608.9099731445312,True
2026-03-05 16:30:10.876103,IBIT,CRYPTO,HOLD,54.71442938540314,40.38999938964844,True
2026-03-05 16:30:10.876103,BTC-USD,CRYPTO,BUY,56.35556040452717,71455.6875,False
2026-03-06 08:00:08.958225,SPY,STOCK,SELL,36.37168412638125,681.3099975585938,False
2026-03-06 08:00:08.958225,QQQ,STOCK,HOLD,44.1532201065582,608.9099731445312,True
2026-03-06 08:00:08.958225,IBIT,CRYPTO,HOLD,54.38490781886173,40.38999938964844,True
2026-03-06 08:00:08.958225,BTC-USD,CRYPTO,BUY,55.164847729113006,70014.0625,False
2026-03-06 16:30:08.661058,SPY,STOCK,SELL,25.30552453862214,672.6199951171875,False
2026-03-06 16:30:08.661058,QQQ,STOCK,SELL,33.81788650748044,599.75,True
2026-03-06 16:30:08.661058,IBIT,CRYPTO,HOLD,47.13407096865492,38.59999847412109,False
2026-03-06 16:30:08.661058,BTC-USD,CRYPTO,HOLD,51.64877394345838,67990.7734375,True
2026-03-10 16:30:10.607592,SPY,STOCK,SELL,32.50817432454731,677.1799926757812,False
2026-03-10 16:30:10.607592,QQQ,STOCK,HOLD,42.17368239435015,607.77001953125,True
2026-03-10 16:30:10.607592,IBIT,CRYPTO,HOLD,52.31602112863239,39.709999084472656,False
2026-03-10 16:30:10.607592,BTC-USD,CRYPTO,BUY,56.09414856892892,70223.6640625,True
2026-03-11 08:00:07.340619,SPY,STOCK,SELL,32.47273143192241,677.1799926757812,False
2026-03-11 08:00:07.340619,QQQ,STOCK,HOLD,42.14215825606282,607.77001953125,True
2026-03-11 08:00:07.340619,IBIT,CRYPTO,HOLD,52.21111560907688,39.709999084472656,False
2026-03-11 08:00:07.340619,BTC-USD,CRYPTO,HOLD,50.68894390857941,69247.8671875,True
2026-03-11 16:30:10.031313,SPY,STOCK,SELL,33.03984055772549,676.3300170898438,False
2026-03-11 16:30:10.031313,QQQ,STOCK,HOLD,43.20519428903595,607.6900024414062,False
2026-03-11 16:30:10.031313,IBIT,CRYPTO,HOLD,52.27203315188405,40.06999969482422,False
2026-03-11 16:30:10.031313,BTC-USD,CRYPTO,HOLD,52.75645830875656,70452.7109375,True
2026-03-12 08:00:07.067964,SPY,STOCK,SELL,33.00515502028382,676.3300170898438,False
2026-03-12 08:00:07.067964,QQQ,STOCK,HOLD,43.17232344048442,607.6900024414062,False
2026-03-12 08:00:07.067964,IBIT,CRYPTO,HOLD,51.98896219594563,40.06999969482422,False
2026-03-12 08:00:07.067964,BTC-USD,CRYPTO,HOLD,54.512185371630494,70474.84375,False
2026-03-13 08:00:07.627077,SPY,STOCK,SELL,25.308061046486586,666.0599975585938,False
2026-03-13 08:00:07.627077,QQQ,STOCK,SELL,35.54455631676271,597.260009765625,True
2026-03-13 08:00:07.627077,IBIT,CRYPTO,HOLD,51.78393402274198,39.95000076293945,False
2026-03-13 08:00:07.627077,BTC-USD,CRYPTO,BUY,63.90836487970091,72298.15625,True
2026-03-25 16:30:03.686579,SPY,STOCK,SELL,34.03005390405459,656.8200073242188,False
2026-03-25 16:30:03.686579,QQQ,STOCK,SELL,36.23888297600568,587.8200073242188,False
2026-03-25 16:30:03.686579,IBIT,CRYPTO,HOLD,49.22141293299929,40.16999816894531,False
2026-03-25 16:30:03.686579,BTC-USD,CRYPTO,BUY,59.85066185387528,70652.625,False
2026-03-26 09:15:03.887383,SPY,STOCK,SELL,34.147800032178125,656.8200073242188,False
2026-03-26 09:15:03.887383,QQQ,STOCK,SELL,36.35662603447136,587.8200073242188,False
2026-03-26 09:15:03.887383,IBIT,CRYPTO,HOLD,49.33900108592898,40.16999816894531,False
2026-03-26 09:15:03.887383,BTC-USD,CRYPTO,BUY,58.85835990858397,69443.3203125,False
2026-03-26 16:30:03.307619,SPY,STOCK,SELL,24.15846549439621,645.0900268554688,False
2026-03-26 16:30:03.307619,QQQ,STOCK,SELL,26.864498516891125,573.7899780273438,False
2026-03-26 16:30:03.307619,IBIT,CRYPTO,HOLD,54.13734698396309,38.81999969482422,False
2026-03-26 16:30:03.307619,BTC-USD,CRYPTO,BUY,58.320398132545854,69126.09375,False
2026-03-27 09:15:04.637398,SPY,STOCK,SELL,24.118656945104,645.0900268554688,False
2026-03-27 09:15:04.637398,QQQ,STOCK,SELL,26.805369179092093,573.7899780273438,False
2026-03-27 09:15:04.637398,IBIT,CRYPTO,HOLD,54.01541388425176,38.81999969482422,False
2026-03-27 09:15:04.637398,BTC-USD,CRYPTO,HOLD,48.19754823027127,66514.7421875,False
2026-03-27 16:30:03.478358,SPY,STOCK,SELL,20.542437173504027,634.1799926757812,False
2026-03-27 16:30:03.478358,QQQ,STOCK,SELL,22.905658705362224,562.5800170898438,False
2026-03-27 16:30:03.478358,IBIT,CRYPTO,HOLD,47.93522629471701,37.400001525878906,False
2026-03-27 16:30:03.478358,BTC-USD,CRYPTO,HOLD,47.26823711898591,65888.265625,False
2026-03-30 09:15:04.354463,SPY,STOCK,SELL,20.521583766011595,634.0900268554688,False
2026-03-30 09:15:04.354463,QQQ,STOCK,SELL,22.93925967100932,562.5800170898438,False
2026-03-30 09:15:04.354463,IBIT,CRYPTO,HOLD,47.92724147652621,37.400001525878906,False
2026-03-30 09:15:04.354463,BTC-USD,CRYPTO,HOLD,48.614020949599336,67906.25,False
2026-03-30 16:30:03.515678,SPY,STOCK,SELL,18.10361333132176,631.969970703125,False
2026-03-30 16:30:03.515678,QQQ,STOCK,SELL,18.901439339303906,558.280029296875,False
2026-03-30 16:30:03.515678,IBIT,CRYPTO,HOLD,49.62113571720798,37.68000030517578,False
2026-03-30 16:30:03.515678,BTC-USD,CRYPTO,HOLD,46.147909423847885,66601.578125,False
2026-03-31 09:15:06.574161,SPY,STOCK,SELL,18.10691954981284,631.969970703125,False
2026-03-31 09:15:06.574161,QQQ,STOCK,SELL,18.991406200978,558.280029296875,False
2026-03-31 09:15:06.574161,IBIT,CRYPTO,HOLD,49.61353053452047,37.68000030517578,False
2026-03-31 09:15:06.574161,BTC-USD,CRYPTO,HOLD,49.25410441441123,66760.2734375,False
2026-03-31 16:30:03.287562,SPY,STOCK,SELL,34.628621457145,650.35498046875,False
2026-03-31 16:30:03.287562,QQQ,STOCK,SELL,34.59533359280538,577.1799926757812,False
2026-03-31 16:30:03.287562,IBIT,CRYPTO,HOLD,52.74643729026875,38.41999816894531,False
2026-03-31 16:30:03.287562,BTC-USD,CRYPTO,HOLD,51.39619493991834,67928.078125,False
2026-04-01 09:15:06.967345,SPY,STOCK,SELL,34.86905319686837,650.3400268554688,False
2026-04-01 09:15:06.967345,QQQ,STOCK,SELL,34.69630660573521,577.1799926757812,False
2026-04-01 09:15:06.967345,IBIT,CRYPTO,HOLD,52.785540832210366,38.41999816894531,False
2026-04-01 09:15:06.967345,BTC-USD,CRYPTO,HOLD,54.18746938129012,68384.8671875,False
2026-04-01 16:30:04.637234,SPY,STOCK,SELL,34.08006448460648,655.239990234375,False
2026-04-01 16:30:04.637234,QQQ,STOCK,SELL,33.87727107191968,584.3099975585938,False
2026-04-01 16:30:04.637234,IBIT,CRYPTO,HOLD,53.15168902863778,38.63999938964844,False
2026-04-01 16:30:04.637234,BTC-USD,CRYPTO,HOLD,53.91160906119804,68100.484375,False
2026-04-02 09:15:04.329890,SPY,STOCK,SELL,33.74764352814124,655.239990234375,False
2026-04-02 09:15:04.329890,QQQ,STOCK,SELL,33.55368443036916,584.3099975585938,False
2026-04-02 09:15:04.329890,IBIT,CRYPTO,HOLD,53.15602737492584,38.63999938964844,False
2026-04-02 09:15:04.329890,BTC-USD,CRYPTO,HOLD,52.38291645244058,65993.421875,False
2026-04-02 16:30:03.249880,SPY,STOCK,SELL,41.38191025917135,655.8300170898438,False
2026-04-02 16:30:03.249880,QQQ,STOCK,SELL,40.57131911807083,584.97998046875,False
2026-04-02 16:30:03.249880,IBIT,CRYPTO,HOLD,52.06525658029207,37.970001220703125,False
2026-04-02 16:30:03.249880,BTC-USD,CRYPTO,HOLD,54.08371758332965,66888.0390625,False
2026-04-06 09:15:05.859622,SPY,STOCK,SELL,41.395087729514245,655.8300170898438,False
2026-04-06 09:15:05.859622,QQQ,STOCK,SELL,40.57173234107809,584.97998046875,False
2026-04-06 09:15:05.859622,IBIT,CRYPTO,HOLD,51.92299421165877,37.970001220703125,False
2026-04-06 09:15:05.859622,BTC-USD,CRYPTO,HOLD,57.531242565014026,69418.4453125,True
2026-04-06 16:30:03.093334,SPY,STOCK,HOLD,51.6948927247268,658.781982421875,True
2026-04-06 16:30:03.093334,QQQ,STOCK,HOLD,51.42272542737138,588.5,True
2026-04-06 16:30:03.093334,IBIT,CRYPTO,HOLD,51.409696561173135,39.52000045776367,False
2026-04-06 16:30:03.093334,BTC-USD,CRYPTO,HOLD,58.39051637543589,69887.3828125,True
2026-04-07 09:15:11.390337,SPY,STOCK,HOLD,51.57024706022142,658.9299926757812,True
2026-04-07 09:15:11.390337,QQQ,STOCK,HOLD,51.26495744548662,588.5,True
2026-04-07 09:15:11.390337,IBIT,CRYPTO,HOLD,50.74268973390619,39.52000045776367,False
2026-04-07 09:15:11.390337,BTC-USD,CRYPTO,HOLD,51.2159525809454,68555.1171875,False
2026-04-07 16:30:03.697197,SPY,STOCK,HOLD,50.65826947977074,659.219970703125,False
2026-04-07 16:30:03.697197,QQQ,STOCK,HOLD,49.78382745536112,588.5900268554688,False
2026-04-07 16:30:03.697197,IBIT,CRYPTO,HOLD,52.42636912496278,39.09999847412109,False
2026-04-07 16:30:03.697197,BTC-USD,CRYPTO,HOLD,56.32561891112722,69304.953125,False
2026-04-08 09:15:04.053098,SPY,STOCK,HOLD,50.926130425225466,659.219970703125,False
2026-04-08 09:15:04.053098,QQQ,STOCK,HOLD,50.06627670985581,588.5900268554688,False
2026-04-08 09:15:04.053098,IBIT,CRYPTO,HOLD,54.27681688752974,39.09999847412109,False
2026-04-08 09:15:04.053098,BTC-USD,CRYPTO,BUY,62.161317204149526,72428.5078125,False
2026-04-08 16:30:03.117034,SPY,STOCK,BUY,68.0842288218247,676.0599975585938,True
2026-04-08 16:30:03.117034,QQQ,STOCK,HOLD,66.89736916866734,606.0900268554688,False
2026-04-08 16:30:03.117034,IBIT,CRYPTO,HOLD,58.76920457008728,40.41999816894531,False
2026-04-08 16:30:03.117034,BTC-USD,CRYPTO,HOLD,59.31214797358345,71436.8125,True
2026-04-09 09:15:04.292057,SPY,STOCK,BUY,67.95950225704148,676.010009765625,True
2026-04-09 09:15:04.292057,QQQ,STOCK,HOLD,66.82132718476862,606.0900268554688,False
2026-04-09 09:15:04.292057,IBIT,CRYPTO,HOLD,58.64057651801714,40.41999816894531,False
2026-04-09 09:15:04.292057,BTC-USD,CRYPTO,BUY,61.69004808068188,71117.1875,True
2026-04-09 16:30:03.721095,SPY,STOCK,BUY,70.27287452050683,679.8599853515625,False
2026-04-09 16:30:03.721095,QQQ,STOCK,BUY,68.83734626605863,610.1900024414062,True
2026-04-09 16:30:03.721095,IBIT,CRYPTO,BUY,60.77584575645673,40.90999984741211,True
2026-04-09 16:30:03.721095,BTC-USD,CRYPTO,BUY,63.69149246058956,72286.484375,True
2026-04-10 16:30:05.410125,SPY,STOCK,BUY,74.62351539437972,679.5250244140625,False
2026-04-10 16:30:05.410125,QQQ,STOCK,BUY,73.82526707990885,611.0700073242188,False
2026-04-10 16:30:05.410125,IBIT,CRYPTO,BUY,62.325985710591695,41.560001373291016,False
2026-04-10 16:30:05.410125,BTC-USD,CRYPTO,BUY,69.29375162141041,73204.703125,False
2026-04-13 09:15:04.358081,SPY,STOCK,BUY,74.55003454289421,679.4600219726562,False
2026-04-13 09:15:04.358081,QQQ,STOCK,BUY,73.78275396536644,611.0700073242188,False
2026-04-13 09:15:04.358081,IBIT,CRYPTO,BUY,62.33516572190057,41.560001373291016,False
2026-04-13 09:15:04.358081,BTC-USD,CRYPTO,BUY,62.06928298181276,71140.6015625,False
2026-04-13 16:30:03.707718,SPY,STOCK,BUY,78.65917443689244,686.1300048828125,False
2026-04-13 16:30:03.707718,QQQ,STOCK,BUY,77.88666487810235,617.3900146484375,False
2026-04-13 16:30:03.707718,IBIT,CRYPTO,BUY,61.48308942285221,41.59000015258789,False
2026-04-13 16:30:03.707718,BTC-USD,CRYPTO,BUY,64.80195392005659,73094.0234375,False
2026-04-14 09:15:04.619758,SPY,STOCK,BUY,78.74398038354613,686.0999755859375,False
2026-04-14 09:15:04.619758,QQQ,STOCK,BUY,77.9747243697065,617.3900146484375,False
2026-04-14 09:15:04.619758,IBIT,CRYPTO,BUY,63.10259685492851,41.59000015258789,False
2026-04-14 09:15:04.619758,BTC-USD,CRYPTO,BUY,66.07974581317099,74582.1484375,False
2026-04-14 16:30:04.139040,SPY,STOCK,BUY,80.68219418209867,694.2230224609375,False
2026-04-14 16:30:04.139040,QQQ,STOCK,BUY,80.63894773998236,628.5999755859375,False
2026-04-14 16:30:04.139040,IBIT,CRYPTO,BUY,66.65326991820804,42.130001068115234,False
2026-04-14 16:30:04.139040,BTC-USD,CRYPTO,BUY,64.40620424064555,74201.875,False
2026-04-15 09:15:04.218283,SPY,STOCK,BUY,80.71565471247096,694.4600219726562,False
2026-04-15 09:15:04.218283,QQQ,STOCK,BUY,80.63887162665465,628.5999755859375,False
2026-04-15 09:15:04.218283,IBIT,CRYPTO,BUY,66.79686137835209,42.130001068115234,False
2026-04-15 09:15:04.218283,BTC-USD,CRYPTO,BUY,65.91435381157935,74342.0078125,False
2026-04-15 16:30:03.224260,SPY,STOCK,BUY,75.12186934976708,699.9400024414062,False
2026-04-15 16:30:03.224260,QQQ,STOCK,BUY,76.00990476702297,637.4000244140625,False
2026-04-15 16:30:03.224260,IBIT,CRYPTO,BUY,67.73316272175842,42.560001373291016,False
2026-04-15 16:30:03.224260,BTC-USD,CRYPTO,BUY,66.91030076428143,74815.171875,False
2026-04-16 09:15:04.230706,SPY,STOCK,BUY,75.13530069717619,699.9400024414062,False
2026-04-16 09:15:04.230706,QQQ,STOCK,BUY,76.02084952187455,637.4000244140625,False
2026-04-16 09:15:04.230706,IBIT,CRYPTO,BUY,67.70401636887362,42.560001373291016,False
2026-04-16 09:15:04.230706,BTC-USD,CRYPTO,BUY,66.88225032557766,74833.65625,False
2026-04-16 16:30:03.321855,SPY,STOCK,BUY,76.45509482262165,701.6599731445312,False
2026-04-16 16:30:03.321855,QQQ,STOCK,BUY,77.55865687706408,640.469970703125,False
2026-04-16 16:30:03.321855,IBIT,CRYPTO,BUY,67.6030569223337,42.72999954223633,False
2026-04-16 16:30:03.321855,BTC-USD,CRYPTO,BUY,67.5180152506303,75209.9921875,False
2026-04-17 09:15:06.722180,SPY,STOCK,BUY,76.44843705540512,701.6599731445312,False
2026-04-17 09:15:06.722180,QQQ,STOCK,BUY,77.54933325622096,640.469970703125,False
2026-04-17 09:15:06.722180,IBIT,CRYPTO,BUY,67.56195422632408,42.72999954223633,False
2026-04-17 09:15:06.722180,BTC-USD,CRYPTO,BUY,68.61145899748259,76964.640625,False
2026-04-17 16:30:04.655791,SPY,STOCK,BUY,83.04261824910961,710.1400146484375,False
2026-04-17 16:30:04.655791,QQQ,STOCK,BUY,83.6244915893491,648.8499755859375,False
2026-04-17 16:30:04.655791,IBIT,CRYPTO,BUY,71.79551860493679,43.93999862670898,False
2026-04-17 16:30:04.655791,BTC-USD,CRYPTO,BUY,69.56179669993388,77429.9921875,False
2026-04-20 09:15:04.259510,SPY,STOCK,BUY,82.97422938078289,710.1400146484375,False
2026-04-20 09:15:04.259510,QQQ,STOCK,BUY,83.54932710359185,648.8499755859375,False
2026-04-20 09:15:04.259510,IBIT,CRYPTO,BUY,71.79711795171714,43.93999862670898,False
2026-04-20 09:15:04.259510,BTC-USD,CRYPTO,BUY,59.55099067512284,75286.0,False
2026-04-20 16:30:07.137680,SPY,STOCK,BUY,80.82477962982487,708.719970703125,False
2026-04-20 16:30:07.137680,QQQ,STOCK,BUY,81.26673393687364,646.7899780273438,False
2026-04-20 16:30:07.137680,IBIT,CRYPTO,BUY,69.92595719930789,43.25,False
2026-04-20 16:30:07.137680,BTC-USD,CRYPTO,BUY,60.37722681616787,76333.25,False
2026-04-21 09:15:04.112775,SPY,STOCK,BUY,80.76191321716485,708.719970703125,False
2026-04-21 09:15:04.112775,QQQ,STOCK,BUY,81.20503465212434,646.7899780273438,False
2026-04-21 09:15:04.112775,IBIT,CRYPTO,BUY,69.68307769502216,43.25,False
2026-04-21 09:15:04.112775,BTC-USD,CRYPTO,BUY,58.34325987113775,76020.1171875,False
2026-04-21 16:30:03.543864,SPY,STOCK,BUY,75.94414323121765,704.0800170898438,False
2026-04-21 16:30:03.543864,QQQ,STOCK,BUY,77.45273832253255,644.3300170898438,False
2026-04-21 16:30:03.543864,IBIT,CRYPTO,BUY,65.80472152530878,42.5099983215332,False
2026-04-21 16:30:03.543864,BTC-USD,CRYPTO,BUY,58.16540692394924,75695.1015625,False
2026-04-22 09:15:03.876372,SPY,STOCK,BUY,75.97317962123479,704.0800170898438,False
2026-04-22 09:15:03.876372,QQQ,STOCK,BUY,77.49744731604422,644.3300170898438,False
2026-04-22 09:15:03.876372,IBIT,CRYPTO,BUY,65.89922583717089,42.5099983215332,False
2026-04-22 09:15:03.876372,BTC-USD,CRYPTO,BUY,63.34470474756693,78434.84375,False
2026-04-22 16:30:03.637346,SPY,STOCK,BUY,78.65944810413473,711.2100219726562,False
2026-04-22 16:30:03.637346,QQQ,STOCK,BUY,80.38633161201678,655.1099853515625,False
2026-04-22 16:30:03.637346,IBIT,CRYPTO,BUY,70.16797928237297,44.75,False
2026-04-22 16:30:03.637346,BTC-USD,CRYPTO,BUY,63.482512705318726,78622.4296875,False
2026-04-23 09:15:04.089488,SPY,STOCK,BUY,78.54483892160627,711.2100219726562,False
2026-04-23 09:15:04.089488,QQQ,STOCK,BUY,80.27194001429284,655.1099853515625,False
2026-04-23 09:15:04.089488,IBIT,CRYPTO,BUY,69.86888234970345,44.75,False
2026-04-23 09:15:04.089488,BTC-USD,CRYPTO,BUY,60.15003935320036,77704.59375,False
2026-04-24 09:15:03.696637,SPY,STOCK,BUY,75.7629275452023,708.4500122070312,False
2026-04-24 09:15:03.696637,QQQ,STOCK,BUY,77.16880559666372,651.4199829101562,False
2026-04-24 09:15:03.696637,IBIT,CRYPTO,BUY,67.50181870512644,44.04999923706055,False
2026-04-24 09:15:03.696637,BTC-USD,CRYPTO,BUY,59.29906994428569,78382.3671875,False
2026-04-24 16:30:01.309543,SPY,STOCK,BUY,73.24633658979035,713.9749755859375,False
2026-04-24 16:30:01.309543,QQQ,STOCK,BUY,76.1535741296819,663.8800048828125,False
2026-04-24 16:30:01.309543,IBIT,CRYPTO,BUY,66.45304265928442,44.02000045776367,False
2026-04-24 16:30:01.309543,BTC-USD,CRYPTO,BUY,57.944148522826296,77570.2890625,False
2026-04-27 09:15:04.311699,SPY,STOCK,BUY,73.21204872753782,713.9400024414062,False
2026-04-27 09:15:04.311699,QQQ,STOCK,BUY,76.14013646402262,663.8800048828125,False
2026-04-27 09:15:04.311699,IBIT,CRYPTO,BUY,66.452990084644,44.02000045776367,False
2026-04-27 09:15:04.311699,BTC-USD,CRYPTO,BUY,55.74686348739549,77696.15625,False
2026-04-27 16:30:04.158234,SPY,STOCK,BUY,74.33318890098748,715.0999755859375,False
2026-04-27 16:30:04.158234,QQQ,STOCK,BUY,77.14362234700492,664.22998046875,False
2026-04-27 16:30:04.158234,IBIT,CRYPTO,BUY,60.8474544313384,43.560001373291016,False
2026-04-27 16:30:04.158234,BTC-USD,CRYPTO,HOLD,54.09953033040533,76995.7578125,True
2026-04-28 09:15:05.359160,SPY,STOCK,BUY,74.40566829729748,715.1699829101562,False
2026-04-28 09:15:05.359160,QQQ,STOCK,BUY,77.19798409242712,664.22998046875,False
2026-04-28 09:15:05.359160,IBIT,CRYPTO,BUY,60.99845546476324,43.560001373291016,False
2026-04-28 09:15:05.359160,BTC-USD,CRYPTO,HOLD,53.47721212080274,76120.0625,False
2026-04-28 16:30:03.710454,SPY,STOCK,BUY,69.1254895891517,711.5449829101562,False
2026-04-28 16:30:03.710454,QQQ,STOCK,BUY,71.1431567509855,657.5499877929688,False
2026-04-28 16:30:03.710454,IBIT,CRYPTO,BUY,58.99587150118788,43.27000045776367,False
2026-04-28 16:30:03.710454,BTC-USD,CRYPTO,HOLD,54.565764234308816,76363.34375,False
2026-04-29 09:15:04.812055,SPY,STOCK,BUY,69.16388676543262,711.6900024414062,False
2026-04-29 09:15:04.812055,QQQ,STOCK,BUY,71.1266868859266,657.5499877929688,False
2026-04-29 09:15:04.812055,IBIT,CRYPTO,BUY,58.89088831174393,43.27000045776367,False
2026-04-29 09:15:04.812055,BTC-USD,CRYPTO,HOLD,53.86958707828422,77172.140625,False
2026-04-29 16:30:04.854972,SPY,STOCK,BUY,65.20942640625455,711.5800170898438,False
2026-04-29 16:30:04.854972,QQQ,STOCK,BUY,68.18460554529108,661.5700073242188,False
2026-04-29 16:30:04.854972,IBIT,CRYPTO,BUY,56.98781968565436,42.75,False
2026-04-29 16:30:04.854972,BTC-USD,CRYPTO,BUY,56.867887314158594,75646.7578125,True
2026-04-30 09:15:03.926982,SPY,STOCK,BUY,65.23243936519872,711.5800170898438,False
2026-04-30 09:15:03.926982,QQQ,STOCK,BUY,68.21252498636095,661.5700073242188,False
2026-04-30 09:15:03.926982,IBIT,CRYPTO,BUY,57.19749378050641,42.75,False
2026-04-30 09:15:03.926982,BTC-USD,CRYPTO,HOLD,50.996092703185184,76290.28125,False
2026-04-30 16:30:03.721514,SPY,STOCK,BUY,67.94835452625532,718.6599731445312,False
2026-04-30 16:30:03.721514,QQQ,STOCK,BUY,70.13909798632913,667.739990234375,False
2026-04-30 16:30:03.721514,IBIT,CRYPTO,BUY,58.09464280893969,43.31999969482422,False
2026-04-30 16:30:03.721514,BTC-USD,CRYPTO,HOLD,51.19881693338866,76434.59375,False
2026-05-01 09:15:05.133686,SPY,STOCK,BUY,67.92730624243461,718.6599731445312,False
2026-05-01 09:15:05.133686,QQQ,STOCK,BUY,70.10319768468744,667.739990234375,False
2026-05-01 09:15:05.133686,IBIT,CRYPTO,BUY,57.97749304766671,43.31999969482422,False
2026-05-01 09:15:05.133686,BTC-USD,CRYPTO,HOLD,52.89415055504659,78379.0078125,False
2026-05-01 20:48:37.225223,SPY,STOCK,BUY,71.27439392097392,720.6500244140625,False
2026-05-01 20:48:37.225223,QQQ,STOCK,BUY,73.80992494520073,674.1500244140625,False
2026-05-01 20:48:37.225223,IBIT,CRYPTO,BUY,58.99304496737867,44.470001220703125,False
2026-05-01 20:48:37.225223,BTC-USD,CRYPTO,HOLD,52.350949046715606,78020.7265625,False
2026-05-04 13:56:18.369837,SPY,STOCK,BUY,69.42634224138166,720.469970703125,False
2026-05-04 13:56:18.369837,QQQ,STOCK,BUY,72.52485706154155,675.0700073242188,False
2026-05-04 13:56:18.369837,IBIT,CRYPTO,BUY,57.63742555770448,44.65999984741211,False
2026-05-04 13:56:18.369837,BTC-USD,CRYPTO,BUY,55.87401106152898,78802.4921875,True
2026-05-04 20:53:32.442188,SPY,STOCK,BUY,64.11823601416474,718.010009765625,False
2026-05-04 20:53:32.442188,QQQ,STOCK,BUY,67.75118752213628,672.8800048828125,False
2026-05-04 20:53:32.442188,IBIT,CRYPTO,BUY,59.14272739971244,45.400001525878906,False
2026-05-04 20:53:32.442188,BTC-USD,CRYPTO,BUY,57.954148662538415,79903.578125,True
2026-05-05 20:50:48.048252,SPY,STOCK,BUY,70.36107303136245,723.77001953125,False
2026-05-05 20:50:48.048252,QQQ,STOCK,BUY,74.66824312252177,681.6099853515625,False
2026-05-05 20:50:48.048252,IBIT,CRYPTO,BUY,61.199394387077085,46.27999877929688,False
2026-05-05 20:50:48.048252,BTC-USD,CRYPTO,BUY,60.98074830308991,81624.9921875,False
2026-05-06 13:56:50.527957,SPY,STOCK,BUY,73.1556705216057,729.3400268554688,False
2026-05-06 13:56:50.527957,QQQ,STOCK,BUY,78.43019110674884,689.8001098632812,False
2026-05-06 13:56:50.527957,IBIT,CRYPTO,BUY,61.271553804813365,46.29999923706055,False
2026-05-06 13:56:50.527957,BTC-USD,CRYPTO,BUY,60.71028547653568,81711.8828125,False
2026-05-06 20:57:04.101613,SPY,STOCK,BUY,75.6415432995534,733.8300170898438,False
2026-05-06 20:57:04.101613,QQQ,STOCK,BUY,79.82740815425608,695.77001953125,False
2026-05-06 20:57:04.101613,IBIT,CRYPTO,BUY,60.623594635388336,46.18999862670898,False
2026-05-06 20:57:04.101613,BTC-USD,CRYPTO,BUY,59.95444106181678,81418.4921875,False
2026-05-07 13:56:34.834028,SPY,STOCK,BUY,73.38940757395771,734.27001953125,False
2026-05-07 13:56:34.834028,QQQ,STOCK,BUY,78.39491303063971,697.6699829101562,False
2026-05-07 13:56:34.834028,IBIT,CRYPTO,BUY,58.35264607257839,45.625,False
2026-05-07 13:56:34.834028,BTC-USD,CRYPTO,BUY,57.16635463170191,80514.3515625,False
2026-05-07 20:53:21.922467,SPY,STOCK,BUY,68.54501578798676,731.5800170898438,False
2026-05-07 20:53:21.922467,QQQ,STOCK,BUY,74.02508669288171,694.9400024414062,False
2026-05-07 20:53:21.922467,IBIT,CRYPTO,BUY,57.12730403748935,45.400001525878906,False
2026-05-07 20:53:21.922467,BTC-USD,CRYPTO,BUY,55.68207209154805,79971.2265625,False
2026-05-08 13:55:09.836712,SPY,STOCK,BUY,69.54686281608454,735.9008178710938,False
2026-05-08 13:55:09.836712,QQQ,STOCK,BUY,75.14374207413724,704.2550048828125,False
2026-05-08 13:55:09.836712,IBIT,CRYPTO,BUY,60.57146718922783,45.04499816894531,False
2026-05-08 13:55:09.836712,BTC-USD,CRYPTO,BUY,55.8087045864547,79536.71875,False
2026-05-08 20:50:05.173550,SPY,STOCK,BUY,70.40954201068965,737.6199951171875,False
2026-05-08 20:50:05.173550,QQQ,STOCK,BUY,76.95215794872456,711.22998046875,False
2026-05-08 20:50:05.173550,IBIT,CRYPTO,BUY,61.651091688945165,45.45000076293945,False
2026-05-08 20:50:05.173550,BTC-USD,CRYPTO,BUY,57.681743846113925,80252.8125,False
2026-05-11 14:06:25.643970,SPY,STOCK,BUY,74.654530004216,738.6699829101562,False
2026-05-11 14:06:25.643970,QQQ,STOCK,BUY,80.45025987720608,711.8200073242188,False
2026-05-11 14:06:25.643970,IBIT,CRYPTO,BUY,60.20419797711514,46.005001068115234,False
2026-05-11 14:06:25.643970,BTC-USD,CRYPTO,BUY,58.3353909547212,81182.6015625,False
2026-05-11 21:02:35.173977,SPY,STOCK,BUY,71.25316959327719,739.2999877929688,False
2026-05-11 21:02:35.173977,QQQ,STOCK,BUY,77.1662995251048,713.2899780273438,False
2026-05-11 21:02:35.173977,IBIT,CRYPTO,BUY,60.97007317927491,46.470001220703125,False
2026-05-11 21:02:35.173977,BTC-USD,CRYPTO,BUY,59.93071719461763,81831.5078125,False
2026-05-12 13:57:25.709467,SPY,STOCK,BUY,66.6913333019966,735.0999755859375,False
2026-05-12 13:57:25.709467,QQQ,STOCK,BUY,72.29314822773672,706.739990234375,False
2026-05-12 13:57:25.709467,IBIT,CRYPTO,BUY,57.12759974754421,45.63010025024414,False
2026-05-12 13:57:25.709467,BTC-USD,CRYPTO,BUY,57.031670074258585,80530.1875,False
2026-05-12 21:02:57.944607,QQQ,STOCK,BUY,72.59956612569398,707.239990234375,False
2026-05-12 21:02:57.944607,IBIT,CRYPTO,BUY,57.278944006798966,45.79999923706055,False
2026-05-12 21:02:57.944607,BTC-USD,CRYPTO,BUY,57.39376390238349,80666.5703125,False
2026-05-13 13:58:23.967402,SPY,STOCK,BUY,65.71011103550734,736.8599853515625,False
2026-05-13 13:58:23.967402,QQQ,STOCK,BUY,70.06308160540462,707.2999877929688,False
2026-05-13 13:58:23.967402,IBIT,CRYPTO,BUY,56.21662116400921,45.08000183105469,False
2026-05-13 13:58:23.967402,BTC-USD,CRYPTO,BUY,56.556500391665296,79589.5703125,False
2026-05-13 21:05:22.681298,SPY,STOCK,BUY,68.0012582796826,742.3099975585938,False
2026-05-13 21:05:22.681298,QQQ,STOCK,BUY,72.14659931177009,714.7100219726562,False
2026-05-13 21:05:22.681298,IBIT,CRYPTO,BUY,55.67131541347853,45.119998931884766,False
2026-05-13 21:05:22.681298,BTC-USD,CRYPTO,BUY,56.35489113832322,79605.7265625,False
2026-05-14 13:56:39.283440,SPY,STOCK,BUY,68.16244658384474,745.405029296875,False
2026-05-14 13:56:39.283440,QQQ,STOCK,BUY,71.85092429756716,718.130126953125,False
2026-05-14 13:56:39.283440,IBIT,CRYPTO,BUY,55.10628328715741,45.31499862670898,False
2026-05-14 13:56:39.283440,BTC-USD,CRYPTO,BUY,55.791915597871615,79967.078125,False
2026-05-14 20:57:25.256873,SPY,STOCK,BUY,70.12508963686278,748.1699829101562,False
2026-05-14 20:57:25.256873,QQQ,STOCK,BUY,73.29419894767258,719.7899780273438,False
2026-05-14 20:57:25.256873,IBIT,CRYPTO,BUY,57.32761888895023,46.16999816894531,False
2026-05-14 20:57:25.256873,BTC-USD,CRYPTO,BUY,58.10028238742918,81368.609375,False
2026-05-15 13:56:11.202788,SPY,STOCK,BUY,60.42877760063256,740.7550048828125,False
2026-05-15 13:56:11.202788,QQQ,STOCK,BUY,63.02840273532812,710.260009765625,False
2026-05-15 13:56:11.202788,IBIT,CRYPTO,BUY,55.91375027242955,44.64899826049805,False
2026-05-15 13:56:11.202788,BTC-USD,CRYPTO,BUY,56.43284559953148,78843.9921875,False
2026-05-15 20:50:05.475812,SPY,STOCK,BUY,59.0419192025131,739.1699829101562,False
2026-05-15 20:50:05.475812,QQQ,STOCK,BUY,62.01978963577027,708.9299926757812,False
2026-05-15 20:50:05.475812,IBIT,CRYPTO,BUY,55.62580529359703,44.81999969482422,False
2026-05-15 20:50:05.475812,BTC-USD,CRYPTO,BUY,56.98490512780387,79021.703125,False
2026-05-18 14:27:10.439471,SPY,STOCK,BUY,59.40868611749082,739.75,False
2026-05-18 14:27:10.439471,QQQ,STOCK,BUY,61.93619846118851,707.6199951171875,False
2026-05-18 14:27:10.439471,IBIT,CRYPTO,BUY,55.88924565265428,43.45000076293945,False
2026-05-18 14:27:10.439471,BTC-USD,CRYPTO,HOLD,45.71897496913568,76705.9921875,False
2026-05-18 20:56:25.301554,SPY,STOCK,BUY,59.27596891296784,738.6500244140625,False
2026-05-18 20:56:25.301554,QQQ,STOCK,BUY,61.52886513699844,705.8800048828125,False
2026-05-18 20:56:25.301554,IBIT,CRYPTO,BUY,55.16229633312723,43.52999877929688,False
2026-05-18 20:56:25.301554,BTC-USD,CRYPTO,HOLD,46.41858889565534,76990.0,False
2026-05-19 14:10:36.920864,SPY,STOCK,HOLD,53.16600828768186,733.2899780273438,True
2026-05-19 14:10:36.920864,QQQ,STOCK,HOLD,55.149211620217855,698.3200073242188,True
2026-05-19 14:10:36.920864,IBIT,CRYPTO,BUY,55.70096182999574,43.42509841918945,False
2026-05-19 14:10:36.920864,BTC-USD,CRYPTO,HOLD,44.157674490259176,76660.2421875,False
2026-05-19 21:02:12.496963,SPY,STOCK,HOLD,52.831078661008505,733.72998046875,True
2026-05-19 21:02:12.496963,QQQ,STOCK,HOLD,55.74878070022271,701.530029296875,True
2026-05-19 21:02:12.496963,IBIT,CRYPTO,BUY,55.84644722900772,43.5,False
2026-05-19 21:02:12.496963,BTC-USD,CRYPTO,HOLD,44.94310954998013,76963.9765625,False
2026-05-20 14:08:45.093435,SPY,STOCK,HOLD,50.95907232862317,735.239990234375,False
2026-05-20 14:08:45.093435,QQQ,STOCK,HOLD,54.22236342604285,705.760009765625,False
2026-05-20 14:08:45.093435,IBIT,CRYPTO,HOLD,54.6702206513992,43.70000076293945,True
2026-05-20 14:08:45.093435,BTC-USD,CRYPTO,HOLD,44.449522410204416,77136.8203125,False
2026-05-20 21:11:37.635396,SPY,STOCK,HOLD,53.35944704206016,741.25,False
2026-05-20 21:11:37.635396,QQQ,STOCK,HOLD,56.328856552356015,713.1500244140625,False
2026-05-20 21:11:37.635396,IBIT,CRYPTO,BUY,55.43406378481807,43.9900016784668,False
2026-05-20 21:11:37.635396,BTC-USD,CRYPTO,HOLD,45.40237536487445,77665.4296875,False
2026-05-21 14:18:05.795675,SPY,STOCK,HOLD,51.75935189685556,738.8499755859375,False
2026-05-21 14:18:05.795675,QQQ,STOCK,HOLD,54.597207909771406,709.4099731445312,False
2026-05-21 14:18:05.795675,IBIT,CRYPTO,HOLD,54.93641822938026,43.58000183105469,True
2026-05-21 14:18:05.795675,BTC-USD,CRYPTO,HOLD,44.30130784568668,76913.453125,False
2026-05-21 21:05:46.672993,SPY,STOCK,HOLD,57.263392402639255,742.719970703125,False
2026-05-21 21:05:46.672993,QQQ,STOCK,BUY,60.08481221596192,714.510009765625,True
2026-05-21 21:05:46.672993,IBIT,CRYPTO,HOLD,55.78213115423368,44.0,True
2026-05-21 21:05:46.672993,BTC-USD,CRYPTO,HOLD,45.85147325223936,77718.578125,False
2026-05-22 14:02:29.279846,SPY,STOCK,BUY,63.01134037223565,746.1300048828125,True
2026-05-22 14:02:29.279846,QQQ,STOCK,BUY,64.57336642811418,717.1900024414062,False
2026-05-22 14:02:29.279846,IBIT,CRYPTO,HOLD,55.972668293518126,43.66999816894531,False
2026-05-22 14:02:29.279846,BTC-USD,CRYPTO,HOLD,45.69616913769855,77053.078125,False
2026-05-22 20:58:32.746262,SPY,STOCK,BUY,62.53715517780411,745.6400146484375,True
2026-05-22 20:58:32.746262,QQQ,STOCK,BUY,64.29068503281667,717.5399780273438,False
2026-05-22 20:58:32.746262,IBIT,CRYPTO,HOLD,53.5903812839651,42.959999084472656,False
2026-05-22 20:58:32.746262,BTC-USD,CRYPTO,SELL,37.896281634231386,75879.890625,True
2026-05-25 14:17:32.782630,SPY,STOCK,BUY,62.434905089571465,745.6400146484375,True
2026-05-25 14:17:32.782630,QQQ,STOCK,BUY,64.17801268207107,717.5399780273438,False
2026-05-25 14:17:32.782630,IBIT,CRYPTO,HOLD,53.58008892767219,42.959999084472656,False
2026-05-25 14:17:32.782630,BTC-USD,CRYPTO,HOLD,46.63018282228998,77428.0,False
2026-05-25 20:53:33.841532,SPY,STOCK,BUY,62.43490509416158,745.6400146484375,True
2026-05-25 20:53:33.841532,QQQ,STOCK,BUY,64.1780127453532,717.5399780273438,False
2026-05-25 20:53:33.841532,IBIT,CRYPTO,HOLD,53.58008892767218,42.959999084472656,False
2026-05-25 20:53:33.841532,BTC-USD,CRYPTO,HOLD,46.27590390529962,77244.9765625,False
2026-05-26 14:12:07.866472,SPY,STOCK,BUY,63.86694469935125,751.2399291992188,False
2026-05-26 14:12:07.866472,QQQ,STOCK,BUY,66.4558550188447,728.27001953125,False
2026-05-26 14:12:07.866472,IBIT,CRYPTO,HOLD,51.5109027709793,43.775001525878906,False
2026-05-26 14:12:07.866472,BTC-USD,CRYPTO,HOLD,48.4054210699604,77230.90625,False
2026-05-26 21:05:58.208786,SPY,STOCK,BUY,67.82759412847318,750.5900268554688,False
2026-05-26 21:05:58.208786,QQQ,STOCK,BUY,71.0960449854898,730.280029296875,False
2026-05-26 21:05:58.208786,IBIT,CRYPTO,HOLD,49.34059468752847,42.9900016784668,False
2026-05-26 21:05:58.208786,BTC-USD,CRYPTO,HOLD,41.31951508726793,75907.328125,False
2026-05-27 14:26:12.829359,SPY,STOCK,BUY,67.61776133705249,749.7899780273438,False
2026-05-27 14:26:12.829359,QQQ,STOCK,BUY,70.02596632023072,726.3599853515625,False
2026-05-27 14:26:12.829359,IBIT,CRYPTO,HOLD,45.42866917548359,42.34000015258789,False
2026-05-27 14:26:12.829359,BTC-USD,CRYPTO,SELL,38.699105669397206,74749.5,True
2026-05-27 21:11:54.334084,SPY,STOCK,BUY,68.33368145511247,750.4600219726562,False
2026-05-27 21:11:54.334084,QQQ,STOCK,BUY,71.35786082579646,729.4500122070312,False
2026-05-27 21:11:54.334084,IBIT,CRYPTO,HOLD,48.90751339269042,42.45000076293945,False
2026-05-27 21:11:54.334084,BTC-USD,CRYPTO,SELL,39.751451677466186,75044.796875,True
2026-05-28 14:28:24.724326,SPY,STOCK,BUY,66.87448250636338,752.5001220703125,False
2026-05-28 14:28:24.724326,QQQ,STOCK,BUY,68.83268311525167,731.4199829101562,False
2026-05-28 14:28:24.724326,IBIT,CRYPTO,HOLD,42.85725147631609,41.220001220703125,False
2026-05-28 14:28:24.724326,BTC-USD,CRYPTO,SELL,32.82309855771913,72785.25,False
2026-05-28 21:16:15.913191,SPY,STOCK,BUY,68.11590275835478,754.5999755859375,False
2026-05-28 21:16:15.913191,QQQ,STOCK,BUY,70.35734755103874,735.5999755859375,False
2026-05-28 21:16:15.913191,IBIT,CRYPTO,HOLD,43.91073683328688,41.560001373291016,False
2026-05-28 21:16:15.913191,BTC-USD,CRYPTO,SELL,35.817905851322735,73585.546875,False
2026-05-29 14:17:14.460292,SPY,STOCK,BUY,66.9173667812063,756.9498901367188,False
2026-05-29 14:17:14.460292,QQQ,STOCK,BUY,69.14243021505125,738.8900146484375,False
2026-05-29 14:17:14.460292,IBIT,CRYPTO,HOLD,44.37280016669606,41.255001068115234,False
2026-05-29 14:17:14.460292,BTC-USD,CRYPTO,SELL,37.67213907066106,72811.96875,False
2026-05-29 21:17:56.302767,SPY,STOCK,BUY,67.14386720826403,756.47998046875,False
2026-05-29 21:17:56.302767,QQQ,STOCK,BUY,69.35119131991657,738.3099975585938,False
2026-05-29 21:17:56.302767,IBIT,CRYPTO,HOLD,45.4016871991081,41.630001068115234,False
2026-05-29 21:17:56.302767,BTC-USD,CRYPTO,HOLD,40.43433662588381,73671.859375,True
2026-06-01 15:25:17.110243,SPY,STOCK,BUY,62.09740210579064,756.2999877929688,False
2026-06-01 15:25:17.110243,QQQ,STOCK,BUY,64.73119806266116,740.469970703125,False
2026-06-01 15:25:17.110243,IBIT,CRYPTO,SELL,39.28931792386054,40.23500061035156,True
2026-06-01 15:25:17.110243,BTC-USD,CRYPTO,SELL,31.89345795887875,71023.7890625,True
2026-06-01 21:43:19.807367,SPY,STOCK,BUY,62.66067937745149,758.5399780273438,False
2026-06-01 21:43:19.807367,QQQ,STOCK,BUY,65.092178489873,742.739990234375,False
2026-06-01 21:43:19.807367,IBIT,CRYPTO,HOLD,40.13867575204035,40.4900016784668,False
2026-06-01 21:43:19.807367,BTC-USD,CRYPTO,SELL,32.04994402240511,71005.0,True
2026-06-02 14:38:10.618226,SPY,STOCK,BUY,61.98013676181885,758.5800170898438,False
2026-06-02 14:38:10.618226,QQQ,STOCK,BUY,64.07079697226129,743.5899047851562,False
2026-06-02 14:38:10.618226,IBIT,CRYPTO,SELL,36.04617286888374,38.56499862670898,True
2026-06-02 14:38:10.618226,BTC-USD,CRYPTO,SELL,21.605939751527888,68070.0625,False
2026-06-02 21:33:13.445417,SPY,STOCK,BUY,62.471204879099794,759.5700073242188,False
2026-06-02 21:33:13.445417,QQQ,STOCK,BUY,64.83527982318505,746.1599731445312,False
2026-06-02 21:33:13.445417,IBIT,CRYPTO,SELL,33.594080301923206,38.04999923706055,True
2026-06-02 21:33:13.445417,BTC-USD,CRYPTO,SELL,19.38350542251758,67735.9609375,False
2026-06-03 14:53:27.420146,SPY,STOCK,BUY,59.805440575672094,756.239990234375,False
2026-06-03 14:53:27.420146,QQQ,STOCK,BUY,63.40821880735586,745.6699829101562,False
2026-06-03 14:53:27.420146,IBIT,CRYPTO,SELL,33.59332199693749,37.80979919433594,False
2026-06-03 14:53:27.420146,BTC-USD,CRYPTO,SELL,16.772894720681876,66756.8828125,False
2026-06-03 21:34:30.072716,SPY,STOCK,BUY,58.60182185550589,754.239990234375,False
2026-06-03 21:34:30.072716,QQQ,STOCK,BUY,62.83534100654173,744.2100219726562,False
2026-06-03 21:34:30.072716,IBIT,CRYPTO,SELL,31.810482962058604,37.0,False
2026-06-03 21:34:30.072716,BTC-USD,CRYPTO,SELL,15.511020046641804,65507.98828125,False
2026-06-04 14:12:22.988723,SPY,STOCK,HOLD,55.6152037516036,753.4099731445312,True
2026-06-04 14:12:22.988723,QQQ,STOCK,BUY,58.11083873122055,735.6099853515625,False
2026-06-04 14:12:22.988723,IBIT,CRYPTO,SELL,31.07408074203248,36.505001068115234,False
2026-06-04 14:12:22.988723,BTC-USD,CRYPTO,SELL,16.056100413617138,64386.78125,False
2026-06-04 21:07:19.490585,SPY,STOCK,HOLD,57.7781183866503,757.0900268554688,True
2026-06-04 21:07:19.490585,QQQ,STOCK,BUY,60.13319713244776,740.6099853515625,False
2026-06-04 21:07:19.490585,IBIT,CRYPTO,SELL,30.122894682938632,36.02000045776367,False
2026-06-04 21:07:19.490585,BTC-USD,CRYPTO,SELL,15.001585308632508,63718.1015625,False
2026-06-05 14:08:19.358127,SPY,STOCK,HOLD,51.70574593798288,749.4199829101562,False
2026-06-05 14:08:19.358127,QQQ,STOCK,HOLD,52.02887916294379,725.1900024414062,True
2026-06-05 14:08:19.358127,IBIT,CRYPTO,SELL,28.315005192193016,34.494998931884766,False
2026-06-05 14:08:19.358127,BTC-USD,CRYPTO,SELL,11.661461950373653,60884.98046875,False
2026-06-05 21:04:52.612908,SPY,STOCK,SELL,41.41638241674602,737.5499877929688,True
2026-06-05 21:04:52.612908,QQQ,STOCK,SELL,40.47298975187973,705.0599975585938,True
2026-06-05 21:04:52.612908,IBIT,CRYPTO,SELL,27.440584391066245,34.13999938964844,False
2026-06-05 21:04:52.612908,BTC-USD,CRYPTO,SELL,11.51230211216539,61834.05078125,False
2026-06-08 14:36:35.213457,SPY,STOCK,HOLD,48.805791668264746,743.5625,True
2026-06-08 14:36:35.213457,QQQ,STOCK,HOLD,48.60826693313294,719.489990234375,True
2026-06-08 14:36:35.213457,IBIT,CRYPTO,SELL,29.28452115216386,36.19499969482422,False
2026-06-08 14:36:35.213457,BTC-USD,CRYPTO,SELL,19.33755705393885,63857.98046875,False
2026-06-08 21:15:12.747590,SPY,STOCK,HOLD,47.17710456498875,739.219970703125,True
2026-06-08 21:15:12.747590,QQQ,STOCK,HOLD,47.88718313189791,716.0700073242188,True
2026-06-08 21:15:12.747590,IBIT,CRYPTO,SELL,30.47433336447012,35.88999938964844,False
2026-06-08 21:15:12.747590,BTC-USD,CRYPTO,SELL,19.467725501513414,63708.25,False
2026-06-09 14:04:06.717722,SPY,STOCK,HOLD,44.16515845052456,744.0700073242188,False
2026-06-09 14:04:06.717722,QQQ,STOCK,HOLD,43.979132435099736,721.1749877929688,False
2026-06-09 14:04:06.717722,IBIT,CRYPTO,SELL,29.40891253428542,35.220001220703125,False
2026-06-09 14:04:06.717722,BTC-USD,CRYPTO,SELL,21.53793283433254,62215.0,False
2026-06-09 21:10:49.703625,SPY,STOCK,SELL,35.31304471628187,737.0499877929688,True
2026-06-09 21:10:49.703625,QQQ,STOCK,SELL,34.267528097322824,707.8300170898438,True
2026-06-09 21:10:49.703625,IBIT,CRYPTO,SELL,29.24515060888825,35.13999938964844,False
2026-06-09 21:10:49.703625,BTC-USD,CRYPTO,SELL,21.350996603212263,62078.69140625,False
2026-06-10 14:25:11.477828,SPY,STOCK,SELL,39.37595038602622,738.2550048828125,False
2026-06-10 14:25:11.477828,QQQ,STOCK,SELL,38.1950508461102,710.3699951171875,False
2026-06-10 14:25:11.477828,IBIT,CRYPTO,SELL,29.55801776678576,35.15999984741211,False
2026-06-10 14:25:11.477828,BTC-USD,CRYPTO,SELL,24.02563973488552,62050.0,False
2026-06-10 21:20:48.505484,SPY,STOCK,SELL,28.4492748327692,725.4299926757812,False
2026-06-10 21:20:48.505484,QQQ,STOCK,SELL,28.84178274600556,693.6900024414062,False
2026-06-10 21:20:48.505484,IBIT,CRYPTO,SELL,28.77857973536032,35.08000183105469,False
2026-06-10 21:20:48.505484,BTC-USD,CRYPTO,SELL,22.56438814741413,61536.3203125,False
2026-06-11 14:27:15.145322,SPY,STOCK,SELL,28.68459176850039,728.6199951171875,False
2026-06-11 14:27:15.145322,QQQ,STOCK,SELL,30.373339894321383,701.8201293945312,False
2026-06-11 14:27:15.145322,IBIT,CRYPTO,SELL,31.86006523062263,35.6150016784668,False
2026-06-11 14:27:15.145322,BTC-USD,CRYPTO,SELL,25.60877006578059,62848.16015625,False
2026-06-11 14:37:37.324957,SPY,STOCK,SELL,28.764263314829744,728.97998046875,False
2026-06-11 14:37:37.324957,QQQ,STOCK,SELL,30.389064396127853,702.05908203125,False
2026-06-11 14:37:37.324957,IBIT,CRYPTO,SELL,31.948699306826448,35.650001525878906,False
2026-06-11 14:37:37.324957,BTC-USD,CRYPTO,SELL,25.77873067290344,62919.98046875,False
2026-06-11 14:37:37.324957,TQQQ,LEVERAGED,SELL,30.389064396127853,71.7300033569336,False
2026-06-11 21:18:29.730058,SPY,STOCK,SELL,38.74681886779487,737.760009765625,False
2026-06-11 21:18:29.730058,QQQ,STOCK,SELL,40.75042977323632,717.1199951171875,False
2026-06-11 21:18:29.730058,IBIT,CRYPTO,SELL,33.24809264842303,36.04999923706055,False
2026-06-11 21:18:29.730058,BTC-USD,CRYPTO,SELL,27.45674882709569,63463.98046875,False
2026-06-11 21:18:29.730058,TQQQ,LEVERAGED,SELL,40.75042977323632,76.01000213623047,False
2026-06-12 14:17:09.343435,SPY,STOCK,HOLD,42.11839036535155,740.8200073242188,True
2026-06-12 14:17:09.343435,QQQ,STOCK,HOLD,44.758468415214345,720.469970703125,True
2026-06-12 14:17:09.343435,IBIT,CRYPTO,SELL,35.01769697586395,35.98500061035156,False
2026-06-12 14:17:09.343435,BTC-USD,CRYPTO,SELL,29.056578466974106,63483.30859375,False
2026-06-12 14:17:09.343435,TQQQ,LEVERAGED,HOLD,44.758468415214345,77.21990203857422,True
2026-06-12 21:07:26.410702,SPY,STOCK,HOLD,43.30740818848964,741.75,True
2026-06-12 21:07:26.410702,QQQ,STOCK,HOLD,45.73315485753695,721.3400268554688,True
2026-06-12 21:07:26.410702,IBIT,CRYPTO,SELL,35.101447675502925,36.040000915527344,False
2026-06-12 21:07:26.410702,BTC-USD,CRYPTO,SELL,28.94000451866613,63432.0,False
2026-06-12 21:07:26.410702,TQQQ,LEVERAGED,HOLD,45.73315485753695,77.5199966430664,False
2026-06-15 15:23:12.860629,SPY,STOCK,HOLD,54.916972513751816,754.8800048828125,False
2026-06-15 15:23:12.860629,QQQ,STOCK,HOLD,56.385974330197975,742.8399047851562,False
2026-06-15 15:23:12.860629,IBIT,CRYPTO,SELL,39.17810382920818,37.75,False
2026-06-15 15:23:12.860629,BTC-USD,CRYPTO,HOLD,42.18355420836158,66627.640625,True
2026-06-15 15:23:12.860629,TQQQ,LEVERAGED,HOLD,56.385974330197975,84.40989685058594,False
2026-06-15 21:33:21.489243,SPY,STOCK,HOLD,55.26699415751342,754.8300170898438,False
2026-06-15 21:33:21.489243,QQQ,STOCK,HOLD,57.00843421788922,744.0,False
2026-06-15 21:33:21.489243,IBIT,CRYPTO,SELL,39.74448678425407,37.7400016784668,False
2026-06-15 21:33:21.489243,BTC-USD,CRYPTO,HOLD,42.55932832126613,66393.1328125,True
2026-06-15 21:33:21.489243,TQQQ,LEVERAGED,HOLD,57.00843421788922,84.58999633789062,False
2026-06-16 14:57:56.091772,IBIT,CRYPTO,SELL,38.59387457745291,37.209999084472656,False
2026-06-16 14:57:56.091772,BTC-USD,CRYPTO,HOLD,48.026461902905695,65688.34375,False
2026-06-16 21:31:34.449528,SPY,STOCK,HOLD,53.39370854369378,750.3300170898438,False
2026-06-16 21:31:34.449528,QQQ,STOCK,HOLD,53.99898392908924,729.8599853515625,False
2026-06-16 21:31:34.449528,IBIT,CRYPTO,HOLD,41.05096273439908,37.16999816894531,True
2026-06-16 21:31:34.449528,BTC-USD,CRYPTO,HOLD,48.36492172740545,65677.6171875,False
2026-06-16 21:31:34.449528,TQQQ,LEVERAGED,HOLD,53.99898392908924,79.93000030517578,False
2026-06-17 14:26:01.119007,SPY,STOCK,HOLD,55.10079067719318,751.8800048828125,False
2026-06-17 14:26:01.119007,QQQ,STOCK,HOLD,55.78573056542054,735.2000122070312,False
2026-06-17 14:26:01.119007,IBIT,CRYPTO,SELL,38.17907142849131,36.880001068115234,True
2026-06-17 14:26:01.119007,BTC-USD,CRYPTO,HOLD,49.86943396223133,65101.48046875,False
2026-06-17 14:26:01.119007,TQQQ,LEVERAGED,HOLD,55.78573056542054,81.67500305175781,False
2026-06-17 21:16:43.752602,SPY,STOCK,HOLD,49.527428093623975,740.9600219726562,False
2026-06-17 21:16:43.752602,QQQ,STOCK,HOLD,51.30363719461656,722.510009765625,False
2026-06-17 21:16:43.752602,IBIT,CRYPTO,SELL,37.154442193938806,36.36000061035156,True
2026-06-17 21:16:43.752602,BTC-USD,CRYPTO,HOLD,48.11437045833353,64261.48828125,False
2026-06-17 21:16:43.752602,TQQQ,LEVERAGED,HOLD,51.30363719461656,77.54000091552734,False
2026-06-18 14:20:00.137434,SPY,STOCK,HOLD,49.7493716559657,746.1500244140625,False
2026-06-18 14:20:00.137434,QQQ,STOCK,HOLD,52.241298152316055,737.469970703125,False
2026-06-18 14:20:00.137434,IBIT,CRYPTO,SELL,38.94682777020645,36.18000030517578,False
2026-06-18 14:20:00.137434,BTC-USD,CRYPTO,HOLD,47.12504208239725,63862.26171875,False
2026-06-18 14:20:00.137434,TQQQ,LEVERAGED,HOLD,52.241298152316055,82.22000122070312,False
2026-06-18 21:19:05.332338,SPY,STOCK,HOLD,54.37661821470059,746.739990234375,False
2026-06-18 21:19:05.332338,QQQ,STOCK,HOLD,57.41437856748633,740.6199951171875,False
2026-06-18 21:19:05.332338,IBIT,CRYPTO,SELL,37.39055339492442,35.619998931884766,False
2026-06-18 21:19:05.332338,BTC-USD,CRYPTO,HOLD,44.486599028839606,62925.05078125,False
2026-06-18 21:19:05.332338,TQQQ,LEVERAGED,HOLD,57.41437856748633,82.87000274658203,False
2026-06-19 14:19:56.102054,SPY,STOCK,HOLD,55.179346482862584,746.739990234375,False
2026-06-19 14:19:56.102054,QQQ,STOCK,HOLD,57.48854648408511,740.6199951171875,False
2026-06-19 14:19:56.102054,IBIT,CRYPTO,SELL,37.4817083888234,35.619998931884766,False
2026-06-19 14:19:56.102054,BTC-USD,CRYPTO,HOLD,42.8456462993314,63003.9296875,False
2026-06-19 14:19:56.102054,TQQQ,LEVERAGED,HOLD,57.48854648408511,82.87000274658203,False
