timestamp,ticker,type,signal,fg_index,price,signal_changed
2024-06-11 16:30:00,SPY,STOCK,BUY,59.615052240463754,524.1927490234375,True
2024-06-11 16:30:00,QQQ,STOCK,BUY,63.56550271373078,462.9358215332031,False
2024-06-11 16:30:00,IBIT,CRYPTO,HOLD,59.144268634392716,38.43000030517578,True
2024-06-11 16:30:00,BTC-USD,CRYPTO,HOLD,55.77634079716462,67332.03125,True
2024-06-12 16:30:00,SPY,STOCK,BUY,62.127004485491454,528.4979248046875,False
2024-06-12 16:30:00,QQQ,STOCK,BUY,65.60598797372282,468.999267578125,False
2024-06-12 16:30:00,IBIT,CRYPTO,HOLD,56.885825059932955,38.45000076293945,False
2024-06-12 16:30:00,BTC-USD,CRYPTO,BUY,57.36881230591696,68241.1875,True
2024-06-13 16:30:00,SPY,STOCK,BUY,61.710325859182774,529.5620727539062,False
2024-06-13 16:30:00,QQQ,STOCK,BUY,65.24283493791334,471.5413513183594,False
2024-06-13 16:30:00,IBIT,CRYPTO,BUY,56.7038325816655,37.900001525878906,True
2024-06-13 16:30:00,BTC-USD,CRYPTO,HOLD,53.24285492339083,66756.3984375,True
2024-06-14 16:30:00,SPY,STOCK,BUY,60.33623124406032,529.88427734375,False
2024-06-14 16:30:00,QQQ,STOCK,BUY,64.95352643780788,473.9844970703125,False
2024-06-14 16:30:00,IBIT,CRYPTO,HOLD,50.97765432748168,37.29999923706055,True
2024-06-14 16:30:00,BTC-USD,CRYPTO,HOLD,48.91146932571782,66011.09375,False
2024-06-15 16:30:00,BTC-USD,CRYPTO,HOLD,52.31426669670909,66191.0,False
2024-06-16 16:30:00,BTC-USD,CRYPTO,HOLD,52.77608869321316,66639.046875,False
2024-06-17 16:30:00,SPY,STOCK,BUY,63.90359702869918,534.1015014648438,False
2024-06-17 16:30:00,QQQ,STOCK,BUY,68.98231583369977,479.79071044921875,False
2024-06-17 16:30:00,IBIT,CRYPTO,HOLD,54.7106651665598,37.97999954223633,False
2024-06-17 16:30:00,BTC-USD,CRYPTO,HOLD,50.502295371879164,66490.296875,False
2024-06-18 16:30:00,SPY,STOCK,BUY,64.86294067384154,535.4585571289062,False
2024-06-18 16:30:00,QQQ,STOCK,BUY,68.4221800487481,479.9391174316406,False
2024-06-18 16:30:00,IBIT,CRYPTO,HOLD,49.42755479809339,36.63999938964844,False
2024-06-18 16:30:00,BTC-USD,CRYPTO,HOLD,42.84036039432599,65140.74609375,False
2024-06-19 16:30:00,BTC-USD,CRYPTO,HOLD,42.138453820732394,64960.296875,False
2024-06-20 16:30:00,SPY,STOCK,BUY,63.363409509294435,534.0040283203125,False
2024-06-20 16:30:00,QQQ,STOCK,BUY,65.48112997434283,476.2397766113281,False
2024-06-20 16:30:00,IBIT,CRYPTO,HOLD,50.03923548712809,37.040000915527344,False
2024-06-20 16:30:00,BTC-USD,CRYPTO,HOLD,43.41021389230966,64828.65625,False
2024-06-21 16:30:00,SPY,STOCK,BUY,62.97881440829796,533.2880859375,False
2024-06-21 16:30:00,QQQ,STOCK,BUY,64.6203152480787,474.9637451171875,False
2024-06-21 16:30:00,IBIT,CRYPTO,HOLD,51.195577537219535,36.58000183105469,False
2024-06-21 16:30:00,BTC-USD,CRYPTO,HOLD,42.3688241560623,64096.19921875,False
2024-06-22 16:30:00,BTC-USD,CRYPTO,HOLD,42.37532628372799,64252.578125,False
2024-06-23 16:30:00,BTC-USD,CRYPTO,SELL,38.80975326405124,63180.796875,True
2024-06-24 16:30:00,SPY,STOCK,HOLD,56.79803716599686,531.554443359375,True
2024-06-24 16:30:00,QQQ,STOCK,HOLD,55.03358186043587,469.55645751953125,True
2024-06-24 16:30:00,IBIT,CRYPTO,SELL,37.355030627582565,33.76499938964844,True
2024-06-24 16:30:00,BTC-USD,CRYPTO,SELL,33.44198417577502,60277.4140625,False
2024-06-25 16:30:00,SPY,STOCK,BUY,61.42191695594694,533.6014404296875,True
2024-06-25 16:30:00,QQQ,STOCK,BUY,60.73264698946435,474.9261169433594,True
2024-06-25 16:30:00,IBIT,CRYPTO,HOLD,42.37554002883699,35.29999923706055,True
2024-06-25 16:30:00,BTC-USD,CRYPTO,SELL,39.676224870244894,61804.640625,False
2024-06-26 16:30:00,SPY,STOCK,HOLD,57.10940718776037,534.2674560546875,True
2024-06-26 16:30:00,QQQ,STOCK,HOLD,56.503774110320464,475.9068908691406,True
2024-06-26 16:30:00,IBIT,CRYPTO,HOLD,42.54885427979847,34.709999084472656,False
2024-06-26 16:30:00,BTC-USD,CRYPTO,SELL,39.8508613195784,60811.27734375,False
2024-06-27 16:30:00,SPY,STOCK,HOLD,53.10374702323812,535.109619140625,False
2024-06-27 16:30:00,QQQ,STOCK,HOLD,52.63878650626131,477.1353759765625,False
2024-06-27 16:30:00,IBIT,CRYPTO,HOLD,44.27910077830149,34.97999954223633,False
2024-06-27 16:30:00,BTC-USD,CRYPTO,HOLD,43.35212313998106,61604.80078125,True
2024-06-28 16:30:00,SPY,STOCK,HOLD,55.02922129360713,533.0039672851562,False
2024-06-28 16:30:00,QQQ,STOCK,HOLD,55.08225202471053,474.6585693359375,False
2024-06-28 16:30:00,IBIT,CRYPTO,SELL,38.39369185431412,34.13999938964844,True
2024-06-28 16:30:00,BTC-USD,CRYPTO,HOLD,41.528170976131065,60320.13671875,False
2024-06-29 16:30:00,BTC-USD,CRYPTO,HOLD,42.583536851883075,60887.37890625,False
2024-06-30 16:30:00,BTC-USD,CRYPTO,HOLD,45.92697873585927,62678.29296875,False
2024-07-01 16:30:00,SPY,STOCK,HOLD,57.50742399794687,534.1008911132812,False
2024-07-01 16:30:00,QQQ,STOCK,BUY,59.90662793634855,477.4425354003906,True
2024-07-01 16:30:00,IBIT,CRYPTO,HOLD,47.51951685276247,36.0,True
2024-07-01 16:30:00,BTC-USD,CRYPTO,HOLD,49.61956158927911,62851.98046875,False
2024-07-02 16:30:00,SPY,STOCK,BUY,59.98960240915396,537.6952514648438,True
2024-07-02 16:30:00,QQQ,STOCK,BUY,61.405964500796465,482.45550537109375,False
2024-07-02 16:30:00,IBIT,CRYPTO,HOLD,46.974859722677465,35.220001220703125,False
2024-07-02 16:30:00,BTC-USD,CRYPTO,HOLD,47.710550642844744,62029.015625,False
2024-07-03 16:30:00,SPY,STOCK,BUY,60.79690241078965,540.0948486328125,False
2024-07-03 16:30:00,QQQ,STOCK,BUY,62.39122716261471,486.477783203125,False
2024-07-03 16:30:00,IBIT,CRYPTO,HOLD,44.72776747871997,34.439998626708984,False
2024-07-03 16:30:00,BTC-USD,CRYPTO,HOLD,44.217642595471524,60173.921875,False
2024-07-04 16:30:00,BTC-USD,CRYPTO,SELL,27.32028105266887,56977.703125,True
2024-07-05 16:30:00,SPY,STOCK,BUY,68.66060554066955,543.2093505859375,False
2024-07-05 16:30:00,QQQ,STOCK,BUY,70.40461697928929,491.55023193359375,False
2024-07-05 16:30:00,IBIT,CRYPTO,SELL,34.99573899148218,32.20000076293945,True
2024-07-05 16:30:00,BTC-USD,CRYPTO,SELL,25.90706170533257,56662.375,False
2024-07-06 16:30:00,BTC-USD,CRYPTO,SELL,30.46511132181755,58303.5390625,False
2024-07-07 16:30:00,BTC-USD,CRYPTO,SELL,26.144894175408343,55849.109375,False
2024-07-08 16:30:00,SPY,STOCK,BUY,69.60601082453738,543.8360595703125,False
2024-07-08 16:30:00,QQQ,STOCK,BUY,71.33627651700426,492.7192077636719,False
2024-07-08 16:30:00,IBIT,CRYPTO,SELL,35.3808859950818,32.15999984741211,False
2024-07-08 16:30:00,BTC-USD,CRYPTO,SELL,31.165215051455604,56705.09765625,False
2024-07-09 16:30:00,SPY,STOCK,BUY,67.78150109142852,544.364990234375,False
2024-07-09 16:30:00,QQQ,STOCK,BUY,69.08270787561061,493.1452331542969,False
2024-07-09 16:30:00,IBIT,CRYPTO,SELL,37.571905298965916,32.959999084472656,False
2024-07-09 16:30:00,BTC-USD,CRYPTO,SELL,31.600767050366784,58009.2265625,False
2024-07-10 16:30:00,SPY,STOCK,BUY,68.43908923847522,549.7515258789062,False
2024-07-10 16:30:00,QQQ,STOCK,BUY,68.99586555212139,498.2870178222656,False
2024-07-10 16:30:00,IBIT,CRYPTO,SELL,38.31984023130882,32.66999816894531,False
2024-07-10 16:30:00,BTC-USD,CRYPTO,SELL,33.94070678629171,57742.49609375,False
2024-07-11 16:30:00,SPY,STOCK,BUY,61.793751558514174,545.0113525390625,False
2024-07-11 16:30:00,QQQ,STOCK,BUY,59.25464490795355,487.3595275878906,False
2024-07-11 16:30:00,IBIT,CRYPTO,SELL,36.23793107846363,32.70000076293945,False
2024-07-11 16:30:00,BTC-USD,CRYPTO,SELL,34.69255512469635,57344.9140625,False
2024-07-12 16:30:00,SPY,STOCK,BUY,63.58863403951816,548.448974609375,False
2024-07-12 16:30:00,QQQ,STOCK,BUY,60.043485713863646,490.22265625,False
2024-07-12 16:30:00,IBIT,CRYPTO,SELL,38.15684048289525,32.849998474121094,False
2024-07-12 16:30:00,BTC-USD,CRYPTO,SELL,37.28148295765812,57899.46484375,False
2024-07-13 16:30:00,BTC-USD,CRYPTO,HOLD,41.36874538982736,59231.953125,True
2024-07-14 16:30:00,BTC-USD,CRYPTO,HOLD,51.78264845865185,60787.79296875,False
2024-07-15 16:30:00,SPY,STOCK,BUY,69.48994995015704,549.9573364257812,False
2024-07-15 16:30:00,QQQ,STOCK,BUY,65.8963670802788,491.540283203125,False
2024-07-15 16:30:00,IBIT,CRYPTO,HOLD,51.18681520920969,36.150001525878906,True
2024-07-15 16:30:00,BTC-USD,CRYPTO,BUY,63.82185730725719,64870.15234375,True
2024-07-16 16:30:00,SPY,STOCK,BUY,65.83156675021758,553.2186889648438,False
2024-07-16 16:30:00,QQQ,STOCK,BUY,60.158465363982444,491.728515625,False
2024-07-16 16:30:00,IBIT,CRYPTO,BUY,57.21073410094421,37.16999816894531,True
2024-07-16 16:30:00,BTC-USD,CRYPTO,BUY,64.28157300899538,65097.1484375,False
2024-07-17 16:30:00,SPY,STOCK,HOLD,45.33191886590208,545.4618530273438,True
2024-07-17 16:30:00,QQQ,STOCK,SELL,38.95481376506,477.29388427734375,True
2024-07-17 16:30:00,IBIT,CRYPTO,BUY,55.87570310908293,36.84000015258789,False
2024-07-17 16:30:00,BTC-USD,CRYPTO,BUY,63.61605665130076,64118.79296875,False
2024-07-18 16:30:00,SPY,STOCK,SELL,41.56337849537575,541.2700805664062,True
2024-07-18 16:30:00,QQQ,STOCK,SELL,37.89482671105141,475.03509521484375,False
2024-07-18 16:30:00,IBIT,CRYPTO,HOLD,51.138838239345944,36.220001220703125,True
2024-07-18 16:30:00,BTC-USD,CRYPTO,BUY,70.08020824770624,63974.06640625,False
2024-07-19 16:30:00,SPY,STOCK,SELL,37.466621129809845,537.6756591796875,False
2024-07-19 16:30:00,QQQ,STOCK,SELL,33.68183890790742,470.8245544433594,False
2024-07-19 16:30:00,IBIT,CRYPTO,BUY,61.80530194353469,38.400001525878906,True
2024-07-19 16:30:00,BTC-USD,CRYPTO,BUY,73.42863770360643,66710.15625,False
2024-07-20 16:30:00,BTC-USD,CRYPTO,BUY,72.73905379754515,67163.6484375,False
2024-07-21 16:30:00,BTC-USD,CRYPTO,BUY,77.88333302295126,68154.5234375,False
2024-07-22 16:30:00,SPY,STOCK,HOLD,43.316216528782185,543.2190551757812,True
2024-07-22 16:30:00,QQQ,STOCK,SELL,39.31089885829673,477.83880615234375,False
2024-07-22 16:30:00,IBIT,CRYPTO,BUY,59.72918303733311,38.93000030517578,False
2024-07-22 16:30:00,BTC-USD,CRYPTO,BUY,71.07336592659702,67585.25,False
2024-07-23 16:30:00,SPY,STOCK,SELL,41.411241436325426,542.3670043945312,True
2024-07-23 16:30:00,QQQ,STOCK,SELL,38.074768106980876,476.154541015625,False
2024-07-23 16:30:00,IBIT,CRYPTO,BUY,59.058083222800754,37.34000015258789,False
2024-07-23 16:30:00,BTC-USD,CRYPTO,BUY,65.87138628156431,65927.671875,False
2024-07-24 16:30:00,SPY,STOCK,SELL,29.739000744942363,530.0755615234375,False
2024-07-24 16:30:00,QQQ,STOCK,SELL,24.94710769200469,459.0747375488281,False
2024-07-24 16:30:00,IBIT,CRYPTO,BUY,59.06762685679834,37.41999816894531,False
2024-07-24 16:30:00,BTC-USD,CRYPTO,BUY,64.18099132648338,65372.1328125,False
2024-07-25 16:30:00,SPY,STOCK,SELL,23.659547719418093,527.313720703125,False
2024-07-25 16:30:00,QQQ,STOCK,SELL,17.50428586639958,454.01220703125,False
2024-07-25 16:30:00,IBIT,CRYPTO,BUY,58.31546184814448,36.83000183105469,False
2024-07-25 16:30:00,BTC-USD,CRYPTO,BUY,62.1014780493441,65777.2265625,False
2024-07-26 16:30:00,SPY,STOCK,SELL,30.67141376878982,533.219482421875,False
2024-07-26 16:30:00,QQQ,STOCK,SELL,23.221396630252187,458.6685791015625,False
2024-07-26 16:30:00,IBIT,CRYPTO,BUY,66.91948056839745,38.790000915527344,False
2024-07-26 16:30:00,BTC-USD,CRYPTO,BUY,61.347866690485525,67912.0625,False
2024-07-27 16:30:00,BTC-USD,CRYPTO,BUY,58.3568149634651,67813.3359375,False
2024-07-28 16:30:00,BTC-USD,CRYPTO,HOLD,52.56580857990062,68255.8671875,True
2024-07-29 16:30:00,SPY,STOCK,SELL,25.582211659662697,533.5328369140625,False
2024-07-29 16:30:00,QQQ,STOCK,SELL,20.178270141974284,459.5898742675781,False
2024-07-29 16:30:00,IBIT,CRYPTO,BUY,62.784317525281374,38.34000015258789,False
2024-07-29 16:30:00,BTC-USD,CRYPTO,HOLD,50.238057335936155,66819.9140625,False
2024-07-30 16:30:00,SPY,STOCK,SELL,21.554048723326666,530.8297729492188,False
2024-07-30 16:30:00,QQQ,STOCK,SELL,16.691693029802874,453.2791442871094,False
2024-07-30 16:30:00,IBIT,CRYPTO,BUY,58.11258164467668,37.54999923706055,False
2024-07-30 16:30:00,BTC-USD,CRYPTO,HOLD,49.631297700932954,66201.015625,False
2024-07-31 16:30:00,SPY,STOCK,SELL,32.19731740264239,539.458251953125,False
2024-07-31 16:30:00,QQQ,STOCK,SELL,28.950862437852976,466.69329833984375,False
2024-07-31 16:30:00,IBIT,CRYPTO,BUY,56.135984306185,37.18000030517578,False
2024-07-31 16:30:00,BTC-USD,CRYPTO,HOLD,49.56334172453553,64619.25,False
2024-08-01 16:30:00,SPY,STOCK,SELL,26.66949875469666,531.8189697265625,False
2024-08-01 16:30:00,QQQ,STOCK,SELL,23.99135456975346,455.3893127441406,False
2024-08-01 16:30:00,IBIT,CRYPTO,HOLD,44.15606044980118,36.06999969482422,True
2024-08-01 16:30:00,BTC-USD,CRYPTO,HOLD,50.83516530567207,65357.5,False
2024-08-02 16:30:00,SPY,STOCK,SELL,16.77821776725045,521.9173583984375,False
2024-08-02 16:30:00,QQQ,STOCK,SELL,15.870269665953233,444.5806579589844,False
2024-08-02 16:30:00,IBIT,CRYPTO,HOLD,48.08844593065718,35.61000061035156,False
2024-08-02 16:30:00,BTC-USD,CRYPTO,SELL,32.09473645512267,61415.06640625,True
2024-08-03 16:30:00,BTC-USD,CRYPTO,SELL,27.43898224700453,60680.09375,False
2024-08-04 16:30:00,BTC-USD,CRYPTO,SELL,20.459172981946214,58116.9765625,False
2024-08-05 16:30:00,SPY,STOCK,SELL,7.039286123054938,506.7171325683594,False
2024-08-05 16:30:00,QQQ,STOCK,SELL,7.083268863962942,431.32501220703125,False
2024-08-05 16:30:00,IBIT,CRYPTO,SELL,13.794742369500403,30.479999542236328,True
2024-08-05 16:30:00,BTC-USD,CRYPTO,SELL,13.533888225589921,53991.45703125,False
2024-08-06 16:30:00,SPY,STOCK,SELL,12.429712824691363,511.38885498046875,False
2024-08-06 16:30:00,QQQ,STOCK,SELL,12.398284358696227,435.4463195800781,False
2024-08-06 16:30:00,IBIT,CRYPTO,SELL,17.796148996657415,32.34000015258789,False
2024-08-06 16:30:00,BTC-USD,CRYPTO,SELL,18.032765077762676,56034.31640625,False
2024-08-07 16:30:00,SPY,STOCK,SELL,10.168618297163555,507.9707336425781,False
2024-08-07 16:30:00,QQQ,STOCK,SELL,9.995671002901707,430.73052978515625,False
2024-08-07 16:30:00,IBIT,CRYPTO,SELL,16.89514240030179,31.190000534057617,False
2024-08-07 16:30:00,BTC-USD,CRYPTO,SELL,17.79364815311621,55027.4609375,False
2024-08-08 16:30:00,SPY,STOCK,SELL,27.86537872424794,519.7137451171875,False
2024-08-08 16:30:00,QQQ,STOCK,SELL,27.645092962867537,443.9070129394531,False
2024-08-08 16:30:00,IBIT,CRYPTO,SELL,22.402095973173136,33.880001068115234,False
2024-08-08 16:30:00,BTC-USD,CRYPTO,SELL,28.78978787371874,61710.13671875,False
2024-08-09 16:30:00,SPY,STOCK,SELL,35.16783309945906,522.0054931640625,False
2024-08-09 16:30:00,QQQ,STOCK,SELL,34.73606223731227,446.22528076171875,False
2024-08-09 16:30:00,IBIT,CRYPTO,SELL,27.412319413053794,34.599998474121094,False
2024-08-09 16:30:00,BTC-USD,CRYPTO,SELL,29.543137471859524,60880.11328125,False
2024-08-10 16:30:00,BTC-USD,CRYPTO,SELL,30.43059405994235,60945.8125,False
2024-08-11 16:30:00,BTC-USD,CRYPTO,SELL,30.204465756541122,58719.484375,False
2024-08-12 16:30:00,SPY,STOCK,SELL,33.559356087229915,522.2797241210938,False
2024-08-12 16:30:00,QQQ,STOCK,SELL,33.295402920791915,447.1862487792969,False
2024-08-12 16:30:00,IBIT,CRYPTO,SELL,24.113946511053044,33.63999938964844,False
2024-08-12 16:30:00,BTC-USD,CRYPTO,SELL,34.30449393102548,59354.515625,False
2024-08-13 16:30:00,SPY,STOCK,HOLD,48.8009781546492,530.868896484375,True
2024-08-13 16:30:00,QQQ,STOCK,HOLD,49.58543215483731,458.28216552734375,True
2024-08-13 16:30:00,IBIT,CRYPTO,SELL,27.780183828603246,34.63999938964844,False
2024-08-13 16:30:00,BTC-USD,CRYPTO,SELL,36.15456087800204,60609.56640625,False
2024-08-14 16:30:00,SPY,STOCK,HOLD,47.79846085910303,532.5436401367188,False
2024-08-14 16:30:00,QQQ,STOCK,HOLD,48.626955850614095,458.4307861328125,False
2024-08-14 16:30:00,IBIT,CRYPTO,SELL,29.978985089422594,33.560001373291016,False
2024-08-14 16:30:00,BTC-USD,CRYPTO,SELL,35.811756868936456,58737.26953125,False
2024-08-15 16:30:00,SPY,STOCK,HOLD,57.00130677483066,541.6715698242188,False
2024-08-15 16:30:00,QQQ,STOCK,HOLD,57.7923860171745,470.01220703125,False
2024-08-15 16:30:00,IBIT,CRYPTO,SELL,27.015566154690656,32.5,False
2024-08-15 16:30:00,BTC-USD,CRYPTO,SELL,33.34300112487771,57560.09765625,False
2024-08-16 16:30:00,SPY,STOCK,HOLD,58.44884066679952,542.885986328125,False
2024-08-16 16:30:00,QQQ,STOCK,HOLD,58.887904400566256,470.6165466308594,False
2024-08-16 16:30:00,IBIT,CRYPTO,SELL,34.93935451619048,34.029998779296875,False
2024-08-16 16:30:00,BTC-USD,CRYPTO,SELL,38.76845098059777,58894.10546875,False
2024-08-17 16:30:00,BTC-USD,CRYPTO,HOLD,40.228871871003754,59478.97265625,True
2024-08-18 16:30:00,BTC-USD,CRYPTO,HOLD,41.77354110895703,58483.96484375,False
2024-08-19 16:30:00,SPY,STOCK,HOLD,64.870900965856,548.0767822265625,False
2024-08-19 16:30:00,QQQ,STOCK,HOLD,64.95413833694722,476.79852294921875,False
2024-08-19 16:30:00,IBIT,CRYPTO,SELL,30.977933249197978,33.619998931884766,False
2024-08-19 16:30:00,BTC-USD,CRYPTO,HOLD,50.02633241920373,59493.453125,False
2024-08-20 16:30:00,SPY,STOCK,HOLD,59.38633319927548,547.1856079101562,False
2024-08-20 16:30:00,QQQ,STOCK,HOLD,58.880583868314325,475.7979431152344,False
2024-08-20 16:30:00,IBIT,CRYPTO,SELL,33.79555034538192,33.91999816894531,False
2024-08-20 16:30:00,BTC-USD,CRYPTO,HOLD,47.17790151047556,59012.79296875,False
2024-08-21 16:30:00,SPY,STOCK,HOLD,67.85068335910032,549.0660400390625,False
2024-08-21 16:30:00,QQQ,STOCK,HOLD,67.68384783511974,478.01715087890625,False
2024-08-21 16:30:00,IBIT,CRYPTO,HOLD,47.13350063858095,35.130001068115234,True
2024-08-21 16:30:00,BTC-USD,CRYPTO,HOLD,52.20965587418405,61175.19140625,False
2024-08-22 16:30:00,SPY,STOCK,HOLD,62.33719386459304,544.7566528320312,False
2024-08-22 16:30:00,QQQ,STOCK,HOLD,61.03282307858891,470.438232421875,False
2024-08-22 16:30:00,IBIT,CRYPTO,SELL,37.68708642714855,34.349998474121094,True
2024-08-22 16:30:00,BTC-USD,CRYPTO,HOLD,49.24096891324734,60381.9140625,False
2024-08-23 16:30:00,SPY,STOCK,HOLD,66.68831240296828,550.5448608398438,False
2024-08-23 16:30:00,QQQ,STOCK,HOLD,64.9750515864713,475.54034423828125,False
2024-08-23 16:30:00,IBIT,CRYPTO,BUY,68.4087762606674,36.279998779296875,True
2024-08-23 16:30:00,BTC-USD,CRYPTO,BUY,63.8569368316954,64094.35546875,True
2024-08-24 16:30:00,BTC-USD,CRYPTO,BUY,64.38294846276968,64178.9921875,False
2024-08-25 16:30:00,BTC-USD,CRYPTO,BUY,67.58029226637015,64333.54296875,False
2024-08-26 16:30:00,SPY,STOCK,HOLD,64.84675146601437,549.2324829101562,False
2024-08-26 16:30:00,QQQ,STOCK,HOLD,61.92048151425784,470.9236145019531,False
2024-08-26 16:30:00,IBIT,CRYPTO,BUY,67.59982309706825,36.09000015258789,False
2024-08-26 16:30:00,BTC-USD,CRYPTO,BUY,59.263645109424395,62880.66015625,False
2024-08-27 16:30:00,SPY,STOCK,HOLD,66.22129559998928,549.9866943359375,False
2024-08-27 16:30:00,QQQ,STOCK,HOLD,63.71868921294101,472.3304443359375,False
2024-08-27 16:30:00,IBIT,CRYPTO,BUY,61.71524431336308,35.380001068115234,False
2024-08-27 16:30:00,BTC-USD,CRYPTO,HOLD,46.691174115199516,59504.1328125,True
2024-08-28 16:30:00,SPY,STOCK,HOLD,56.752642975025516,546.7938842773438,False
2024-08-28 16:30:00,QQQ,STOCK,HOLD,53.42101039309246,466.9706726074219,False
2024-08-28 16:30:00,IBIT,CRYPTO,HOLD,49.14912280935199,33.52000045776367,True
2024-08-28 16:30:00,BTC-USD,CRYPTO,HOLD,46.267515724187746,59027.625,False
2024-08-29 16:30:00,SPY,STOCK,HOLD,59.65461549595154,546.8427124023438,False
2024-08-29 16:30:00,QQQ,STOCK,HOLD,56.41943334416483,466.287109375,False
2024-08-29 16:30:00,IBIT,CRYPTO,HOLD,50.47948747105701,33.689998626708984,False
2024-08-29 16:30:00,BTC-USD,CRYPTO,HOLD,51.50216646142378,59388.1796875,False
2024-08-30 16:30:00,SPY,STOCK,BUY,60.118857411328484,552.0629272460938,True
2024-08-30 16:30:00,QQQ,STOCK,HOLD,56.91282120693423,471.8450012207031,False
2024-08-30 16:30:00,IBIT,CRYPTO,HOLD,49.566149617762676,33.369998931884766,False
2024-08-30 16:30:00,BTC-USD,CRYPTO,HOLD,47.19100795680178,59119.4765625,False
2024-08-31 16:30:00,BTC-USD,CRYPTO,HOLD,46.2099110702341,58969.8984375,False
2024-09-01 16:30:00,BTC-USD,CRYPTO,HOLD,40.40473907791441,57325.48828125,False
2024-09-02 16:30:00,BTC-USD,CRYPTO,HOLD,45.92029688126106,59112.48046875,False
2024-09-03 16:30:00,SPY,STOCK,HOLD,52.96275473115312,540.7019653320312,True
2024-09-03 16:30:00,QQQ,STOCK,HOLD,49.007978419829925,457.5193786621094,False
2024-09-03 16:30:00,IBIT,CRYPTO,HOLD,45.59093982850725,32.97999954223633,False
2024-09-03 16:30:00,BTC-USD,CRYPTO,HOLD,44.15959096738123,57431.0234375,False
2024-09-04 16:30:00,SPY,STOCK,HOLD,44.15574452447965,539.5953369140625,False
2024-09-04 16:30:00,QQQ,STOCK,SELL,40.50224269728559,456.3304748535156,True
2024-09-04 16:30:00,IBIT,CRYPTO,HOLD,42.86394899610722,33.040000915527344,False
2024-09-04 16:30:00,BTC-USD,CRYPTO,HOLD,44.328488672551636,57971.5390625,False
2024-09-05 16:30:00,SPY,STOCK,HOLD,42.51450494584534,538.2828369140625,False
2024-09-05 16:30:00,QQQ,STOCK,SELL,39.868180214040684,456.7565002441406,False
2024-09-05 16:30:00,IBIT,CRYPTO,HOLD,42.378686835967684,31.850000381469727,False
2024-09-05 16:30:00,BTC-USD,CRYPTO,HOLD,40.12048886162764,56160.48828125,False
2024-09-06 16:30:00,SPY,STOCK,SELL,37.124826170242784,529.2236328125,True
2024-09-06 16:30:00,QQQ,STOCK,SELL,34.56626155231585,444.52130126953125,False
2024-09-06 16:30:00,IBIT,CRYPTO,SELL,35.35516281234357,30.40999984741211,True
2024-09-06 16:30:00,BTC-USD,CRYPTO,SELL,31.253263722404682,53948.75390625,True
2024-09-07 16:30:00,BTC-USD,CRYPTO,SELL,31.440234525436864,54139.6875,False
2024-09-08 16:30:00,BTC-USD,CRYPTO,SELL,35.35026257771861,54841.56640625,False
2024-09-09 16:30:00,SPY,STOCK,SELL,39.32457017927192,535.1488647460938,False
2024-09-09 16:30:00,QQQ,STOCK,SELL,36.37754146319872,450.2376403808594,False
2024-09-09 16:30:00,IBIT,CRYPTO,HOLD,41.92039557411832,32.5099983215332,True
2024-09-09 16:30:00,BTC-USD,CRYPTO,HOLD,43.39725278334543,57019.53515625,True
2024-09-10 16:30:00,SPY,STOCK,HOLD,42.23695945919679,537.4797973632812,True
2024-09-10 16:30:00,QQQ,STOCK,SELL,40.119762852851096,454.39862060546875,False
2024-09-10 16:30:00,IBIT,CRYPTO,HOLD,43.403090077900494,33.0,False
2024-09-10 16:30:00,BTC-USD,CRYPTO,HOLD,49.12509244859445,57648.7109375,False
2024-09-11 16:30:00,SPY,STOCK,HOLD,48.49772518412037,542.9937744140625,False
2024-09-11 16:30:00,QQQ,STOCK,HOLD,47.84415792496047,464.2660827636719,True
2024-09-11 16:30:00,IBIT,CRYPTO,HOLD,40.930453931478816,32.79999923706055,False
2024-09-11 16:30:00,BTC-USD,CRYPTO,HOLD,48.26860621761105,57343.171875,False
2024-09-12 16:30:00,SPY,STOCK,HOLD,51.88009061237327,547.567626953125,False
2024-09-12 16:30:00,QQQ,STOCK,HOLD,50.938676041652414,468.8233337402344,False
2024-09-12 16:30:00,IBIT,CRYPTO,HOLD,43.51715557343178,33.25,False
2024-09-12 16:30:00,BTC-USD,CRYPTO,HOLD,51.120597030507035,58127.01171875,False
2024-09-13 16:30:00,SPY,STOCK,BUY,61.75395187459372,550.427490234375,True
2024-09-13 16:30:00,QQQ,STOCK,HOLD,61.00485162228134,470.9236145019531,False
2024-09-13 16:30:00,IBIT,CRYPTO,HOLD,52.826537704948834,34.040000915527344,False
2024-09-13 16:30:00,BTC-USD,CRYPTO,BUY,60.596096795221655,60571.30078125,True
2024-09-14 16:30:00,BTC-USD,CRYPTO,BUY,60.189539153971864,60005.12109375,False
2024-09-15 16:30:00,BTC-USD,CRYPTO,BUY,55.363013971779026,59182.8359375,False
2024-09-16 16:30:00,SPY,STOCK,HOLD,56.62532940338111,551.2403564453125,True
2024-09-16 16:30:00,QQQ,STOCK,HOLD,55.29719894190389,468.8431396484375,False
2024-09-16 16:30:00,IBIT,CRYPTO,HOLD,44.93318439373492,32.97999954223633,False
2024-09-16 16:30:00,BTC-USD,CRYPTO,HOLD,52.133394396929646,58192.5078125,True
2024-09-17 16:30:00,SPY,STOCK,BUY,60.722773472836614,551.4655151367188,True
2024-09-17 16:30:00,QQQ,STOCK,HOLD,59.29258837260236,469.0908508300781,False
2024-09-17 16:30:00,IBIT,CRYPTO,HOLD,49.14833234292915,34.099998474121094,False
2024-09-17 16:30:00,BTC-USD,CRYPTO,BUY,57.82189726193792,60308.5390625,True
2024-09-18 16:30:00,SPY,STOCK,HOLD,56.395060909605405,549.8300170898438,True
2024-09-18 16:30:00,QQQ,STOCK,HOLD,54.66056331037942,467.0599060058594,False
2024-09-18 16:30:00,IBIT,CRYPTO,HOLD,51.318579772689574,34.150001525878906,False
2024-09-18 16:30:00,BTC-USD,CRYPTO,BUY,60.79613492162622,61649.6796875,False
2024-09-19 16:30:00,SPY,STOCK,BUY,65.6758817607793,559.2125244140625,True
2024-09-19 16:30:00,QQQ,STOCK,BUY,64.2488624461261,478.86907958984375,True
2024-09-19 16:30:00,IBIT,CRYPTO,BUY,64.91252467227835,36.0099983215332,True
2024-09-19 16:30:00,BTC-USD,CRYPTO,BUY,66.0976661820099,62940.45703125,False
2024-09-20 16:30:00,SPY,STOCK,BUY,65.77269636681503,558.2459106445312,False
2024-09-20 16:30:00,QQQ,STOCK,BUY,64.89152477974893,477.9576416015625,False
2024-09-20 16:30:00,IBIT,CRYPTO,BUY,67.94928391253995,35.79999923706055,False
2024-09-20 16:30:00,BTC-USD,CRYPTO,BUY,70.43802928882087,63192.9765625,False
2024-09-21 16:30:00,BTC-USD,CRYPTO,BUY,71.66917817128137,63394.83984375,False
2024-09-22 16:30:00,BTC-USD,CRYPTO,BUY,68.62511944728047,63648.7109375,False
2024-09-23 16:30:00,SPY,STOCK,BUY,63.55113495312555,559.6408081054688,False
2024-09-23 16:30:00,QQQ,STOCK,BUY,63.155401331118824,479.224609375,False
2024-09-23 16:30:00,IBIT,CRYPTO,BUY,68.47719697690167,36.040000915527344,False
2024-09-23 16:30:00,BTC-USD,CRYPTO,BUY,69.14354486000367,63329.80078125,False
2024-09-24 16:30:00,SPY,STOCK,BUY,61.20227865165094,561.2420654296875,False
2024-09-24 16:30:00,QQQ,STOCK,BUY,61.106853357369715,481.53619384765625,False
2024-09-24 16:30:00,IBIT,CRYPTO,BUY,70.16207425491902,36.63999938964844,False
2024-09-24 16:30:00,BTC-USD,CRYPTO,BUY,72.24157014044758,64301.96875,False
2024-09-25 16:30:00,SPY,STOCK,BUY,61.5620069597963,560.0042724609375,False
2024-09-25 16:30:00,QQQ,STOCK,BUY,61.99408346445225,481.9826354980469,False
2024-09-25 16:30:00,IBIT,CRYPTO,BUY,70.34306679250359,35.970001220703125,False
2024-09-25 16:30:00,BTC-USD,CRYPTO,BUY,63.8043603525079,63143.14453125,False
2024-09-26 16:30:00,SPY,STOCK,BUY,68.42925319684579,562.2244873046875,False
2024-09-26 16:30:00,QQQ,STOCK,BUY,69.23219609752755,485.60382080078125,False
2024-09-26 16:30:00,IBIT,CRYPTO,BUY,72.28584069471013,36.84000015258789,False
2024-09-26 16:30:00,BTC-USD,CRYPTO,BUY,69.71657147637079,65181.01953125,False
2024-09-27 16:30:00,SPY,STOCK,BUY,62.1261712479943,561.4091796875,False
2024-09-27 16:30:00,QQQ,STOCK,BUY,62.22408572715042,482.9052734375,False
2024-09-27 16:30:00,IBIT,CRYPTO,BUY,73.94163934953603,37.38999938964844,False
2024-09-27 16:30:00,BTC-USD,CRYPTO,BUY,69.22876607222376,65790.6640625,False
2024-09-28 16:30:00,BTC-USD,CRYPTO,BUY,69.41354130320957,65887.6484375,False
2024-09-29 16:30:00,BTC-USD,CRYPTO,BUY,69.85920359225882,65635.3046875,False
2024-09-30 16:30:00,SPY,STOCK,BUY,60.65814044131897,563.6588134765625,False
2024-09-30 16:30:00,QQQ,STOCK,BUY,60.435775121102154,484.2148132324219,False
2024-09-30 16:30:00,IBIT,CRYPTO,BUY,66.59612786614595,36.130001068115234,False
2024-09-30 16:30:00,BTC-USD,CRYPTO,BUY,59.92814275049584,63329.5,False
2024-10-01 16:30:00,SPY,STOCK,HOLD,49.49244048193242,558.6093139648438,True
2024-10-01 16:30:00,QQQ,STOCK,HOLD,48.96859456819836,477.4685363769531,True
2024-10-01 16:30:00,IBIT,CRYPTO,BUY,61.958079240316344,35.130001068115234,False
2024-10-01 16:30:00,BTC-USD,CRYPTO,HOLD,54.77121285643694,60837.0078125,True
2024-10-02 16:30:00,SPY,STOCK,BUY,58.29854479105365,558.8450927734375,True
2024-10-02 16:30:00,QQQ,STOCK,HOLD,57.698781273388754,478.1431884765625,False
2024-10-02 16:30:00,IBIT,CRYPTO,HOLD,49.9826159537333,34.2400016784668,True
2024-10-02 16:30:00,BTC-USD,CRYPTO,HOLD,52.56303570015692,60632.78515625,False
2024-10-03 16:30:00,SPY,STOCK,HOLD,52.54655122476013,557.8233642578125,True
2024-10-03 16:30:00,QQQ,STOCK,HOLD,52.682732059599196,477.7860412597656,False
2024-10-03 16:30:00,IBIT,CRYPTO,BUY,56.98087645630571,34.720001220703125,True
2024-10-03 16:30:00,BTC-USD,CRYPTO,HOLD,49.723259703482164,60759.40234375,False
2024-10-04 16:30:00,SPY,STOCK,HOLD,57.50049457501525,562.892578125,False
2024-10-04 16:30:00,QQQ,STOCK,BUY,58.02368115622684,483.47076416015625,True
2024-10-04 16:30:00,IBIT,CRYPTO,BUY,60.64220312091597,35.52000045776367,False
2024-10-04 16:30:00,BTC-USD,CRYPTO,HOLD,52.7334545412184,62067.4765625,False
2024-10-05 16:30:00,BTC-USD,CRYPTO,HOLD,53.17090959038368,62089.94921875,False
2024-10-06 16:30:00,BTC-USD,CRYPTO,HOLD,53.53778579940195,62818.953125,False
2024-10-07 16:30:00,SPY,STOCK,HOLD,50.1862910773275,557.8037109375,False
2024-10-07 16:30:00,QQQ,STOCK,HOLD,51.82483181286079,478.2919921875,True
2024-10-07 16:30:00,IBIT,CRYPTO,BUY,58.4050889750837,36.060001373291016,False
2024-10-07 16:30:00,BTC-USD,CRYPTO,HOLD,54.20662644624777,62236.66015625,False
2024-10-08 16:30:00,SPY,STOCK,HOLD,57.622938544730104,563.0791625976562,False
2024-10-08 16:30:00,QQQ,STOCK,BUY,59.56227878740684,485.4351501464844,True
2024-10-08 16:30:00,IBIT,CRYPTO,BUY,56.65199256938406,35.400001525878906,False
2024-10-08 16:30:00,BTC-USD,CRYPTO,HOLD,56.59176597978162,62131.96875,False
2024-10-09 16:30:00,SPY,STOCK,HOLD,56.851139292007474,566.9793090820312,False
2024-10-09 16:30:00,QQQ,STOCK,BUY,58.02527790833806,489.2546691894531,False
2024-10-09 16:30:00,IBIT,CRYPTO,HOLD,57.84664084211987,34.68000030517578,True
2024-10-09 16:30:00,BTC-USD,CRYPTO,HOLD,49.26118072174443,60582.1015625,False
2024-10-10 16:30:00,SPY,STOCK,HOLD,56.010557675673226,565.9871215820312,False
2024-10-10 16:30:00,QQQ,STOCK,HOLD,57.49427195218257,488.6991882324219,True
2024-10-10 16:30:00,IBIT,CRYPTO,HOLD,48.67723752330094,33.95000076293945,False
2024-10-10 16:30:00,BTC-USD,CRYPTO,HOLD,45.706627564076186,60274.5,False
2024-10-11 16:30:00,SPY,STOCK,HOLD,57.850123782471535,569.3763427734375,False
2024-10-11 16:30:00,QQQ,STOCK,BUY,58.162620355286414,489.4630432128906,True
2024-10-11 16:30:00,IBIT,CRYPTO,BUY,59.915863626674664,35.939998626708984,True
2024-10-11 16:30:00,BTC-USD,CRYPTO,HOLD,51.41795444578932,62445.08984375,False
2024-10-12 16:30:00,BTC-USD,CRYPTO,HOLD,50.93691831479401,63193.0234375,False
2024-10-13 16:30:00,BTC-USD,CRYPTO,HOLD,46.91114381592998,62851.375,False
2024-10-14 16:30:00,SPY,STOCK,BUY,61.84953785017161,574.0328369140625,True
2024-10-14 16:30:00,QQQ,STOCK,BUY,61.804370003185134,493.5704040527344,False
2024-10-14 16:30:00,IBIT,CRYPTO,BUY,62.765621242533946,37.56999969482422,False
2024-10-14 16:30:00,BTC-USD,CRYPTO,BUY,62.48286078038173,66046.125,True
2024-10-15 16:30:00,SPY,STOCK,BUY,62.150309317608446,569.5728759765625,False
2024-10-15 16:30:00,QQQ,STOCK,BUY,61.02739359195456,486.9728698730469,False
2024-10-15 16:30:00,IBIT,CRYPTO,BUY,64.35703695666531,38.16999816894531,False
2024-10-15 16:30:00,BTC-USD,CRYPTO,BUY,68.8039805554787,67041.109375,False
2024-10-16 16:30:00,SPY,STOCK,BUY,62.866686217813445,572.0485229492188,False
2024-10-16 16:30:00,QQQ,STOCK,BUY,60.557088119439875,487.03240966796875,False
2024-10-16 16:30:00,IBIT,CRYPTO,BUY,64.86945558936573,38.58000183105469,False
2024-10-16 16:30:00,BTC-USD,CRYPTO,BUY,71.45169945412125,67612.71875,False
2024-10-17 16:30:00,SPY,STOCK,BUY,61.975311074313815,572.0975341796875,False
2024-10-17 16:30:00,QQQ,STOCK,BUY,59.607438755206296,487.3697509765625,False
2024-10-17 16:30:00,IBIT,CRYPTO,BUY,63.26415831121394,38.04999923706055,False
2024-10-17 16:30:00,BTC-USD,CRYPTO,BUY,70.84139941926256,67399.8359375,False
2024-10-18 16:30:00,SPY,STOCK,BUY,63.36243824268993,574.2981567382812,False
2024-10-18 16:30:00,QQQ,STOCK,BUY,61.76906800607464,490.5643005371094,False
2024-10-18 16:30:00,IBIT,CRYPTO,BUY,70.5568193588558,39.06999969482422,False
2024-10-18 16:30:00,BTC-USD,CRYPTO,BUY,72.1133161802341,68418.7890625,False
2024-10-19 16:30:00,BTC-USD,CRYPTO,BUY,71.69426599592663,68362.734375,False
2024-10-20 16:30:00,BTC-USD,CRYPTO,BUY,73.18310507364197,69001.703125,False
2024-10-21 16:30:00,SPY,STOCK,BUY,58.98536262503518,573.3550415039062,False
2024-10-21 16:30:00,QQQ,STOCK,BUY,58.75910286249237,491.5068054199219,False
2024-10-21 16:30:00,IBIT,CRYPTO,BUY,70.35573729556994,38.56999969482422,False
2024-10-21 16:30:00,BTC-USD,CRYPTO,BUY,67.41310432266562,67367.8515625,False
2024-10-22 16:30:00,SPY,STOCK,BUY,58.484674739685055,573.050537109375,False
2024-10-22 16:30:00,QQQ,STOCK,BUY,58.756022591271986,492.0425109863281,False
2024-10-22 16:30:00,IBIT,CRYPTO,BUY,69.73803917522845,38.40999984741211,False
2024-10-22 16:30:00,BTC-USD,CRYPTO,BUY,66.36735223607762,67361.40625,False
2024-10-23 16:30:00,SPY,STOCK,HOLD,54.48685019692433,567.8143310546875,True
2024-10-23 16:30:00,QQQ,STOCK,HOLD,53.878601286002684,484.50250244140625,True
2024-10-23 16:30:00,IBIT,CRYPTO,BUY,65.89902322805773,37.810001373291016,False
2024-10-23 16:30:00,BTC-USD,CRYPTO,BUY,64.5097838876128,66432.1953125,False
2024-10-24 16:30:00,SPY,STOCK,HOLD,53.58811035713583,569.0422973632812,False
2024-10-24 16:30:00,QQQ,STOCK,HOLD,53.78930659087682,488.4313049316406,False
2024-10-24 16:30:00,IBIT,CRYPTO,BUY,66.47519801262007,38.869998931884766,False
2024-10-24 16:30:00,BTC-USD,CRYPTO,BUY,65.21967907823547,68161.0546875,False
2024-10-25 16:30:00,SPY,STOCK,HOLD,53.417999723327426,568.8458862304688,False
2024-10-25 16:30:00,QQQ,STOCK,HOLD,55.121565902898595,491.4075927734375,False
2024-10-25 16:30:00,IBIT,CRYPTO,BUY,63.618508738927886,38.0099983215332,False
2024-10-25 16:30:00,BTC-USD,CRYPTO,BUY,58.70258724440371,66642.4140625,False
2024-10-26 16:30:00,BTC-USD,CRYPTO,BUY,59.24906323421403,67014.6953125,False
2024-10-27 16:30:00,BTC-USD,CRYPTO,BUY,57.825059236255065,67929.296875,False
2024-10-28 16:30:00,SPY,STOCK,HOLD,57.313133505305316,570.6043701171875,False
2024-10-28 16:30:00,QQQ,STOCK,HOLD,58.12452393053931,491.4869689941406,False
2024-10-28 16:30:00,IBIT,CRYPTO,BUY,68.06644487382721,39.66999816894531,False
2024-10-28 16:30:00,BTC-USD,CRYPTO,BUY,60.498502790629644,69907.7578125,False
2024-10-29 16:30:00,SPY,STOCK,BUY,64.22306517543264,571.5278930664062,True
2024-10-29 16:30:00,QQQ,STOCK,BUY,66.79143812933414,496.2093811035156,True
2024-10-29 16:30:00,IBIT,CRYPTO,BUY,73.99767518364533,41.33000183105469,False
2024-10-29 16:30:00,BTC-USD,CRYPTO,BUY,65.58828529410164,72720.4921875,False
2024-10-30 16:30:00,SPY,STOCK,BUY,62.77255472465096,569.798828125,False
2024-10-30 16:30:00,QQQ,STOCK,BUY,64.71949033785937,492.459228515625,False
2024-10-30 16:30:00,IBIT,CRYPTO,BUY,69.31933150075362,40.880001068115234,False
2024-10-30 16:30:00,BTC-USD,CRYPTO,BUY,64.4728328047369,72339.5390625,False
2024-10-31 16:30:00,SPY,STOCK,SELL,40.94338136962328,558.6289672851562,True
2024-10-31 16:30:00,QQQ,STOCK,HOLD,44.528020333181814,480.0281982421875,True
2024-10-31 16:30:00,IBIT,CRYPTO,BUY,61.41784138892124,39.779998779296875,False
2024-10-31 16:30:00,BTC-USD,CRYPTO,BUY,58.11318694882194,70215.1875,False
2024-11-01 16:30:00,SPY,STOCK,SELL,41.008151332914835,560.9866943359375,False
2024-11-01 16:30:00,QQQ,STOCK,HOLD,44.950837664780074,483.57989501953125,False
2024-11-01 16:30:00,IBIT,CRYPTO,BUY,61.48891661604227,39.369998931884766,False
2024-11-01 16:30:00,BTC-USD,CRYPTO,BUY,57.188864121142416,69482.46875,False
2024-11-02 16:30:00,BTC-USD,CRYPTO,BUY,56.31344252653307,69289.2734375,False
2024-11-03 16:30:00,BTC-USD,CRYPTO,HOLD,53.78644825393923,68741.1171875,True
2024-11-04 16:30:00,SPY,STOCK,SELL,38.99658548256164,559.7783203125,False
2024-11-04 16:30:00,QQQ,STOCK,HOLD,43.35320488049919,482.171142578125,False
2024-11-04 16:30:00,IBIT,CRYPTO,HOLD,53.941285907190334,38.25,True
2024-11-04 16:30:00,BTC-USD,CRYPTO,HOLD,53.871002543959804,67811.5078125,False
2024-11-05 16:30:00,SPY,STOCK,SELL,37.89443255648009,566.5470581054688,False
2024-11-05 16:30:00,QQQ,STOCK,SELL,40.35120063040694,488.3221740722656,True
2024-11-05 16:30:00,IBIT,CRYPTO,BUY,56.73052440306054,39.5099983215332,True
2024-11-05 16:30:00,BTC-USD,CRYPTO,HOLD,53.614244643011325,69359.5625,False
2024-11-06 16:30:00,SPY,STOCK,HOLD,51.06252428310387,580.6345825195312,True
2024-11-06 16:30:00,QQQ,STOCK,HOLD,51.282528892858416,501.5865173339844,True
2024-11-06 16:30:00,IBIT,CRYPTO,BUY,66.58217234222201,43.400001525878906,False
2024-11-06 16:30:00,BTC-USD,CRYPTO,BUY,66.7914141019956,75639.078125,True
2024-11-07 16:30:00,SPY,STOCK,BUY,63.759069239625795,585.124267578125,True
2024-11-07 16:30:00,QQQ,STOCK,BUY,64.88411894746598,509.4836120605469,True
2024-11-07 16:30:00,IBIT,CRYPTO,BUY,67.15234445712322,43.599998474121094,False
2024-11-07 16:30:00,BTC-USD,CRYPTO,BUY,69.48437701162369,75904.859375,False
2024-11-08 16:30:00,SPY,STOCK,BUY,58.73886344205861,587.6588134765625,False
2024-11-08 16:30:00,QQQ,STOCK,BUY,58.979228391931926,510.0790100097656,False
2024-11-08 16:30:00,IBIT,CRYPTO,BUY,68.06353361976205,43.689998626708984,False
2024-11-08 16:30:00,BTC-USD,CRYPTO,BUY,73.51071482609635,76545.4765625,False
2024-11-09 16:30:00,BTC-USD,CRYPTO,BUY,73.75329202372328,76778.8671875,False
2024-11-10 16:30:00,BTC-USD,CRYPTO,BUY,80.55461123816609,80474.1875,False
2024-11-11 16:30:00,SPY,STOCK,BUY,59.939829292018786,588.21875,False
2024-11-11 16:30:00,QQQ,STOCK,BUY,60.29270219585346,509.78131103515625,False
2024-11-11 16:30:00,IBIT,CRYPTO,BUY,79.66755510743418,49.56999969482422,False
2024-11-11 16:30:00,BTC-USD,CRYPTO,BUY,79.17120643852778,88701.484375,False
2024-11-12 16:30:00,SPY,STOCK,BUY,60.97085977939221,586.3914184570312,False
2024-11-12 16:30:00,QQQ,STOCK,BUY,62.81260275622526,508.858642578125,False
2024-11-12 16:30:00,IBIT,CRYPTO,BUY,80.30951099203929,51.04999923706055,False
2024-11-12 16:30:00,BTC-USD,CRYPTO,BUY,79.56969883128875,87955.8125,False
2024-11-13 16:30:00,SPY,STOCK,HOLD,54.909670769846436,586.67626953125,True
2024-11-13 16:30:00,QQQ,STOCK,HOLD,56.750011161507565,508.203857421875,True
2024-11-13 16:30:00,IBIT,CRYPTO,BUY,80.08034039137561,51.040000915527344,False
2024-11-13 16:30:00,BTC-USD,CRYPTO,BUY,78.0822916572722,90584.1640625,False
2024-11-14 16:30:00,SPY,STOCK,HOLD,51.07763642905291,582.9039306640625,False
2024-11-14 16:30:00,QQQ,STOCK,HOLD,52.5178315928658,504.6719970703125,False
2024-11-14 16:30:00,IBIT,CRYPTO,BUY,77.01407726811448,49.72999954223633,False
2024-11-14 16:30:00,BTC-USD,CRYPTO,BUY,75.0162788536764,87250.4296875,False
2024-11-15 16:30:00,SPY,STOCK,SELL,39.66622107522936,575.4376831054688,True
2024-11-15 16:30:00,QQQ,STOCK,SELL,39.98408848917458,492.6477355957031,True
2024-11-15 16:30:00,IBIT,CRYPTO,BUY,78.12367084939157,52.130001068115234,False
2024-11-15 16:30:00,BTC-USD,CRYPTO,BUY,75.24019558749269,91066.0078125,False
2024-11-16 16:30:00,BTC-USD,CRYPTO,BUY,74.80443422857256,90558.4765625,False
2024-11-17 16:30:00,BTC-USD,CRYPTO,BUY,72.88621821913422,89845.8515625,False
2024-11-18 16:30:00,SPY,STOCK,SELL,39.70412120957664,577.7955932617188,False
2024-11-18 16:30:00,QQQ,STOCK,SELL,39.64056478100034,496.0704650878906,False
2024-11-18 16:30:00,IBIT,CRYPTO,BUY,75.63186662506341,52.130001068115234,False
2024-11-18 16:30:00,BTC-USD,CRYPTO,BUY,72.12062521231105,90542.640625,False
2024-11-19 16:30:00,SPY,STOCK,SELL,41.82177370148584,579.9076538085938,False
2024-11-19 16:30:00,QQQ,STOCK,SELL,41.59776189058772,499.4833068847656,False
2024-11-19 16:30:00,IBIT,CRYPTO,BUY,74.41230159455242,52.70000076293945,False
2024-11-19 16:30:00,BTC-USD,CRYPTO,BUY,68.94704314377081,92343.7890625,False
2024-11-20 16:30:00,SPY,STOCK,HOLD,43.82559801433687,580.1041259765625,True
2024-11-20 16:30:00,QQQ,STOCK,HOLD,43.85686447575976,499.1955871582031,True
2024-11-20 16:30:00,IBIT,CRYPTO,BUY,74.23140923609745,53.720001220703125,False
2024-11-20 16:30:00,BTC-USD,CRYPTO,BUY,68.83328173045462,94339.4921875,False
2024-11-21 16:30:00,SPY,STOCK,HOLD,49.249118421660214,583.21826171875,False
2024-11-21 16:30:00,QQQ,STOCK,HOLD,47.9524889925755,500.9913024902344,False
2024-11-21 16:30:00,IBIT,CRYPTO,BUY,76.7966499435022,55.900001525878906,False
2024-11-21 16:30:00,BTC-USD,CRYPTO,BUY,75.17331403820363,98504.7265625,False
2024-11-22 16:30:00,SPY,STOCK,HOLD,55.94584213002202,585.02587890625,False
2024-11-22 16:30:00,QQQ,STOCK,HOLD,54.340070721790326,501.7948913574219,False
2024-11-22 16:30:00,IBIT,CRYPTO,BUY,79.90748725656718,56.4900016784668,False
2024-11-22 16:30:00,BTC-USD,CRYPTO,BUY,73.13425654286573,98997.6640625,False
2024-11-23 16:30:00,BTC-USD,CRYPTO,BUY,70.68110636284705,97777.28125,False
2024-11-24 16:30:00,BTC-USD,CRYPTO,BUY,66.58497188971549,98013.8203125,False
2024-11-25 16:30:00,SPY,STOCK,HOLD,49.87720568244801,587.0103759765625,False
2024-11-25 16:30:00,QQQ,STOCK,HOLD,47.408764301028505,502.5885314941406,False
2024-11-25 16:30:00,IBIT,CRYPTO,BUY,71.78639109174793,54.02000045776367,False
2024-11-25 16:30:00,BTC-USD,CRYPTO,BUY,60.81896608719404,93102.296875,False
2024-11-26 16:30:00,SPY,STOCK,HOLD,49.64250666840816,590.075439453125,False
2024-11-26 16:30:00,QQQ,STOCK,HOLD,45.531011227952796,505.2870788574219,False
2024-11-26 16:30:00,IBIT,CRYPTO,BUY,65.20167427754772,51.70000076293945,False
2024-11-26 16:30:00,BTC-USD,CRYPTO,BUY,57.97412781955115,91985.3203125,False
2024-11-27 16:30:00,SPY,STOCK,HOLD,47.89855238161001,588.2874755859375,False
2024-11-27 16:30:00,QQQ,STOCK,HOLD,42.40325984052155,501.3087158203125,False
2024-11-27 16:30:00,IBIT,CRYPTO,BUY,67.3933208580697,55.029998779296875,False
2024-11-27 16:30:00,BTC-USD,CRYPTO,BUY,60.6273239493166,95962.53125,False
2024-11-28 16:30:00,BTC-USD,CRYPTO,BUY,58.75724723693789,95652.46875,False
2024-11-29 16:30:00,SPY,STOCK,HOLD,57.087366849891616,591.94189453125,False
2024-11-29 16:30:00,QQQ,STOCK,HOLD,52.01657999005478,505.71368408203125,False
2024-11-29 16:30:00,IBIT,CRYPTO,BUY,62.36602446091371,55.209999084472656,False
2024-11-29 16:30:00,BTC-USD,CRYPTO,BUY,57.138044651305925,97461.5234375,False
2024-11-30 16:30:00,BTC-USD,CRYPTO,BUY,58.239517373599845,96449.0546875,False
2024-12-01 16:30:00,BTC-USD,CRYPTO,BUY,60.66392467265008,97279.7890625,False
2024-12-02 16:30:00,SPY,STOCK,BUY,59.41295101921344,593.0029296875,True
2024-12-02 16:30:00,QQQ,STOCK,HOLD,57.00736592280827,511.2198791503906,False
2024-12-02 16:30:00,IBIT,CRYPTO,BUY,61.80817599649665,54.47999954223633,False
2024-12-02 16:30:00,BTC-USD,CRYPTO,BUY,61.793556327051846,95865.3046875,False
2024-12-03 16:30:00,SPY,STOCK,BUY,60.619835875277424,593.2780151367188,False
2024-12-03 16:30:00,QQQ,STOCK,BUY,59.11128056469672,512.7874145507812,True
2024-12-03 16:30:00,IBIT,CRYPTO,BUY,59.72697724195823,54.459999084472656,False
2024-12-03 16:30:00,BTC-USD,CRYPTO,BUY,62.69722874728966,96002.1640625,False
2024-12-04 16:30:00,SPY,STOCK,BUY,60.251109661199365,596.9619750976562,False
2024-12-04 16:30:00,QQQ,STOCK,BUY,60.30000395913043,519.126953125,False
2024-12-04 16:30:00,IBIT,CRYPTO,BUY,62.09869680589944,56.41999816894531,False
2024-12-04 16:30:00,BTC-USD,CRYPTO,BUY,64.35518706500046,98768.53125,False
2024-12-05 16:30:00,SPY,STOCK,HOLD,55.97475452551494,595.9796752929688,True
2024-12-05 16:30:00,QQQ,STOCK,HOLD,56.67077957424297,517.6882934570312,True
2024-12-05 16:30:00,IBIT,CRYPTO,BUY,63.921179224789654,56.400001525878906,False
2024-12-05 16:30:00,BTC-USD,CRYPTO,HOLD,58.37686790860614,96593.5703125,True
2024-12-06 16:30:00,SPY,STOCK,BUY,58.69179002036365,597.109375,True
2024-12-06 16:30:00,QQQ,STOCK,HOLD,60.68406592264319,522.3214111328125,False
2024-12-06 16:30:00,IBIT,CRYPTO,BUY,65.15991961540917,57.79999923706055,False
2024-12-06 16:30:00,BTC-USD,CRYPTO,HOLD,60.563517313471465,99920.7109375,False
2024-12-07 16:30:00,BTC-USD,CRYPTO,BUY,61.240961318844164,99923.3359375,True
2024-12-08 16:30:00,BTC-USD,CRYPTO,BUY,62.27817199849669,101236.015625,False
2024-12-09 16:30:00,SPY,STOCK,HOLD,54.352777100520235,594.034423828125,True
2024-12-09 16:30:00,QQQ,STOCK,HOLD,56.33807030021902,518.2538452148438,False
2024-12-09 16:30:00,IBIT,CRYPTO,BUY,60.01360389912938,54.72999954223633,False
2024-12-09 16:30:00,BTC-USD,CRYPTO,BUY,60.923284402715915,97432.71875,False
2024-12-10 16:30:00,SPY,STOCK,HOLD,52.003672622625345,592.1875610351562,False
2024-12-10 16:30:00,QQQ,STOCK,HOLD,54.6008521500841,516.48779296875,False
2024-12-10 16:30:00,IBIT,CRYPTO,BUY,59.5569075352752,54.900001525878906,False
2024-12-10 16:30:00,BTC-USD,CRYPTO,BUY,64.53415106929401,96675.4296875,False
2024-12-11 16:30:00,SPY,STOCK,HOLD,55.0528682547514,596.7655639648438,False
2024-12-11 16:30:00,QQQ,STOCK,BUY,59.177928722640104,525.7343139648438,True
2024-12-11 16:30:00,IBIT,CRYPTO,BUY,63.589664343970114,57.720001220703125,False
2024-12-11 16:30:00,BTC-USD,CRYPTO,BUY,61.57715974859986,101173.03125,False
2024-12-12 16:30:00,SPY,STOCK,HOLD,52.14296505102378,593.690673828125,False
2024-12-12 16:30:00,QQQ,STOCK,HOLD,57.13491484285387,522.34130859375,True
2024-12-12 16:30:00,IBIT,CRYPTO,BUY,61.57352323314738,56.91999816894531,False
2024-12-12 16:30:00,BTC-USD,CRYPTO,BUY,61.43363924997708,100043.0,False
2024-12-13 16:30:00,SPY,STOCK,HOLD,53.4047104984177,593.5728149414062,False
2024-12-13 16:30:00,QQQ,STOCK,BUY,60.5186736527316,526.3394775390625,True
2024-12-13 16:30:00,IBIT,CRYPTO,BUY,57.8438118279599,57.90999984741211,False
2024-12-13 16:30:00,BTC-USD,CRYPTO,BUY,61.05610275287418,101459.2578125,False
2024-12-14 16:30:00,BTC-USD,CRYPTO,BUY,60.64420844158536,101372.96875,False
2024-12-15 16:30:00,BTC-USD,CRYPTO,BUY,62.44054068579043,104298.6953125,False
2024-12-16 16:30:00,SPY,STOCK,BUY,58.93415964732219,596.1073608398438,True
2024-12-16 16:30:00,QQQ,STOCK,BUY,69.16751472532026,533.9191284179688,False
2024-12-16 16:30:00,IBIT,CRYPTO,BUY,64.72980674889263,60.220001220703125,False
2024-12-16 16:30:00,BTC-USD,CRYPTO,BUY,66.60946960461015,106029.71875,False
2024-12-17 16:30:00,SPY,STOCK,HOLD,54.734454915912224,593.6513061523438,True
2024-12-17 16:30:00,QQQ,STOCK,BUY,66.56927366781613,531.5678100585938,False
2024-12-17 16:30:00,IBIT,CRYPTO,BUY,64.23032057355121,60.72999954223633,False
2024-12-17 16:30:00,BTC-USD,CRYPTO,BUY,63.791501587354944,106140.6015625,False
2024-12-18 16:30:00,SPY,STOCK,SELL,29.352726653251594,575.9584350585938,True
2024-12-18 16:30:00,QQQ,STOCK,SELL,41.10165568227932,512.3905029296875,True
2024-12-18 16:30:00,IBIT,CRYPTO,BUY,58.56859642264236,57.18000030517578,False
2024-12-18 16:30:00,BTC-USD,CRYPTO,HOLD,53.44817426611055,100041.5390625,True
2024-12-19 16:30:00,SPY,STOCK,SELL,33.33676178407768,575.7815551757812,False
2024-12-19 16:30:00,QQQ,STOCK,HOLD,44.69305959132003,510.1087341308594,True
2024-12-19 16:30:00,IBIT,CRYPTO,HOLD,56.31650432741013,54.720001220703125,True
2024-12-19 16:30:00,BTC-USD,CRYPTO,HOLD,53.76672561902892,97490.953125,False
2024-12-20 16:30:00,SPY,STOCK,SELL,35.327156272817525,582.6973266601562,False
2024-12-20 16:30:00,QQQ,STOCK,HOLD,42.666614439916515,514.563232421875,False
2024-12-20 16:30:00,IBIT,CRYPTO,HOLD,56.68557199101085,54.810001373291016,False
2024-12-20 16:30:00,BTC-USD,CRYPTO,HOLD,51.380357609664216,97755.9296875,False
2024-12-21 16:30:00,BTC-USD,CRYPTO,HOLD,50.01912021334373,97224.7265625,False
2024-12-22 16:30:00,BTC-USD,CRYPTO,HOLD,45.617649602995236,95104.9375,False
2024-12-23 16:30:00,SPY,STOCK,SELL,36.92625917335896,586.1866455078125,False
2024-12-23 16:30:00,QQQ,STOCK,HOLD,43.664196888459905,519.576416015625,False
2024-12-23 16:30:00,IBIT,CRYPTO,HOLD,52.01525069598129,52.869998931884766,False
2024-12-23 16:30:00,BTC-USD,CRYPTO,HOLD,47.749623702811135,94686.2421875,False
2024-12-24 16:30:00,SPY,STOCK,HOLD,43.07831737915668,592.7020874023438,True
2024-12-24 16:30:00,QQQ,STOCK,HOLD,49.54168857188046,526.6218872070312,False
2024-12-24 16:30:00,IBIT,CRYPTO,HOLD,49.825639233687816,56.22999954223633,False
2024-12-24 16:30:00,BTC-USD,CRYPTO,HOLD,50.64674686315214,98676.09375,False
2024-12-25 16:30:00,BTC-USD,CRYPTO,HOLD,52.11863767047461,99299.1953125,False
2024-12-26 16:30:00,SPY,STOCK,HOLD,46.2343181321184,592.7415771484375,False
2024-12-26 16:30:00,QQQ,STOCK,HOLD,52.41042161540578,526.2640380859375,False
2024-12-26 16:30:00,IBIT,CRYPTO,HOLD,47.72415124773286,54.29999923706055,False
2024-12-26 16:30:00,BTC-USD,CRYPTO,HOLD,49.17922229471179,95795.515625,False
2024-12-27 16:30:00,SPY,STOCK,HOLD,43.57563379883529,586.5020141601562,False
2024-12-27 16:30:00,QQQ,STOCK,HOLD,49.57706160155304,519.2684326171875,False
2024-12-27 16:30:00,IBIT,CRYPTO,HOLD,48.65523105187938,53.68000030517578,False
2024-12-27 16:30:00,BTC-USD,CRYPTO,HOLD,44.00719053575669,94164.859375,False
2024-12-28 16:30:00,BTC-USD,CRYPTO,HOLD,45.642246920595774,95163.9296875,False
2024-12-29 16:30:00,BTC-USD,CRYPTO,HOLD,44.888246983827884,93530.2265625,False
2024-12-30 16:30:00,SPY,STOCK,HOLD,42.32281219236839,579.8091430664062,False
2024-12-30 16:30:00,QQQ,STOCK,HOLD,47.22161596863425,512.3621215820312,False
2024-12-30 16:30:00,IBIT,CRYPTO,HOLD,50.844562430098314,53.54999923706055,False
2024-12-30 16:30:00,BTC-USD,CRYPTO,HOLD,43.07159995731195,92643.2109375,False
2024-12-31 16:30:00,SPY,STOCK,SELL,32.046783870992776,577.6997680664062,True
2024-12-31 16:30:00,QQQ,STOCK,SELL,34.125840727769315,508.0097351074219,True
2024-12-31 16:30:00,IBIT,CRYPTO,HOLD,51.38502369046407,53.04999923706055,False
2024-12-31 16:30:00,BTC-USD,CRYPTO,HOLD,43.77710439292734,93429.203125,False
2025-01-01 16:30:00,BTC-USD,CRYPTO,HOLD,48.35170757306726,94419.7578125,False
2025-01-02 16:30:00,SPY,STOCK,SELL,28.860346455514655,576.2803344726562,False
2025-01-02 16:30:00,QQQ,STOCK,SELL,31.01649007142399,507.0160827636719,False
2025-01-02 16:30:00,IBIT,CRYPTO,HOLD,52.382503875571345,55.369998931884766,False
2025-01-02 16:30:00,BTC-USD,CRYPTO,HOLD,58.339192540579546,96886.875,False
2025-01-03 16:30:00,SPY,STOCK,SELL,39.078337340290645,583.4857788085938,False
2025-01-03 16:30:00,QQQ,STOCK,SELL,40.64048514011315,515.3134765625,False
2025-01-03 16:30:00,IBIT,CRYPTO,HOLD,54.85489019487473,55.959999084472656,False
2025-01-03 16:30:00,BTC-USD,CRYPTO,HOLD,57.36151645503481,98107.4296875,False
2025-01-04 16:30:00,BTC-USD,CRYPTO,HOLD,58.12698356142245,98236.2265625,False
2025-01-05 16:30:00,BTC-USD,CRYPTO,BUY,61.43905338317648,98314.9609375,True
2025-01-06 16:30:00,SPY,STOCK,HOLD,48.133635951131154,586.8470458984375,True
2025-01-06 16:30:00,QQQ,STOCK,HOLD,50.31214582951032,521.2359619140625,True
2025-01-06 16:30:00,IBIT,CRYPTO,HOLD,55.86552378109871,58.16999816894531,False
2025-01-06 16:30:00,BTC-USD,CRYPTO,BUY,63.945795273146125,102078.0859375,False
2025-01-07 16:30:00,SPY,STOCK,SELL,36.36859230711922,580.2133178710938,True
2025-01-07 16:30:00,QQQ,STOCK,SELL,37.01225702770851,511.93487548828125,True
2025-01-07 16:30:00,IBIT,CRYPTO,HOLD,51.490042855935044,54.790000915527344,False
2025-01-07 16:30:00,BTC-USD,CRYPTO,HOLD,52.60621512775694,96922.703125,True
2025-01-08 16:30:00,SPY,STOCK,SELL,37.653967453107875,581.0609130859375,False
2025-01-08 16:30:00,QQQ,STOCK,SELL,38.09055406073151,512.0243530273438,False
2025-01-08 16:30:00,IBIT,CRYPTO,HOLD,52.14341480853409,53.34000015258789,False
2025-01-08 16:30:00,BTC-USD,CRYPTO,HOLD,52.2239320345951,95043.5234375,False
2025-01-09 16:30:00,BTC-USD,CRYPTO,HOLD,49.155466408694025,92484.0390625,False
2025-01-10 16:30:00,SPY,STOCK,SELL,34.407290778629225,572.1896362304688,False
2025-01-10 16:30:00,QQQ,STOCK,SELL,35.136724932636824,503.9952087402344,False
2025-01-10 16:30:00,IBIT,CRYPTO,HOLD,54.7957632361733,53.84000015258789,False
2025-01-10 16:30:00,BTC-USD,CRYPTO,HOLD,52.50823117266886,94701.453125,False
2025-01-11 16:30:00,BTC-USD,CRYPTO,HOLD,51.962965461616534,94566.59375,False
2025-01-12 16:30:00,BTC-USD,CRYPTO,HOLD,50.715532151584824,94488.4375,False
2025-01-13 16:30:00,SPY,STOCK,SELL,27.577915408995565,573.0767822265625,False
2025-01-13 16:30:00,QQQ,STOCK,SELL,27.213665532010687,502.37548828125,False
2025-01-13 16:30:00,IBIT,CRYPTO,HOLD,54.73517806451062,53.220001220703125,False
2025-01-13 16:30:00,BTC-USD,CRYPTO,HOLD,48.77822100601049,94516.5234375,False
2025-01-14 16:30:00,SPY,STOCK,SELL,30.651370236881064,573.8653564453125,False
2025-01-14 16:30:00,QQQ,STOCK,SELL,29.685776064311504,501.89849853515625,False
2025-01-14 16:30:00,IBIT,CRYPTO,HOLD,58.08511685721032,54.83000183105469,False
2025-01-14 16:30:00,BTC-USD,CRYPTO,HOLD,51.94159516220518,96534.046875,False
2025-01-15 16:30:00,SPY,STOCK,SELL,35.00348170031326,584.3040161132812,False
2025-01-15 16:30:00,QQQ,STOCK,SELL,33.81582838972985,513.4453125,False
2025-01-15 16:30:00,IBIT,CRYPTO,BUY,55.56827824569498,56.63999938964844,True
2025-01-15 16:30:00,BTC-USD,CRYPTO,BUY,61.16966498131096,100504.4921875,True
2025-01-16 16:30:00,SPY,STOCK,SELL,36.492594927165946,583.1802368164062,False
2025-01-16 16:30:00,QQQ,STOCK,SELL,33.973124151546926,509.8481140136719,False
2025-01-16 16:30:00,IBIT,CRYPTO,HOLD,52.488310185152706,57.09000015258789,True
2025-01-16 16:30:00,BTC-USD,CRYPTO,BUY,58.626451648033715,99756.90625,False
2025-01-17 16:30:00,SPY,STOCK,HOLD,45.027389517038095,589.0353393554688,True
2025-01-17 16:30:00,QQQ,STOCK,HOLD,43.58303817241579,518.4535522460938,True
2025-01-17 16:30:00,IBIT,CRYPTO,BUY,63.557024773684645,59.619998931884766,True
2025-01-17 16:30:00,BTC-USD,CRYPTO,BUY,61.255521758308504,104462.0390625,False
2025-01-18 16:30:00,BTC-USD,CRYPTO,BUY,60.38523020863367,104408.0703125,False
2025-01-19 16:30:00,BTC-USD,CRYPTO,BUY,55.15421353447072,101089.609375,False
2025-01-20 16:30:00,BTC-USD,CRYPTO,BUY,55.05685238746845,102016.6640625,False
2025-01-21 16:30:00,SPY,STOCK,BUY,58.33700406090771,594.4270629882812,True
2025-01-21 16:30:00,QQQ,STOCK,HOLD,55.4060425481703,521.4943237304688,False
2025-01-21 16:30:00,IBIT,CRYPTO,BUY,66.66471852908793,60.41999816894531,False
2025-01-21 16:30:00,BTC-USD,CRYPTO,BUY,62.4491503432686,106146.265625,False
2025-01-22 16:30:00,SPY,STOCK,HOLD,56.50071329350852,597.7686157226562,True
2025-01-22 16:30:00,QQQ,STOCK,HOLD,55.20350372680668,528.1619873046875,False
2025-01-22 16:30:00,IBIT,CRYPTO,BUY,60.11144181979456,59.380001068115234,False
2025-01-22 16:30:00,BTC-USD,CRYPTO,BUY,59.32848816564336,103653.0703125,False
2025-01-23 16:30:00,SPY,STOCK,HOLD,55.967202396960516,601.0313720703125,False
2025-01-23 16:30:00,QQQ,STOCK,HOLD,54.18593500285472,529.2850341796875,False
2025-01-23 16:30:00,IBIT,CRYPTO,BUY,58.483040066017914,58.790000915527344,False
2025-01-23 16:30:00,BTC-USD,CRYPTO,BUY,61.2979542222572,103960.171875,False
2025-01-24 16:30:00,SPY,STOCK,HOLD,53.79433074943194,599.2767333984375,False
2025-01-24 16:30:00,QQQ,STOCK,HOLD,51.8168755089624,526.2938842773438,False
2025-01-24 16:30:00,IBIT,CRYPTO,BUY,61.23019072185919,59.70000076293945,False
2025-01-24 16:30:00,BTC-USD,CRYPTO,BUY,59.8188246068574,104819.484375,False
2025-01-25 16:30:00,BTC-USD,CRYPTO,BUY,59.530639505892466,104714.6484375,False
2025-01-26 16:30:00,BTC-USD,CRYPTO,BUY,58.1574332592792,102682.5,False
2025-01-27 16:30:00,SPY,STOCK,HOLD,46.55807664726296,590.7996826171875,False
2025-01-27 16:30:00,QQQ,STOCK,SELL,41.03466811768764,510.9710693359375,True
2025-01-27 16:30:00,IBIT,CRYPTO,HOLD,51.96088691335266,57.66999816894531,True
2025-01-27 16:30:00,BTC-USD,CRYPTO,BUY,56.47960706739228,102087.6875,False
2025-01-28 16:30:00,SPY,STOCK,HOLD,45.73790295030004,595.8760986328125,False
2025-01-28 16:30:00,QQQ,STOCK,SELL,41.28414654146809,518.5230712890625,False
2025-01-28 16:30:00,IBIT,CRYPTO,HOLD,51.264886102358666,57.58000183105469,False
2025-01-28 16:30:00,BTC-USD,CRYPTO,HOLD,49.93782687142369,101332.4765625,True
2025-01-29 16:30:00,SPY,STOCK,HOLD,46.6237807695985,593.204833984375,False
2025-01-29 16:30:00,QQQ,STOCK,HOLD,42.29305597306025,517.54931640625,True
2025-01-29 16:30:00,IBIT,CRYPTO,BUY,58.90965744908292,59.34000015258789,True
2025-01-29 16:30:00,BTC-USD,CRYPTO,HOLD,52.610923184139885,103703.2109375,False
2025-01-30 16:30:00,SPY,STOCK,HOLD,54.33551987024792,596.3886108398438,False
2025-01-30 16:30:00,QQQ,STOCK,HOLD,49.502532000938956,519.7552490234375,False
2025-01-30 16:30:00,IBIT,CRYPTO,BUY,57.27314732683867,59.720001220703125,False
2025-01-30 16:30:00,BTC-USD,CRYPTO,HOLD,53.184996666746116,104735.3046875,False
2025-01-31 16:30:00,SPY,STOCK,HOLD,53.298296853442416,593.2146606445312,False
2025-01-31 16:30:00,QQQ,STOCK,HOLD,49.937654698906805,519.0000610351562,False
2025-01-31 16:30:00,IBIT,CRYPTO,BUY,56.220243600329894,57.709999084472656,False
2025-01-31 16:30:00,BTC-USD,CRYPTO,HOLD,49.71699123977806,102405.0234375,False
2025-02-01 16:30:00,BTC-USD,CRYPTO,HOLD,53.78365803778176,100655.90625,False
2025-02-02 16:30:00,BTC-USD,CRYPTO,HOLD,48.598391579946075,97688.9765625,False
2025-02-03 16:30:00,SPY,STOCK,HOLD,50.633624828811584,589.2225952148438,False
2025-02-03 16:30:00,QQQ,STOCK,HOLD,48.99213540592446,514.8464965820312,False
2025-02-03 16:30:00,IBIT,CRYPTO,HOLD,52.400010361945164,57.58000183105469,True
2025-02-03 16:30:00,BTC-USD,CRYPTO,BUY,55.31845574377303,101405.421875,True
2025-02-04 16:30:00,SPY,STOCK,HOLD,52.599687023243256,593.1752319335938,False
2025-02-04 16:30:00,QQQ,STOCK,HOLD,51.58524789028556,521.1663208007812,False
2025-02-04 16:30:00,IBIT,CRYPTO,HOLD,51.316917943575774,56.130001068115234,False
2025-02-04 16:30:00,BTC-USD,CRYPTO,HOLD,47.31010712170915,97871.8203125,True
2025-02-05 16:30:00,SPY,STOCK,HOLD,51.028715220178775,595.580322265625,False
2025-02-05 16:30:00,QQQ,STOCK,HOLD,49.42480324974224,523.5313720703125,False
2025-02-05 16:30:00,IBIT,CRYPTO,HOLD,49.82934566479209,55.33000183105469,False
2025-02-05 16:30:00,BTC-USD,CRYPTO,HOLD,46.50738284594746,96615.4453125,False
2025-02-06 16:30:00,SPY,STOCK,HOLD,48.38640420919263,597.6503295898438,False
2025-02-06 16:30:00,QQQ,STOCK,HOLD,47.87328956019888,526.2640380859375,False
2025-02-06 16:30:00,IBIT,CRYPTO,HOLD,49.68557297115622,55.119998931884766,False
2025-02-06 16:30:00,BTC-USD,CRYPTO,HOLD,45.33535118408135,96593.296875,False
2025-02-07 16:30:00,SPY,STOCK,HOLD,43.60046347563182,592.1796875,False
2025-02-07 16:30:00,QQQ,STOCK,HOLD,42.46842588617562,519.6260986328125,False
2025-02-07 16:30:00,IBIT,CRYPTO,HOLD,47.000401541281775,54.470001220703125,False
2025-02-07 16:30:00,BTC-USD,CRYPTO,HOLD,46.40114898726747,96529.0859375,False
2025-02-08 16:30:00,BTC-USD,CRYPTO,HOLD,46.94596630903627,96482.453125,False
2025-02-09 16:30:00,BTC-USD,CRYPTO,HOLD,48.76410011017732,96500.09375,False
2025-02-10 16:30:00,SPY,STOCK,HOLD,57.66728740401275,596.2012939453125,False
2025-02-10 16:30:00,QQQ,STOCK,HOLD,57.43863113883539,525.916259765625,False
2025-02-10 16:30:00,IBIT,CRYPTO,HOLD,44.28104795803888,55.380001068115234,False
2025-02-10 16:30:00,BTC-USD,CRYPTO,HOLD,47.77964549689637,97437.5546875,False
2025-02-11 16:30:00,SPY,STOCK,HOLD,48.1107784351883,596.65478515625,False
2025-02-11 16:30:00,QQQ,STOCK,HOLD,46.78704844083684,524.6641845703125,False
2025-02-11 16:30:00,IBIT,CRYPTO,HOLD,43.69219398032432,54.11000061035156,False
2025-02-11 16:30:00,BTC-USD,CRYPTO,HOLD,47.932280196838136,95747.4296875,False
2025-02-12 16:30:00,SPY,STOCK,HOLD,51.72303937903384,594.7326049804688,False
2025-02-12 16:30:00,QQQ,STOCK,HOLD,52.53338547247801,524.9722290039062,False
2025-02-12 16:30:00,IBIT,CRYPTO,HOLD,46.33348909514559,55.15999984741211,False
2025-02-12 16:30:00,BTC-USD,CRYPTO,HOLD,51.00112704576383,97885.859375,False
2025-02-13 16:30:00,SPY,STOCK,HOLD,52.514334459901434,601.0115966796875,False
2025-02-13 16:30:00,QQQ,STOCK,HOLD,53.91837704082031,532.5244140625,False
2025-02-13 16:30:00,IBIT,CRYPTO,HOLD,45.990613106843355,54.7400016784668,False
2025-02-13 16:30:00,BTC-USD,CRYPTO,HOLD,49.82014190352278,96623.8671875,False
2025-02-14 16:30:00,SPY,STOCK,HOLD,51.65390605045442,600.9819946289062,False
2025-02-14 16:30:00,QQQ,STOCK,HOLD,55.87099364851269,534.7601928710938,False
2025-02-14 16:30:00,IBIT,CRYPTO,HOLD,53.46449838559063,55.33000183105469,False
2025-02-14 16:30:00,BTC-USD,CRYPTO,HOLD,52.14087566347357,97508.96875,False
2025-02-15 16:30:00,BTC-USD,CRYPTO,HOLD,52.936183290371964,97580.3515625,False
2025-02-16 16:30:00,BTC-USD,CRYPTO,HOLD,52.72465802357675,96175.03125,False
2025-02-17 16:30:00,BTC-USD,CRYPTO,HOLD,49.327684135898245,95773.3828125,False
2025-02-18 16:30:00,SPY,STOCK,HOLD,50.55819910608327,602.746337890625,False
2025-02-18 16:30:00,QQQ,STOCK,HOLD,53.685461017708064,535.9724731445312,False
2025-02-18 16:30:00,IBIT,CRYPTO,HOLD,47.962889830813175,53.5099983215332,False
2025-02-18 16:30:00,BTC-USD,CRYPTO,HOLD,52.51940020161555,95539.546875,False
2025-02-19 16:30:00,SPY,STOCK,HOLD,51.77643438221426,604.165771484375,False
2025-02-19 16:30:00,QQQ,STOCK,HOLD,54.473672622207665,536.12158203125,False
2025-02-19 16:30:00,IBIT,CRYPTO,HOLD,48.24598181016397,54.650001525878906,False
2025-02-19 16:30:00,BTC-USD,CRYPTO,HOLD,54.05788223378211,96635.609375,False
2025-02-20 16:30:00,SPY,STOCK,HOLD,47.42815377039906,601.6522827148438,False
2025-02-20 16:30:00,QQQ,STOCK,HOLD,49.86502527733424,533.8460083007812,False
2025-02-20 16:30:00,IBIT,CRYPTO,HOLD,50.70544843078476,56.040000915527344,False
2025-02-20 16:30:00,BTC-USD,CRYPTO,HOLD,50.804392168904066,98333.9375,False
2025-02-21 16:30:00,SPY,STOCK,SELL,33.11939191736726,591.361572265625,True
2025-02-21 16:30:00,QQQ,STOCK,SELL,35.49238689478483,522.7662353515625,True
2025-02-21 16:30:00,IBIT,CRYPTO,HOLD,51.895929686885644,53.91999816894531,False
2025-02-21 16:30:00,BTC-USD,CRYPTO,HOLD,51.03644323021905,96125.546875,False
2025-02-22 16:30:00,BTC-USD,CRYPTO,HOLD,53.21127747148675,96577.7578125,False
2025-02-23 16:30:00,BTC-USD,CRYPTO,HOLD,54.85213208838426,96273.921875,False
2025-02-24 16:30:00,SPY,STOCK,SELL,31.32226719939148,588.6707153320312,False
2025-02-24 16:30:00,QQQ,STOCK,SELL,31.498391374573583,516.5953369140625,False
2025-02-24 16:30:00,IBIT,CRYPTO,HOLD,49.391104460614436,53.40999984741211,False
2025-02-24 16:30:00,BTC-USD,CRYPTO,SELL,39.081167431827815,91418.171875,True
2025-02-25 16:30:00,SPY,STOCK,SELL,23.74226377116395,585.7431030273438,False
2025-02-25 16:30:00,QQQ,STOCK,SELL,24.005452493689706,510.08660888671875,False
2025-02-25 16:30:00,IBIT,CRYPTO,HOLD,42.35110400725269,50.029998779296875,False
2025-02-25 16:30:00,BTC-USD,CRYPTO,SELL,32.106952780470365,88736.171875,False
2025-02-26 16:30:00,SPY,STOCK,SELL,25.91491345899433,586.0386962890625,False
2025-02-26 16:30:00,QQQ,STOCK,SELL,26.639236584332757,511.3188171386719,False
2025-02-26 16:30:00,IBIT,CRYPTO,SELL,37.73536941915297,47.959999084472656,True
2025-02-26 16:30:00,BTC-USD,CRYPTO,SELL,20.990650066794696,84347.0234375,False
2025-02-27 16:30:00,SPY,STOCK,SELL,15.705376502422254,576.6844482421875,False
2025-02-27 16:30:00,QQQ,STOCK,SELL,15.467892499781286,497.1187744140625,False
2025-02-27 16:30:00,IBIT,CRYPTO,SELL,37.945403935639746,47.349998474121094,False
2025-02-27 16:30:00,BTC-USD,CRYPTO,SELL,21.147278120498587,84704.2265625,False
2025-02-28 16:30:00,SPY,STOCK,SELL,24.66138107851571,585.6838989257812,False
2025-02-28 16:30:00,QQQ,STOCK,SELL,21.659085647522705,504.96905517578125,False
2025-02-28 16:30:00,IBIT,CRYPTO,SELL,38.38036403428876,47.900001525878906,False
2025-02-28 16:30:00,BTC-USD,CRYPTO,SELL,20.49556231036612,84373.0078125,False
2025-03-01 16:30:00,BTC-USD,CRYPTO,SELL,21.17395031985122,86031.9140625,False
2025-03-02 16:30:00,BTC-USD,CRYPTO,HOLD,49.464206633500574,94248.3515625,True
2025-03-03 16:30:00,SPY,STOCK,SELL,17.682701134081473,575.4227905273438,False
2025-03-03 16:30:00,QQQ,STOCK,SELL,15.199103128415606,493.9190673828125,False
2025-03-03 16:30:00,IBIT,CRYPTO,SELL,36.16093644408109,48.900001525878906,False
2025-03-03 16:30:00,BTC-USD,CRYPTO,SELL,25.856604190012956,86065.671875,True
2025-03-04 16:30:00,SPY,STOCK,SELL,14.502412437931548,568.611572265625,False
2025-03-04 16:30:00,QQQ,STOCK,SELL,15.592453121162622,492.42852783203125,False
2025-03-04 16:30:00,IBIT,CRYPTO,SELL,37.72211021599775,49.38999938964844,False
2025-03-04 16:30:00,BTC-USD,CRYPTO,SELL,27.708740980139247,87222.1953125,False
2025-03-05 16:30:00,SPY,STOCK,SELL,24.319442532986855,574.722900390625,False
2025-03-05 16:30:00,QQQ,STOCK,SELL,24.74070568614107,498.8478698730469,False
2025-03-05 16:30:00,IBIT,CRYPTO,HOLD,40.73500189180516,51.439998626708984,True
2025-03-05 16:30:00,BTC-USD,CRYPTO,SELL,33.66583902612182,90623.5625,False
2025-03-06 16:30:00,SPY,STOCK,SELL,20.417457112186714,564.52099609375,False
2025-03-06 16:30:00,QQQ,STOCK,SELL,21.241110947986677,485.1248474121094,False
2025-03-06 16:30:00,IBIT,CRYPTO,HOLD,41.43719198509582,50.63999938964844,False
2025-03-06 16:30:00,BTC-USD,CRYPTO,SELL,34.133481476389846,89961.7265625,False
2025-03-07 16:30:00,SPY,STOCK,SELL,16.457826935297565,567.6849975585938,False
2025-03-07 16:30:00,QQQ,STOCK,SELL,17.410942360819384,488.6922302246094,False
2025-03-07 16:30:00,IBIT,CRYPTO,HOLD,43.69345949343028,49.43000030517578,False
2025-03-07 16:30:00,BTC-USD,CRYPTO,SELL,31.712689746016665,86742.671875,False
2025-03-08 16:30:00,BTC-USD,CRYPTO,SELL,31.591336936742017,86154.59375,False
2025-03-09 16:30:00,BTC-USD,CRYPTO,SELL,17.40672130895558,80601.0390625,False
2025-03-10 16:30:00,SPY,STOCK,SELL,13.248846414915329,552.5643920898438,False
2025-03-10 16:30:00,QQQ,STOCK,SELL,14.213088670160042,469.7523193359375,False
2025-03-10 16:30:00,IBIT,CRYPTO,SELL,31.578502956986767,44.90999984741211,True
2025-03-10 16:30:00,BTC-USD,CRYPTO,SELL,20.17741163450423,78532.0,False
2025-03-11 16:30:00,SPY,STOCK,SELL,13.997431271451815,547.970947265625,False
2025-03-11 16:30:00,QQQ,STOCK,SELL,14.653913221909816,468.62939453125,False
2025-03-11 16:30:00,IBIT,CRYPTO,SELL,33.35535111307349,47.2400016784668,False
2025-03-11 16:30:00,BTC-USD,CRYPTO,SELL,25.71325236836175,82862.2109375,False
2025-03-12 16:30:00,SPY,STOCK,SELL,14.406032802509039,550.8787841796875,False
2025-03-12 16:30:00,QQQ,STOCK,SELL,16.05654798706861,473.9158935546875,False
2025-03-12 16:30:00,IBIT,CRYPTO,SELL,34.3000124544319,47.150001525878906,False
2025-03-12 16:30:00,BTC-USD,CRYPTO,SELL,31.734376933216502,83722.359375,False
2025-03-13 16:30:00,SPY,STOCK,SELL,15.483848772798387,543.5353393554688,False
2025-03-13 16:30:00,QQQ,STOCK,SELL,17.141653321637747,465.38995361328125,False
2025-03-13 16:30:00,IBIT,CRYPTO,SELL,33.27258692456564,45.52000045776367,False
2025-03-13 16:30:00,BTC-USD,CRYPTO,SELL,26.441613245490007,81066.703125,False
2025-03-14 16:30:00,SPY,STOCK,SELL,27.57998268650248,554.7625122070312,False
2025-03-14 16:30:00,QQQ,STOCK,SELL,28.518854899223133,476.63861083984375,False
2025-03-14 16:30:00,IBIT,CRYPTO,HOLD,40.48987245185134,48.13999938964844,True
2025-03-14 16:30:00,BTC-USD,CRYPTO,SELL,34.49963178331573,83969.1015625,False
2025-03-15 16:30:00,BTC-USD,CRYPTO,SELL,35.189146003806925,84343.109375,False
2025-03-16 16:30:00,BTC-USD,CRYPTO,SELL,33.34781850255233,82579.6875,False
2025-03-17 16:30:00,SPY,STOCK,SELL,38.63089662262741,559.0404052734375,False
2025-03-17 16:30:00,QQQ,STOCK,SELL,39.043079969090705,479.72900390625,False
2025-03-17 16:30:00,IBIT,CRYPTO,HOLD,40.67151457702889,48.060001373291016,False
2025-03-17 16:30:00,BTC-USD,CRYPTO,HOLD,41.03303537059491,84075.6875,True
2025-03-18 16:30:00,SPY,STOCK,SELL,28.33116079430418,552.9981079101562,False
2025-03-18 16:30:00,QQQ,STOCK,SELL,27.880228455644655,471.5509033203125,False
2025-03-18 16:30:00,IBIT,CRYPTO,HOLD,41.67133055171579,46.810001373291016,False
2025-03-18 16:30:00,BTC-USD,CRYPTO,SELL,36.29553982812288,82718.5,True
2025-03-19 16:30:00,SPY,STOCK,SELL,34.161727413908686,559.0206909179688,False
2025-03-19 16:30:00,QQQ,STOCK,SELL,33.438750799924904,477.8608703613281,False
2025-03-19 16:30:00,IBIT,CRYPTO,HOLD,46.740460859149465,48.61000061035156,False
2025-03-19 16:30:00,BTC-USD,CRYPTO,HOLD,51.48826642944297,86854.2265625,True
2025-03-20 16:30:00,SPY,STOCK,SELL,40.312041324146385,557.4041748046875,False
2025-03-20 16:30:00,QQQ,STOCK,SELL,39.834513734096554,476.2411804199219,False
2025-03-20 16:30:00,IBIT,CRYPTO,HOLD,44.39310012584043,47.849998474121094,False
2025-03-20 16:30:00,BTC-USD,CRYPTO,SELL,39.78148343594589,84167.1953125,True
2025-03-21 16:30:00,SPY,STOCK,SELL,36.12401914345841,557.5880126953125,False
2025-03-21 16:30:00,QQQ,STOCK,SELL,36.68498923048953,477.8111877441406,False
2025-03-21 16:30:00,IBIT,CRYPTO,HOLD,47.022646158202534,47.70000076293945,False
2025-03-21 16:30:00,BTC-USD,CRYPTO,HOLD,40.59796205829545,84043.2421875,True
2025-03-22 16:30:00,BTC-USD,CRYPTO,HOLD,41.07890223319132,83832.484375,False
2025-03-23 16:30:00,BTC-USD,CRYPTO,BUY,59.017758840336256,86054.375,True
2025-03-24 16:30:00,SPY,STOCK,HOLD,52.425186067779535,567.5736083984375,True
2025-03-24 16:30:00,QQQ,STOCK,HOLD,52.81359133997299,488.2964782714844,True
2025-03-24 16:30:00,IBIT,CRYPTO,HOLD,47.833797797823934,50.18000030517578,False
2025-03-24 16:30:00,BTC-USD,CRYPTO,BUY,59.89151392560208,87498.9140625,False
2025-03-25 16:30:00,SPY,STOCK,HOLD,52.51258809196018,568.93798828125,False
2025-03-25 16:30:00,QQQ,STOCK,HOLD,53.76794663509539,491.08294677734375,False
2025-03-25 16:30:00,IBIT,CRYPTO,HOLD,45.195671370982716,50.13999938964844,False
2025-03-25 16:30:00,BTC-USD,CRYPTO,BUY,59.03364939450168,87471.703125,False
2025-03-26 16:30:00,SPY,STOCK,HOLD,45.25721087566455,562.1458129882812,False
2025-03-26 16:30:00,QQQ,STOCK,HOLD,46.39426549341641,482.04669189453125,False
2025-03-26 16:30:00,IBIT,CRYPTO,HOLD,42.907107675280734,49.18000030517578,False
2025-03-26 16:30:00,BTC-USD,CRYPTO,BUY,55.81657744534821,86900.8828125,False
2025-03-27 16:30:00,SPY,STOCK,HOLD,46.42438819247519,560.6529541015625,False
2025-03-27 16:30:00,QQQ,STOCK,HOLD,47.37225297396801,479.2999572753906,False
2025-03-27 16:30:00,IBIT,CRYPTO,HOLD,44.81702738677732,49.439998626708984,False
2025-03-27 16:30:00,BTC-USD,CRYPTO,BUY,59.43334110608936,87177.1015625,False
2025-03-28 16:30:00,SPY,STOCK,SELL,35.43862245474031,549.3623657226562,True
2025-03-28 16:30:00,QQQ,STOCK,SELL,36.802935129458916,466.6810607910156,True
2025-03-28 16:30:00,IBIT,CRYPTO,HOLD,52.552224205788235,47.560001373291016,False
2025-03-28 16:30:00,BTC-USD,CRYPTO,HOLD,47.00957877572432,84353.1484375,True
2025-03-29 16:30:00,BTC-USD,CRYPTO,HOLD,45.88472377071862,82597.5859375,False
2025-03-30 16:30:00,BTC-USD,CRYPTO,HOLD,44.2686494603141,82334.5234375,False
2025-03-31 16:30:00,SPY,STOCK,SELL,36.476397389464026,553.0501098632812,False
2025-03-31 16:30:00,QQQ,STOCK,SELL,36.08791221540496,466.66119384765625,False
2025-03-31 16:30:00,IBIT,CRYPTO,HOLD,49.203727158907625,46.810001373291016,False
2025-03-31 16:30:00,BTC-USD,CRYPTO,HOLD,42.85333760059634,82548.9140625,False
2025-04-01 16:30:00,SPY,STOCK,SELL,37.62628715625316,554.6121826171875,False
2025-04-01 16:30:00,QQQ,STOCK,SELL,37.11066349155537,470.4229431152344,False
2025-04-01 16:30:00,IBIT,CRYPTO,HOLD,49.38369069726088,48.29999923706055,False
2025-04-01 16:30:00,BTC-USD,CRYPTO,HOLD,49.562182347522565,85169.171875,False
2025-04-02 16:30:00,SPY,STOCK,SELL,39.02452141618334,558.1219482421875,False
2025-04-02 16:30:00,QQQ,STOCK,SELL,38.404543042282945,473.8563232421875,False
2025-04-02 16:30:00,IBIT,CRYPTO,HOLD,48.59920610395653,49.40999984741211,False
2025-04-02 16:30:00,BTC-USD,CRYPTO,HOLD,42.64358767869518,82485.7109375,False
2025-04-03 16:30:00,SPY,STOCK,SELL,26.525312728058864,530.6173095703125,False
2025-04-03 16:30:00,QQQ,STOCK,SELL,27.80837670280092,448.48907470703125,False
2025-04-03 16:30:00,IBIT,CRYPTO,HOLD,49.05786579221685,46.56999969482422,False
2025-04-03 16:30:00,BTC-USD,CRYPTO,HOLD,45.21231274264446,83102.828125,False
2025-04-04 16:30:00,SPY,STOCK,SELL,15.848516236977138,499.5533447265625,False
2025-04-04 16:30:00,QQQ,STOCK,SELL,16.93477704424273,420.6339416503906,False
2025-04-04 16:30:00,IBIT,CRYPTO,HOLD,51.65438067132356,47.709999084472656,False
2025-04-04 16:30:00,BTC-USD,CRYPTO,HOLD,47.85913250339383,83843.8046875,False
2025-04-05 16:30:00,BTC-USD,CRYPTO,HOLD,48.852154174540566,83504.796875,False
2025-04-06 16:30:00,BTC-USD,CRYPTO,SELL,33.638008596909174,78214.484375,True
2025-04-07 16:30:00,SPY,STOCK,SELL,21.430556617303726,498.6635437011719,False
2025-04-07 16:30:00,QQQ,STOCK,SELL,23.486556538025425,421.6490173339844,False
2025-04-07 16:30:00,IBIT,CRYPTO,SELL,33.39551896931653,44.27000045776367,True
2025-04-07 16:30:00,BTC-USD,CRYPTO,SELL,35.67698960227484,79235.3359375,False
2025-04-08 16:30:00,SPY,STOCK,SELL,15.238076609761155,490.8531188964844,False
2025-04-08 16:30:00,QQQ,STOCK,SELL,16.7791069945541,414.0557861328125,False
2025-04-08 16:30:00,IBIT,CRYPTO,SELL,30.34672089551693,43.59000015258789,False
2025-04-08 16:30:00,BTC-USD,CRYPTO,SELL,28.617423211798013,76271.953125,False
2025-04-09 16:30:00,SPY,STOCK,HOLD,43.5718250495076,542.4021606445312,True
2025-04-09 16:30:00,QQQ,STOCK,HOLD,44.90286111051491,463.7552185058594,True
2025-04-09 16:30:00,IBIT,CRYPTO,HOLD,40.705955807640805,46.83000183105469,True
2025-04-09 16:30:00,BTC-USD,CRYPTO,HOLD,41.25147503912283,82573.953125,True
2025-04-10 16:30:00,SPY,STOCK,SELL,38.50273684535325,518.6346435546875,True
2025-04-10 16:30:00,QQQ,STOCK,SELL,40.82328607325173,444.03070068359375,True
2025-04-10 16:30:00,IBIT,CRYPTO,SELL,36.48422209303383,45.16999816894531,True
2025-04-10 16:30:00,BTC-USD,CRYPTO,SELL,38.40517395688579,79626.140625,True
2025-04-11 16:30:00,SPY,STOCK,HOLD,47.82524102280087,527.8884887695312,True
2025-04-11 16:30:00,QQQ,STOCK,HOLD,49.550093077622876,452.21112060546875,True
2025-04-11 16:30:00,IBIT,CRYPTO,HOLD,46.483520509234246,47.66999816894531,True
2025-04-11 16:30:00,BTC-USD,CRYPTO,HOLD,49.24825834648226,83404.8359375,True
2025-04-12 16:30:00,BTC-USD,CRYPTO,BUY,55.82889267334579,85287.109375,True
2025-04-13 16:30:00,BTC-USD,CRYPTO,HOLD,53.21073891761128,83684.9765625,True
2025-04-14 16:30:00,SPY,STOCK,HOLD,50.133996645300336,533.0098266601562,False
2025-04-14 16:30:00,QQQ,STOCK,HOLD,51.58805686147659,455.2762756347656,False
2025-04-14 16:30:00,IBIT,CRYPTO,HOLD,45.85718092694974,48.279998779296875,False
2025-04-14 16:30:00,BTC-USD,CRYPTO,BUY,57.592257776966505,84542.390625,True
2025-04-15 16:30:00,SPY,STOCK,HOLD,51.78903446766402,531.5169067382812,False
2025-04-15 16:30:00,QQQ,STOCK,HOLD,53.564538308698936,455.7838134765625,False
2025-04-15 16:30:00,IBIT,CRYPTO,HOLD,45.117865032936734,47.7400016784668,False
2025-04-15 16:30:00,BTC-USD,CRYPTO,HOLD,53.78149135362506,83668.9921875,True
2025-04-16 16:30:00,SPY,STOCK,SELL,39.35439564375431,519.7022705078125,True
2025-04-16 16:30:00,QQQ,STOCK,SELL,40.17176230301902,442.0403137207031,True
2025-04-16 16:30:00,IBIT,CRYPTO,HOLD,47.383017821220726,47.959999084472656,False
2025-04-16 16:30:00,BTC-USD,CRYPTO,HOLD,53.51159502390903,84033.8671875,False
2025-04-17 16:30:00,SPY,STOCK,HOLD,48.55377151289291,520.44384765625,True
2025-04-17 16:30:00,QQQ,STOCK,HOLD,49.04672568165174,441.9607238769531,True
2025-04-17 16:30:00,IBIT,CRYPTO,HOLD,50.80109617290733,48.2599983215332,False
2025-04-17 16:30:00,BTC-USD,CRYPTO,BUY,59.56100556423026,84895.75,True
2025-04-18 16:30:00,BTC-USD,CRYPTO,BUY,56.30384611195096,84450.8046875,False
2025-04-19 16:30:00,BTC-USD,CRYPTO,BUY,55.75970513356304,85063.4140625,False
2025-04-20 16:30:00,BTC-USD,CRYPTO,BUY,61.5515991608004,85174.3046875,False
2025-04-21 16:30:00,SPY,STOCK,HOLD,44.65402895460669,508.0558776855469,False
2025-04-21 16:30:00,QQQ,STOCK,HOLD,45.62126452374345,431.02362060546875,False
2025-04-21 16:30:00,IBIT,CRYPTO,BUY,55.51366213799576,49.720001220703125,True
2025-04-21 16:30:00,BTC-USD,CRYPTO,BUY,65.60726452202192,87518.90625,False
2025-04-22 16:30:00,SPY,STOCK,HOLD,49.123352766402384,521.2743530273438,False
2025-04-22 16:30:00,QQQ,STOCK,HOLD,49.81979237005956,442.33892822265625,False
2025-04-22 16:30:00,IBIT,CRYPTO,BUY,64.25115330603037,52.08000183105469,False
2025-04-22 16:30:00,BTC-USD,CRYPTO,BUY,80.8848037544478,93441.890625,False
2025-04-23 16:30:00,SPY,STOCK,HOLD,53.12939569467183,529.3516845703125,False
2025-04-23 16:30:00,QQQ,STOCK,HOLD,54.18582575899757,452.37030029296875,False
2025-04-23 16:30:00,IBIT,CRYPTO,BUY,66.0429154633328,53.20000076293945,False
2025-04-23 16:30:00,BTC-USD,CRYPTO,BUY,78.24791063471065,93699.109375,False
2025-04-24 16:30:00,SPY,STOCK,HOLD,58.69316177671847,540.4940185546875,False
2025-04-24 16:30:00,QQQ,STOCK,BUY,60.65128012811083,465.09869384765625,True
2025-04-24 16:30:00,IBIT,CRYPTO,BUY,69.22307562721102,53.2599983215332,False
2025-04-24 16:30:00,BTC-USD,CRYPTO,BUY,78.6098184615967,93943.796875,False
2025-04-25 16:30:00,SPY,STOCK,BUY,58.519939724452065,544.3992919921875,True
2025-04-25 16:30:00,QQQ,STOCK,BUY,60.96427438117675,470.2835998535156,False
2025-04-25 16:30:00,IBIT,CRYPTO,BUY,71.58212419056257,54.27000045776367,False
2025-04-25 16:30:00,BTC-USD,CRYPTO,BUY,75.71753390936055,94720.5,False
2025-04-26 16:30:00,BTC-USD,CRYPTO,BUY,79.01387337784931,94646.9296875,False
2025-04-27 16:30:00,BTC-USD,CRYPTO,BUY,78.00569089262105,93754.84375,False
2025-04-28 16:30:00,SPY,STOCK,BUY,62.43737365337307,544.6068115234375,False
2025-04-28 16:30:00,QQQ,STOCK,BUY,64.7412075877162,470.13433837890625,False
2025-04-28 16:30:00,IBIT,CRYPTO,BUY,80.45832367335123,53.880001068115234,False
2025-04-28 16:30:00,BTC-USD,CRYPTO,BUY,78.31724682115154,94978.75,False
2025-04-29 16:30:00,SPY,STOCK,BUY,62.92030684554437,548.0375366210938,False
2025-04-29 16:30:00,QQQ,STOCK,BUY,65.53368292812647,473.23931884765625,False
2025-04-29 16:30:00,IBIT,CRYPTO,BUY,77.0711672051569,54.220001220703125,False
2025-04-29 16:30:00,BTC-USD,CRYPTO,BUY,72.2143129113595,94284.7890625,False
2025-04-30 16:30:00,SPY,STOCK,BUY,65.67463398811194,548.2550659179688,False
2025-04-30 16:30:00,QQQ,STOCK,BUY,67.44001610366278,473.1795959472656,False
2025-04-30 16:30:00,IBIT,CRYPTO,BUY,75.46116862078944,53.5099983215332,False
2025-04-30 16:30:00,BTC-USD,CRYPTO,BUY,74.3925325345535,94207.3125,False
2025-05-01 16:30:00,SPY,STOCK,BUY,67.76094710301254,552.1404418945312,False
2025-05-01 16:30:00,QQQ,STOCK,BUY,69.27238215601011,479.35968017578125,False
2025-05-01 16:30:00,IBIT,CRYPTO,BUY,78.69991948881957,54.95000076293945,False
2025-05-01 16:30:00,BTC-USD,CRYPTO,BUY,77.37693327827286,96492.3359375,False
2025-05-02 16:30:00,SPY,STOCK,BUY,73.64962510881499,560.3365478515625,False
2025-05-02 16:30:00,QQQ,STOCK,BUY,74.31978649458861,486.4752502441406,False
2025-05-02 16:30:00,IBIT,CRYPTO,BUY,77.85271634439054,55.189998626708984,False
2025-05-02 16:30:00,BTC-USD,CRYPTO,BUY,77.40124658932984,96910.0703125,False
2025-05-03 16:30:00,BTC-USD,CRYPTO,BUY,75.71823678301826,95891.796875,False
2025-05-04 16:30:00,BTC-USD,CRYPTO,BUY,71.02213122993871,94315.9765625,False
2025-05-05 16:30:00,SPY,STOCK,BUY,69.76443102981716,557.1234130859375,False
2025-05-05 16:30:00,QQQ,STOCK,BUY,70.42205574118763,483.5892028808594,False
2025-05-05 16:30:00,IBIT,CRYPTO,BUY,71.53856916166785,53.630001068115234,False
2025-05-05 16:30:00,BTC-USD,CRYPTO,BUY,65.88896559859923,94748.0546875,False
2025-05-06 16:30:00,SPY,STOCK,BUY,67.33493894245979,552.4667358398438,False
2025-05-06 16:30:00,QQQ,STOCK,BUY,67.67844462226103,479.09100341796875,False
2025-05-06 16:30:00,IBIT,CRYPTO,BUY,72.03166393842653,53.970001220703125,False
2025-05-06 16:30:00,BTC-USD,CRYPTO,BUY,65.52626304509432,96802.4765625,False
2025-05-07 16:30:00,SPY,STOCK,BUY,73.5232536436493,554.7901611328125,False
2025-05-07 16:30:00,QQQ,STOCK,BUY,74.18590740545463,480.97186279296875,False
2025-05-07 16:30:00,IBIT,CRYPTO,BUY,71.23782500473823,54.68000030517578,False
2025-05-07 16:30:00,BTC-USD,CRYPTO,BUY,65.70284067701306,97032.3203125,False
2025-05-08 16:30:00,SPY,STOCK,HOLD,68.08643131712094,558.6558227539062,True
2025-05-08 16:30:00,QQQ,STOCK,HOLD,69.03954187173785,485.9378662109375,True
2025-05-08 16:30:00,IBIT,CRYPTO,BUY,74.78904163097121,57.619998931884766,False
2025-05-08 16:30:00,BTC-USD,CRYPTO,BUY,77.91873478507752,103241.4609375,False
2025-05-09 16:30:00,SPY,STOCK,BUY,72.70499385564455,557.9439697265625,True
2025-05-09 16:30:00,QQQ,STOCK,BUY,73.03478765962619,485.619384765625,True
2025-05-09 16:30:00,IBIT,CRYPTO,BUY,75.51350902217668,58.65999984741211,False
2025-05-09 16:30:00,BTC-USD,CRYPTO,BUY,75.52461086609492,102970.8515625,False
2025-05-10 16:30:00,BTC-USD,CRYPTO,BUY,77.70170587034539,104696.328125,False
2025-05-11 16:30:00,BTC-USD,CRYPTO,BUY,77.19925268931756,104106.359375,False
2025-05-12 16:30:00,SPY,STOCK,BUY,76.39934188100418,576.382568359375,False
2025-05-12 16:30:00,QQQ,STOCK,BUY,76.82463309096428,505.40362548828125,False
2025-05-12 16:30:00,IBIT,CRYPTO,BUY,71.97692405690913,57.880001068115234,False
2025-05-12 16:30:00,BTC-USD,CRYPTO,BUY,73.4382028285177,102812.953125,False
2025-05-13 16:30:00,SPY,STOCK,BUY,77.96883164195893,580.18896484375,False
2025-05-13 16:30:00,QQQ,STOCK,BUY,79.30964054704232,513.1063842773438,False
2025-05-13 16:30:00,IBIT,CRYPTO,BUY,75.31690033889727,59.619998931884766,False
2025-05-13 16:30:00,BTC-USD,CRYPTO,BUY,75.60092913508696,104169.8125,False
2025-05-14 16:30:00,SPY,STOCK,BUY,78.42863924998306,580.9304809570312,False
2025-05-14 16:30:00,QQQ,STOCK,BUY,80.1500497717171,516.1814575195312,False
2025-05-14 16:30:00,IBIT,CRYPTO,BUY,73.72119329911301,58.7400016784668,False
2025-05-14 16:30:00,BTC-USD,CRYPTO,BUY,74.052771944768,103539.4140625,False
2025-05-15 16:30:00,SPY,STOCK,BUY,72.65245381640888,583.7680053710938,False
2025-05-15 16:30:00,QQQ,STOCK,BUY,73.7267072085017,516.748779296875,False
2025-05-15 16:30:00,IBIT,CRYPTO,BUY,72.17156950605862,58.66999816894531,False
2025-05-15 16:30:00,BTC-USD,CRYPTO,BUY,70.39353517400204,103744.640625,False
2025-05-16 16:30:00,SPY,STOCK,BUY,77.63002450885351,587.4655151367188,False
2025-05-16 16:30:00,QQQ,STOCK,BUY,78.34203371432663,518.997802734375,False
2025-05-16 16:30:00,IBIT,CRYPTO,BUY,69.51210410608597,59.20000076293945,False
2025-05-16 16:30:00,BTC-USD,CRYPTO,BUY,69.6938603608228,103489.2890625,False
2025-05-17 16:30:00,BTC-USD,CRYPTO,BUY,68.01944330410589,103191.0859375,False
2025-05-18 16:30:00,BTC-USD,CRYPTO,BUY,74.03143728964893,106446.0078125,False
2025-05-19 16:30:00,SPY,STOCK,BUY,76.64328475265577,588.108154296875,False
2025-05-19 16:30:00,QQQ,STOCK,BUY,76.94901336672288,519.4954833984375,False
2025-05-19 16:30:00,IBIT,CRYPTO,BUY,72.64940416195647,59.9900016784668,False
2025-05-19 16:30:00,BTC-USD,CRYPTO,BUY,71.65868243787322,105606.1796875,False
2025-05-20 16:30:00,SPY,STOCK,BUY,70.4403316084374,586.1307983398438,False
2025-05-20 16:30:00,QQQ,STOCK,BUY,70.64656310289938,517.7638549804688,False
2025-05-20 16:30:00,IBIT,CRYPTO,BUY,75.8202096562673,60.90999984741211,False
2025-05-20 16:30:00,BTC-USD,CRYPTO,BUY,70.97285796529242,106791.0859375,False
2025-05-21 16:30:00,SPY,STOCK,BUY,64.43099198523014,576.2540893554688,False
2025-05-21 16:30:00,QQQ,STOCK,BUY,65.57090596657484,510.5686340332031,False
2025-05-21 16:30:00,IBIT,CRYPTO,BUY,78.81819908140888,61.790000915527344,False
2025-05-21 16:30:00,BTC-USD,CRYPTO,BUY,71.88047442793979,109678.078125,False
2025-05-22 16:30:00,SPY,STOCK,BUY,66.80919149475103,576.4815063476562,False
2025-05-22 16:30:00,QQQ,STOCK,BUY,68.46772299674102,511.5240173339844,False
2025-05-22 16:30:00,IBIT,CRYPTO,BUY,80.52726466528385,63.22999954223633,False
2025-05-22 16:30:00,BTC-USD,CRYPTO,BUY,72.81470600608644,111673.28125,False
2025-05-23 16:30:00,SPY,STOCK,BUY,63.67930747988714,572.5465087890625,False
2025-05-23 16:30:00,QQQ,STOCK,BUY,64.98728223281239,506.78692626953125,False
2025-05-23 16:30:00,IBIT,CRYPTO,BUY,74.56048696230658,61.83000183105469,False
2025-05-23 16:30:00,BTC-USD,CRYPTO,BUY,65.27728079216516,107287.796875,False
2025-05-24 16:30:00,BTC-USD,CRYPTO,BUY,64.49936728709316,107791.15625,False
2025-05-25 16:30:00,BTC-USD,CRYPTO,BUY,64.28342815471382,109035.390625,False
2025-05-26 16:30:00,BTC-USD,CRYPTO,BUY,65.76144578660272,109440.3671875,False
2025-05-27 16:30:00,SPY,STOCK,BUY,72.33309357464572,584.4500732421875,False
2025-05-27 16:30:00,QQQ,STOCK,BUY,73.37754345388618,518.7091674804688,False
2025-05-27 16:30:00,IBIT,CRYPTO,BUY,77.51877756073385,62.5,False
2025-05-27 16:30:00,BTC-USD,CRYPTO,BUY,63.93182495034671,108994.640625,False
2025-05-28 16:30:00,SPY,STOCK,BUY,61.29964661069018,581.0689086914062,False
2025-05-28 16:30:00,QQQ,STOCK,BUY,62.776877043879495,516.4103393554688,False
2025-05-28 16:30:00,IBIT,CRYPTO,BUY,68.48614319633558,60.790000915527344,False
2025-05-28 16:30:00,BTC-USD,CRYPTO,BUY,61.12399333444601,107802.328125,False
2025-05-29 16:30:00,SPY,STOCK,BUY,65.55419027082328,583.362548828125,False
2025-05-29 16:30:00,QQQ,STOCK,BUY,66.40245977283952,517.4254760742188,False
2025-05-29 16:30:00,IBIT,CRYPTO,BUY,64.23508521081048,59.9900016784668,False
2025-05-29 16:30:00,BTC-USD,CRYPTO,BUY,57.435944912337135,105641.7578125,False
2025-05-30 16:30:00,SPY,STOCK,HOLD,56.731776553769365,582.7100830078125,True
2025-05-30 16:30:00,QQQ,STOCK,HOLD,57.2076515265728,516.609375,True
2025-05-30 16:30:00,IBIT,CRYPTO,BUY,58.538528571225264,59.459999084472656,False
2025-05-30 16:30:00,BTC-USD,CRYPTO,HOLD,53.66972605224587,103998.5703125,True
2025-05-31 16:30:00,BTC-USD,CRYPTO,BUY,55.57046929111123,104638.09375,True
2025-06-01 16:30:00,BTC-USD,CRYPTO,HOLD,54.01552880878496,105652.1015625,True
2025-06-02 16:30:00,SPY,STOCK,BUY,59.6589328369705,585.992431640625,True
2025-06-02 16:30:00,QQQ,STOCK,BUY,60.56613012731777,520.6896362304688,True
2025-06-02 16:30:00,IBIT,CRYPTO,BUY,57.208015909547846,59.36000061035156,False
2025-06-02 16:30:00,BTC-USD,CRYPTO,HOLD,53.10436284720118,105881.53125,False
2025-06-03 16:30:00,SPY,STOCK,BUY,63.98947404413691,589.3341064453125,False
2025-06-03 16:30:00,QQQ,STOCK,BUY,64.65914439531299,524.7598876953125,False
2025-06-03 16:30:00,IBIT,CRYPTO,BUY,56.971760851298676,60.400001525878906,False
2025-06-03 16:30:00,BTC-USD,CRYPTO,HOLD,52.96431314888853,105432.46875,False
2025-06-04 16:30:00,SPY,STOCK,BUY,67.74177731826285,589.1759643554688,False
2025-06-04 16:30:00,QQQ,STOCK,BUY,68.54133379537315,526.2228393554688,False
2025-06-04 16:30:00,IBIT,CRYPTO,BUY,60.9081573624517,59.63999938964844,False
2025-06-04 16:30:00,BTC-USD,CRYPTO,HOLD,51.62716315749345,104731.984375,False
2025-06-05 16:30:00,SPY,STOCK,BUY,64.65925707593497,586.3285522460938,False
2025-06-05 16:30:00,QQQ,STOCK,BUY,65.31306465949234,522.2620239257812,False
2025-06-05 16:30:00,IBIT,CRYPTO,HOLD,54.105760560288054,57.869998931884766,True
2025-06-05 16:30:00,BTC-USD,CRYPTO,HOLD,45.74124593911795,101575.953125,False
2025-06-06 16:30:00,SPY,STOCK,BUY,67.16998234638156,592.349609375,False
2025-06-06 16:30:00,QQQ,STOCK,BUY,67.52082879489183,527.3673095703125,False
2025-06-06 16:30:00,IBIT,CRYPTO,BUY,58.38598053401679,59.2599983215332,True
2025-06-06 16:30:00,BTC-USD,CRYPTO,HOLD,54.31659856686072,104390.34375,False
2025-06-07 16:30:00,BTC-USD,CRYPTO,HOLD,55.71191009954619,105615.625,False
2025-06-08 16:30:00,BTC-USD,CRYPTO,HOLD,54.079687290031096,105793.6484375,False
2025-06-09 16:30:00,SPY,STOCK,BUY,68.70288500038839,592.8834228515625,False
2025-06-09 16:30:00,QQQ,STOCK,BUY,68.97053455789977,528.1436157226562,False
2025-06-09 16:30:00,IBIT,CRYPTO,BUY,62.42565023865155,61.77000045776367,False
2025-06-09 16:30:00,BTC-USD,CRYPTO,HOLD,59.421296681006616,110294.1015625,False
2025-06-10 16:30:00,SPY,STOCK,BUY,63.057473350829234,596.2449951171875,False
2025-06-10 16:30:00,QQQ,STOCK,BUY,63.24227675792333,531.6366577148438,False
2025-06-10 16:30:00,IBIT,CRYPTO,BUY,64.32091746269971,62.290000915527344,False
2025-06-10 16:30:00,BTC-USD,CRYPTO,BUY,61.806436027695874,110257.234375,True
2025-06-11 16:30:00,SPY,STOCK,BUY,59.384984181702436,594.5443725585938,False
2025-06-11 16:30:00,QQQ,STOCK,BUY,58.29486192594226,529.8452758789062,False
2025-06-11 16:30:00,IBIT,CRYPTO,HOLD,61.27229669756614,61.84000015258789,True
2025-06-11 16:30:00,BTC-USD,CRYPTO,HOLD,60.74438314559907,108686.625,True
2025-06-12 16:30:00,SPY,STOCK,BUY,59.02520711049645,596.9073486328125,False
2025-06-12 16:30:00,QQQ,STOCK,HOLD,57.381206702104656,531.0892333984375,True
2025-06-12 16:30:00,IBIT,CRYPTO,HOLD,56.80036982375656,60.70000076293945,False
2025-06-12 16:30:00,BTC-USD,CRYPTO,HOLD,58.880840190066756,105929.0546875,False
2025-06-13 16:30:00,SPY,STOCK,HOLD,51.40266030918518,590.23388671875,True
2025-06-13 16:30:00,QQQ,STOCK,HOLD,50.32696635876661,524.4215698242188,False
2025-06-13 16:30:00,IBIT,CRYPTO,HOLD,57.67840106187991,59.7400016784668,False
2025-06-13 16:30:00,BTC-USD,CRYPTO,BUY,55.89639678886554,106090.96875,True
2025-06-14 16:30:00,BTC-USD,CRYPTO,HOLD,52.959692488031685,105472.40625,True
2025-06-15 16:30:00,BTC-USD,CRYPTO,HOLD,52.67576753828539,105552.0234375,False
2025-06-16 16:30:00,SPY,STOCK,HOLD,56.7659716745775,595.8494262695312,False
2025-06-16 16:30:00,QQQ,STOCK,HOLD,56.16431049832645,531.7162475585938,False
2025-06-16 16:30:00,IBIT,CRYPTO,HOLD,56.60657475068566,61.79999923706055,False
2025-06-16 16:30:00,BTC-USD,CRYPTO,HOLD,51.07060513980576,106796.7578125,False
2025-06-17 16:30:00,SPY,STOCK,HOLD,49.283724661874196,590.7578125,False
2025-06-17 16:30:00,QQQ,STOCK,HOLD,48.575668247077374,526.5313110351562,False
2025-06-17 16:30:00,IBIT,CRYPTO,HOLD,55.71805948415609,59.5,False
2025-06-17 16:30:00,BTC-USD,CRYPTO,HOLD,46.15489163044933,104601.1171875,False
2025-06-18 16:30:00,SPY,STOCK,HOLD,53.2239609621831,590.6688232421875,False
2025-06-18 16:30:00,QQQ,STOCK,HOLD,52.62485062493719,526.4417724609375,False
2025-06-18 16:30:00,IBIT,CRYPTO,HOLD,54.53223883381086,58.970001220703125,False
2025-06-18 16:30:00,BTC-USD,CRYPTO,HOLD,47.18625343197783,104883.328125,False
2025-06-19 16:30:00,BTC-USD,CRYPTO,HOLD,54.178465331174635,104684.2890625,False
2025-06-20 16:30:00,SPY,STOCK,HOLD,48.829219200675034,589.2816162109375,False
2025-06-20 16:30:00,QQQ,STOCK,HOLD,47.77431815213291,524.292236328125,False
2025-06-20 16:30:00,IBIT,CRYPTO,HOLD,54.860251043925444,58.66999816894531,False
2025-06-20 16:30:00,BTC-USD,CRYPTO,HOLD,45.83748045353748,103309.6015625,False
2025-06-21 16:30:00,BTC-USD,CRYPTO,HOLD,42.33930282855487,102257.40625,False
2025-06-22 16:30:00,BTC-USD,CRYPTO,SELL,38.1766589323959,100987.140625,True
2025-06-23 16:30:00,SPY,STOCK,BUY,60.14528824334271,595.1021728515625,True
2025-06-23 16:30:00,QQQ,STOCK,BUY,58.658333587766165,529.6832275390625,True
2025-06-23 16:30:00,IBIT,CRYPTO,HOLD,53.84101489692561,58.66999816894531,False
2025-06-23 16:30:00,BTC-USD,CRYPTO,HOLD,48.93732788745757,105577.7734375,True
2025-06-24 16:30:00,SPY,STOCK,BUY,62.76170166636404,601.676513671875,False
2025-06-24 16:30:00,QQQ,STOCK,BUY,61.59875246532934,537.7831420898438,False
2025-06-24 16:30:00,IBIT,CRYPTO,HOLD,55.64029281152249,60.060001373291016,False
2025-06-24 16:30:00,BTC-USD,CRYPTO,HOLD,49.114951242408694,106045.6328125,False
2025-06-25 16:30:00,SPY,STOCK,BUY,63.2437958821053,602.0135498046875,False
2025-06-25 16:30:00,QQQ,STOCK,BUY,62.2633082186604,539.157958984375,False
2025-06-25 16:30:00,IBIT,CRYPTO,BUY,55.91594118090841,61.275001525878906,True
2025-06-25 16:30:00,BTC-USD,CRYPTO,HOLD,51.09711945279572,107361.2578125,False
2025-06-26 16:30:00,SPY,STOCK,BUY,69.18824374732769,606.7236328125,False
2025-06-26 16:30:00,QQQ,STOCK,BUY,68.16070319116484,544.19921875,False
2025-06-26 16:30:00,IBIT,CRYPTO,BUY,55.77966834958656,61.13999938964844,False
2025-06-26 16:30:00,BTC-USD,CRYPTO,HOLD,53.0902444011733,106960.0,False
2025-06-27 16:30:00,SPY,STOCK,BUY,66.78133812313534,609.7380981445312,False
2025-06-27 16:30:00,QQQ,STOCK,BUY,65.67840876575323,546.0624389648438,False
2025-06-27 16:30:00,IBIT,CRYPTO,BUY,57.36490568987024,60.720001220703125,False
2025-06-27 16:30:00,BTC-USD,CRYPTO,HOLD,54.30074241466653,107088.4296875,False
2025-06-28 16:30:00,BTC-USD,CRYPTO,BUY,56.476418198774766,107327.703125,True
2025-06-29 16:30:00,BTC-USD,CRYPTO,BUY,59.097349341509265,108385.5703125,False
2025-06-30 16:30:00,SPY,STOCK,BUY,67.61331115258854,612.6533203125,False
2025-06-30 16:30:00,QQQ,STOCK,BUY,66.65720741980013,549.5992431640625,False
2025-06-30 16:30:00,IBIT,CRYPTO,HOLD,54.26775348353807,61.209999084472656,True
2025-06-30 16:30:00,BTC-USD,CRYPTO,HOLD,53.24313404886425,107135.3359375,True
2025-07-01 16:30:00,SPY,STOCK,BUY,62.126934607695,612.455078125,False
2025-07-01 16:30:00,QQQ,STOCK,BUY,59.11805358122599,544.9664916992188,False
2025-07-01 16:30:00,IBIT,CRYPTO,HOLD,56.01825587407925,59.84000015258789,False
2025-07-01 16:30:00,BTC-USD,CRYPTO,HOLD,48.95466760225021,105698.28125,False
2025-07-02 16:30:00,SPY,STOCK,BUY,66.90325111969865,615.2315063476562,False
2025-07-02 16:30:00,QQQ,STOCK,BUY,63.840695374434816,548.7622680664062,False
2025-07-02 16:30:00,IBIT,CRYPTO,BUY,55.882706040943084,62.41999816894531,True
2025-07-02 16:30:00,BTC-USD,CRYPTO,BUY,56.38728663515022,108859.3203125,True
2025-07-03 16:30:00,SPY,STOCK,BUY,68.09259296014496,620.0803833007812,False
2025-07-03 16:30:00,QQQ,STOCK,BUY,65.01730184964185,554.1622924804688,False
2025-07-03 16:30:00,IBIT,CRYPTO,BUY,56.53623735209915,62.189998626708984,False
2025-07-03 16:30:00,BTC-USD,CRYPTO,BUY,58.761771137095785,109647.9765625,False
2025-07-04 16:30:00,BTC-USD,CRYPTO,BUY,56.80545359218883,108034.3359375,False
2025-07-05 16:30:00,BTC-USD,CRYPTO,BUY,57.37673483902134,108231.1796875,False
2025-07-06 16:30:00,BTC-USD,CRYPTO,BUY,56.725742923156524,109232.0703125,False
2025-07-07 16:30:00,SPY,STOCK,BUY,63.97402907951988,615.4595336914062,False
2025-07-07 16:30:00,QQQ,STOCK,BUY,61.380476957652114,549.9878540039062,False
2025-07-07 16:30:00,IBIT,CRYPTO,BUY,55.51788732976467,61.400001525878906,False
2025-07-07 16:30:00,BTC-USD,CRYPTO,HOLD,54.81157532464421,108299.8515625,True
2025-07-08 16:30:00,SPY,STOCK,BUY,62.11662103322744,615.1224365234375,False
2025-07-08 16:30:00,QQQ,STOCK,BUY,59.71253894679192,550.2966918945312,False
2025-07-08 16:30:00,IBIT,CRYPTO,HOLD,54.92411525398117,61.81999969482422,True
2025-07-08 16:30:00,BTC-USD,CRYPTO,BUY,56.32659793720862,108950.2734375,True
2025-07-09 16:30:00,SPY,STOCK,BUY,64.21030166475782,618.8110961914062,False
2025-07-09 16:30:00,QQQ,STOCK,BUY,62.04604111191418,554.1921997070312,False
2025-07-09 16:30:00,IBIT,CRYPTO,BUY,64.19055205000322,63.58000183105469,True
2025-07-09 16:30:00,BTC-USD,CRYPTO,BUY,59.57456146819608,111326.5546875,False
2025-07-10 16:30:00,SPY,STOCK,HOLD,56.74955929127011,620.5563354492188,True
2025-07-10 16:30:00,QQQ,STOCK,HOLD,53.581582248994884,553.3952026367188,True
2025-07-10 16:30:00,IBIT,CRYPTO,BUY,71.09576031594237,64.5,False
2025-07-10 16:30:00,BTC-USD,CRYPTO,BUY,68.80355264829217,115987.203125,False
2025-07-11 16:30:00,SPY,STOCK,HOLD,52.306201016512745,618.3748168945312,False
2025-07-11 16:30:00,QQQ,STOCK,HOLD,49.75133381010657,552.1497802734375,False
2025-07-11 16:30:00,IBIT,CRYPTO,BUY,74.5296970660349,67.20999908447266,False
2025-07-11 16:30:00,BTC-USD,CRYPTO,BUY,72.27409510272058,117516.9921875,False
2025-07-12 16:30:00,BTC-USD,CRYPTO,BUY,71.44420143719027,117435.2265625,False
2025-07-13 16:30:00,BTC-USD,CRYPTO,BUY,72.0436327098624,119116.1171875,False
2025-07-14 16:30:00,SPY,STOCK,BUY,65.02560907304292,619.5548095703125,True
2025-07-14 16:30:00,QQQ,STOCK,BUY,62.5952984409725,554.1524047851562,True
2025-07-14 16:30:00,IBIT,CRYPTO,BUY,76.466774607271,68.18000030517578,False
2025-07-14 16:30:00,BTC-USD,CRYPTO,BUY,76.11566933160192,119849.703125,False
2025-07-15 16:30:00,SPY,STOCK,BUY,59.751232593764264,616.9072875976562,False
2025-07-15 16:30:00,QQQ,STOCK,BUY,58.957017045788135,554.660400390625,False
2025-07-15 16:30:00,IBIT,CRYPTO,BUY,69.60739339435598,66.16000366210938,False
2025-07-15 16:30:00,BTC-USD,CRYPTO,BUY,71.09079236819817,117777.1875,False
2025-07-16 16:30:00,SPY,STOCK,BUY,63.19078043833836,618.9697265625,False
2025-07-16 16:30:00,QQQ,STOCK,BUY,61.72392584223588,555.2283325195312,False
2025-07-16 16:30:00,IBIT,CRYPTO,BUY,71.07250741705279,67.83000183105469,False
2025-07-16 16:30:00,BTC-USD,CRYPTO,BUY,70.77649623140425,118738.5078125,False
2025-07-17 16:30:00,SPY,STOCK,BUY,64.83137750346792,622.7576293945312,False
2025-07-17 16:30:00,QQQ,STOCK,BUY,63.52896086562824,559.7216796875,False
2025-07-17 16:30:00,IBIT,CRYPTO,BUY,70.65463290151133,67.6500015258789,False
2025-07-17 16:30:00,BTC-USD,CRYPTO,BUY,68.3037382090096,119289.84375,False
2025-07-18 16:30:00,SPY,STOCK,BUY,63.11015174723231,622.301513671875,False
2025-07-18 16:30:00,QQQ,STOCK,BUY,61.392661550908116,559.1836547851562,False
2025-07-18 16:30:00,IBIT,CRYPTO,BUY,63.62546987938902,66.68000030517578,False
2025-07-18 16:30:00,BTC-USD,CRYPTO,BUY,64.55574239268319,118003.2265625,False
2025-07-19 16:30:00,BTC-USD,CRYPTO,BUY,64.05455584613881,117939.9765625,False
2025-07-20 16:30:00,BTC-USD,CRYPTO,BUY,60.87936073608409,117300.7890625,False
2025-07-21 16:30:00,SPY,STOCK,BUY,60.61123454852397,623.4815063476562,False
2025-07-21 16:30:00,QQQ,STOCK,BUY,59.46691546893299,562.0828857421875,False
2025-07-21 16:30:00,IBIT,CRYPTO,BUY,64.6363293878111,66.33000183105469,False
2025-07-21 16:30:00,BTC-USD,CRYPTO,BUY,60.42449588305323,117439.5390625,False
2025-07-22 16:30:00,SPY,STOCK,HOLD,54.848183025840385,623.5706787109375,True
2025-07-22 16:30:00,QQQ,STOCK,HOLD,52.467447751870026,559.1736450195312,True
2025-07-22 16:30:00,IBIT,CRYPTO,BUY,64.62001975296154,67.81999969482422,False
2025-07-22 16:30:00,BTC-USD,CRYPTO,BUY,63.86851729812806,119995.4140625,False
2025-07-23 16:30:00,SPY,STOCK,HOLD,54.252498817115175,628.8757934570312,False
2025-07-23 16:30:00,QQQ,STOCK,HOLD,50.52615840031871,561.7242431640625,False
2025-07-23 16:30:00,IBIT,CRYPTO,BUY,61.76790795446167,67.29000091552734,False
2025-07-23 16:30:00,BTC-USD,CRYPTO,BUY,55.08542707113766,118754.9609375,False
2025-07-24 16:30:00,SPY,STOCK,HOLD,53.69042225194772,629.083984375,False
2025-07-24 16:30:00,QQQ,STOCK,HOLD,50.130295258289436,562.9197998046875,False
2025-07-24 16:30:00,IBIT,CRYPTO,BUY,60.94032857838008,67.66000366210938,False
2025-07-24 16:30:00,BTC-USD,CRYPTO,HOLD,54.70695897536462,118368.0,True
2025-07-25 16:30:00,SPY,STOCK,HOLD,56.08214915378634,631.741455078125,False
2025-07-25 16:30:00,QQQ,STOCK,HOLD,51.786220457027056,564.2747802734375,False
2025-07-25 16:30:00,IBIT,CRYPTO,BUY,56.49839265317921,66.36000061035156,False
2025-07-25 16:30:00,BTC-USD,CRYPTO,HOLD,52.36555203857411,117635.8828125,False
2025-07-26 16:30:00,BTC-USD,CRYPTO,HOLD,53.093033015187174,117947.3671875,False
2025-07-27 16:30:00,BTC-USD,CRYPTO,BUY,55.28652000880253,119448.4921875,True
2025-07-28 16:30:00,SPY,STOCK,HOLD,55.18357103527456,631.582763671875,False
2025-07-28 16:30:00,QQQ,STOCK,HOLD,51.31599044512697,566.0381469726562,False
2025-07-28 16:30:00,IBIT,CRYPTO,BUY,59.00149820245726,67.0999984741211,False
2025-07-28 16:30:00,BTC-USD,CRYPTO,HOLD,50.41280463988092,117924.4765625,True
2025-07-29 16:30:00,SPY,STOCK,HOLD,51.00149523445677,629.9169311523438,False
2025-07-29 16:30:00,QQQ,STOCK,HOLD,48.426986999656556,565.1614379882812,False
2025-07-29 16:30:00,IBIT,CRYPTO,BUY,56.90626189169228,66.70999908447266,False
2025-07-29 16:30:00,BTC-USD,CRYPTO,HOLD,58.295903117180096,117922.1484375,False
2025-07-30 16:30:00,SPY,STOCK,HOLD,49.42338499923156,629.1236572265625,False
2025-07-30 16:30:00,QQQ,STOCK,HOLD,50.273470718975865,565.918701171875,False
2025-07-30 16:30:00,IBIT,CRYPTO,BUY,55.37879281551396,66.37000274658203,False
2025-07-30 16:30:00,BTC-USD,CRYPTO,HOLD,59.11656077404349,117831.1875,False
2025-07-31 16:30:00,SPY,STOCK,HOLD,51.289408869630435,626.763671875,False
2025-07-31 16:30:00,QQQ,STOCK,HOLD,50.85616142527666,562.9197998046875,False
2025-07-31 16:30:00,IBIT,CRYPTO,HOLD,51.534427045192096,66.31999969482422,True
2025-07-31 16:30:00,BTC-USD,CRYPTO,HOLD,54.22748707586206,115758.203125,False
2025-08-01 16:30:00,SPY,STOCK,SELL,29.767293396217113,616.4907836914062,True
2025-08-01 16:30:00,QQQ,STOCK,SELL,29.553933316535133,551.8309936523438,True
2025-08-01 16:30:00,IBIT,CRYPTO,HOLD,49.08523296306096,64.22000122070312,False
2025-08-01 16:30:00,BTC-USD,CRYPTO,HOLD,49.203294831035194,113320.0859375,False
2025-08-02 16:30:00,BTC-USD,CRYPTO,HOLD,47.191340407479444,112526.9140625,False
2025-08-03 16:30:00,BTC-USD,CRYPTO,HOLD,49.085079110286316,114217.671875,False
2025-08-04 16:30:00,SPY,STOCK,HOLD,42.099922020920815,625.8612670898438,True
2025-08-04 16:30:00,QQQ,STOCK,SELL,40.97802668896194,562.0130615234375,False
2025-08-04 16:30:00,IBIT,CRYPTO,HOLD,56.66622644869644,65.19999694824219,False
2025-08-04 16:30:00,BTC-USD,CRYPTO,HOLD,51.038913777694546,115071.8828125,False
2025-08-05 16:30:00,SPY,STOCK,SELL,39.44720544462479,622.6881713867188,True
2025-08-05 16:30:00,QQQ,STOCK,SELL,38.32012624189657,558.1973266601562,False
2025-08-05 16:30:00,IBIT,CRYPTO,HOLD,54.77063555875029,64.55000305175781,False
2025-08-05 16:30:00,BTC-USD,CRYPTO,HOLD,50.689406989093825,114141.4453125,False
2025-08-06 16:30:00,SPY,STOCK,HOLD,46.1789999992507,627.4578247070312,True
2025-08-06 16:30:00,QQQ,STOCK,HOLD,45.785933090857114,565.2212524414062,True
2025-08-06 16:30:00,IBIT,CRYPTO,HOLD,55.612723866727805,65.51000213623047,False
2025-08-06 16:30:00,BTC-USD,CRYPTO,HOLD,52.77694166113298,115028.0,False
2025-08-07 16:30:00,SPY,STOCK,HOLD,50.4460713104734,626.9322509765625,False
2025-08-07 16:30:00,QQQ,STOCK,HOLD,51.54118887411675,567.1341552734375,False
2025-08-07 16:30:00,IBIT,CRYPTO,HOLD,56.33351678447676,66.83000183105469,False
2025-08-07 16:30:00,BTC-USD,CRYPTO,HOLD,57.77886277969165,117496.8984375,False
2025-08-08 16:30:00,SPY,STOCK,HOLD,55.4051466959103,631.82080078125,False
2025-08-08 16:30:00,QQQ,STOCK,HOLD,56.008876703565576,572.4244384765625,False
2025-08-08 16:30:00,IBIT,CRYPTO,HOLD,56.415127499843905,66.12999725341797,False
2025-08-08 16:30:00,BTC-USD,CRYPTO,HOLD,56.832657172832185,116688.7265625,False
2025-08-09 16:30:00,BTC-USD,CRYPTO,HOLD,56.88768787154417,116500.359375,False
2025-08-10 16:30:00,BTC-USD,CRYPTO,HOLD,58.56121927785361,119306.7578125,False
2025-08-11 16:30:00,SPY,STOCK,HOLD,49.615481544487956,630.5712890625,False
2025-08-11 16:30:00,QQQ,STOCK,HOLD,50.641947324515364,570.730712890625,False
2025-08-11 16:30:00,IBIT,CRYPTO,HOLD,57.93596662018762,67.63999938964844,False
2025-08-11 16:30:00,BTC-USD,CRYPTO,HOLD,58.619288637405695,118731.4453125,False
2025-08-12 16:30:00,SPY,STOCK,BUY,58.56633656626057,637.284423828125,True
2025-08-12 16:30:00,QQQ,STOCK,BUY,59.52298052676633,577.9041137695312,True
2025-08-12 16:30:00,IBIT,CRYPTO,HOLD,61.08107248853665,67.94999694824219,False
2025-08-12 16:30:00,BTC-USD,CRYPTO,BUY,62.49570719121483,120172.90625,True
2025-08-13 16:30:00,SPY,STOCK,HOLD,55.30642754978472,639.4659423828125,True
2025-08-13 16:30:00,QQQ,STOCK,HOLD,55.57988973149304,578.1930541992188,True
2025-08-13 16:30:00,IBIT,CRYPTO,BUY,64.22011787663338,69.83999633789062,True
2025-08-13 16:30:00,BTC-USD,CRYPTO,BUY,67.2533789188196,123344.0625,False
2025-08-14 16:30:00,SPY,STOCK,HOLD,50.30807823695939,639.5254516601562,False
2025-08-14 16:30:00,QQQ,STOCK,HOLD,49.80686039042385,577.7447509765625,False
2025-08-14 16:30:00,IBIT,CRYPTO,HOLD,57.91298010140775,67.02999877929688,True
2025-08-14 16:30:00,BTC-USD,CRYPTO,HOLD,58.5651472286534,118359.578125,True
2025-08-15 16:30:00,SPY,STOCK,HOLD,49.61173791060858,638.0281372070312,False
2025-08-15 16:30:00,QQQ,STOCK,HOLD,48.113966798966004,575.2042236328125,False
2025-08-15 16:30:00,IBIT,CRYPTO,HOLD,52.6576668004164,66.44000244140625,False
2025-08-15 16:30:00,BTC-USD,CRYPTO,BUY,59.936689667665675,117398.3515625,True
2025-08-16 16:30:00,BTC-USD,CRYPTO,BUY,59.31234510669473,117491.3515625,False
2025-08-17 16:30:00,BTC-USD,CRYPTO,BUY,57.440546344984405,117453.0625,False
2025-08-18 16:30:00,SPY,STOCK,HOLD,50.52988663673415,637.8892822265625,False
2025-08-18 16:30:00,QQQ,STOCK,HOLD,48.77770968789765,574.9749755859375,False
2025-08-18 16:30:00,IBIT,CRYPTO,HOLD,53.97753102877746,66.05000305175781,False
2025-08-18 16:30:00,BTC-USD,CRYPTO,HOLD,49.57011206392803,116252.3125,True
2025-08-19 16:30:00,SPY,STOCK,HOLD,46.055950337854746,634.4286499023438,False
2025-08-19 16:30:00,QQQ,STOCK,HOLD,42.02617624717421,567.1740112304688,False
2025-08-19 16:30:00,IBIT,CRYPTO,HOLD,46.79814300480567,64.19000244140625,False
2025-08-19 16:30:00,BTC-USD,CRYPTO,SELL,39.135220847966664,112831.1796875,True
2025-08-20 16:30:00,SPY,STOCK,SELL,34.1342090271082,632.7429809570312,True
2025-08-20 16:30:00,QQQ,STOCK,SELL,30.275943701896708,563.8064575195312,True
2025-08-20 16:30:00,IBIT,CRYPTO,HOLD,50.75031394203246,64.9000015258789,False
2025-08-20 16:30:00,BTC-USD,CRYPTO,SELL,38.71100047414069,114274.7421875,False
2025-08-21 16:30:00,SPY,STOCK,SELL,37.84436510893784,630.2044677734375,False
2025-08-21 16:30:00,QQQ,STOCK,SELL,33.70955304426194,561.1962280273438,False
2025-08-21 16:30:00,IBIT,CRYPTO,HOLD,46.99754071949738,63.689998626708984,False
2025-08-21 16:30:00,BTC-USD,CRYPTO,SELL,36.50089336983834,112419.03125,False
2025-08-22 16:30:00,SPY,STOCK,HOLD,45.14322978037432,639.88232421875,True
2025-08-22 16:30:00,QQQ,STOCK,SELL,39.811795339183,569.85400390625,False
2025-08-22 16:30:00,IBIT,CRYPTO,HOLD,51.01760952833323,66.25,False
2025-08-22 16:30:00,BTC-USD,CRYPTO,HOLD,56.02289004380908,116874.0859375,True
2025-08-23 16:30:00,BTC-USD,CRYPTO,HOLD,41.85470593772532,115374.328125,False
2025-08-24 16:30:00,BTC-USD,CRYPTO,SELL,38.922740260247416,113458.4296875,True
2025-08-25 16:30:00,SPY,STOCK,HOLD,43.306826145066125,637.0662231445312,False
2025-08-25 16:30:00,QQQ,STOCK,SELL,38.37355702737102,568.2100830078125,False
2025-08-25 16:30:00,IBIT,CRYPTO,HOLD,42.49616219078691,62.880001068115234,False
2025-08-25 16:30:00,BTC-USD,CRYPTO,SELL,33.02922874326137,110124.3515625,False
2025-08-26 16:30:00,SPY,STOCK,HOLD,47.38073570865686,639.733642578125,False
2025-08-26 16:30:00,QQQ,STOCK,HOLD,42.16762930540122,570.4916381835938,True
2025-08-26 16:30:00,IBIT,CRYPTO,HOLD,42.90539949932767,63.099998474121094,False
2025-08-26 16:30:00,BTC-USD,CRYPTO,SELL,35.901599099164294,111802.65625,False
2025-08-27 16:30:00,SPY,STOCK,HOLD,52.23288771777214,641.1912841796875,False
2025-08-27 16:30:00,QQQ,STOCK,HOLD,46.16154336004981,571.368408203125,False
2025-08-27 16:30:00,IBIT,CRYPTO,HOLD,43.65006970807306,63.650001525878906,False
2025-08-27 16:30:00,BTC-USD,CRYPTO,SELL,38.8268701728371,111222.0625,False
2025-08-28 16:30:00,SPY,STOCK,HOLD,54.598058018838564,643.4620361328125,False
2025-08-28 16:30:00,QQQ,STOCK,HOLD,49.32023791735851,574.9451293945312,False
2025-08-28 16:30:00,IBIT,CRYPTO,HOLD,45.09022794675321,63.58000183105469,False
2025-08-28 16:30:00,BTC-USD,CRYPTO,HOLD,47.075507298338024,112544.8046875,True
2025-08-29 16:30:00,SPY,STOCK,HOLD,50.32935874313209,639.6245727539062,False
2025-08-29 16:30:00,QQQ,STOCK,HOLD,44.01628201471498,568.2899169921875,False
2025-08-29 16:30:00,IBIT,CRYPTO,SELL,35.501218779942604,61.439998626708984,True
2025-08-29 16:30:00,BTC-USD,CRYPTO,SELL,36.69128852794297,108410.8359375,True
2025-08-30 16:30:00,BTC-USD,CRYPTO,SELL,38.41959761922808,108808.0703125,False
2025-08-31 16:30:00,BTC-USD,CRYPTO,SELL,39.99480418180335,108236.7109375,False
2025-09-01 16:30:00,BTC-USD,CRYPTO,HOLD,41.51565775650901,109250.59375,True
2025-09-02 16:30:00,SPY,STOCK,HOLD,42.64076058362999,634.884765625,False
2025-09-02 16:30:00,QQQ,STOCK,SELL,37.001898520434324,563.5274658203125,True
2025-09-02 16:30:00,IBIT,CRYPTO,SELL,37.90612372330731,62.970001220703125,False
2025-09-02 16:30:00,BTC-USD,CRYPTO,HOLD,45.21910690013433,111200.5859375,False
2025-09-03 16:30:00,SPY,STOCK,SELL,41.25522075851119,638.3255615234375,True
2025-09-03 16:30:00,QQQ,STOCK,SELL,36.76465625615335,567.9611206054688,False
2025-09-03 16:30:00,IBIT,CRYPTO,HOLD,40.48580444538406,63.77000045776367,True
2025-09-03 16:30:00,BTC-USD,CRYPTO,HOLD,47.472492378777595,111723.2109375,False
2025-09-04 16:30:00,SPY,STOCK,HOLD,43.58888510804805,643.6603393554688,True
2025-09-04 16:30:00,QQQ,STOCK,SELL,38.888267032303176,573.1019287109375,False
2025-09-04 16:30:00,IBIT,CRYPTO,HOLD,43.325998633052244,62.349998474121094,False
2025-09-04 16:30:00,BTC-USD,CRYPTO,HOLD,44.97487872474205,110723.6015625,False
2025-09-05 16:30:00,SPY,STOCK,HOLD,52.401072600496576,641.7960815429688,False
2025-09-05 16:30:00,QQQ,STOCK,HOLD,48.99760566641101,573.9288940429688,True
2025-09-05 16:30:00,IBIT,CRYPTO,HOLD,44.39298653533284,63.41999816894531,False
2025-09-05 16:30:00,BTC-USD,CRYPTO,HOLD,48.511324257714286,110650.984375,False
2025-09-06 16:30:00,BTC-USD,CRYPTO,HOLD,50.150306665352765,110224.6953125,False
2025-09-07 16:30:00,BTC-USD,CRYPTO,HOLD,55.38316751299667,111167.6171875,False
2025-09-08 16:30:00,SPY,STOCK,HOLD,56.55242073796037,643.372802734375,False
2025-09-08 16:30:00,QQQ,STOCK,HOLD,54.83542184811972,576.7284545898438,False
2025-09-08 16:30:00,IBIT,CRYPTO,HOLD,47.367012203991145,63.70000076293945,False
2025-09-08 16:30:00,BTC-USD,CRYPTO,BUY,57.56532202486759,112071.4296875,True
2025-09-09 16:30:00,SPY,STOCK,HOLD,56.671218048736165,644.8601684570312,False
2025-09-09 16:30:00,QQQ,STOCK,HOLD,55.695173435256734,578.3624877929688,False
2025-09-09 16:30:00,IBIT,CRYPTO,HOLD,46.859876519873154,63.220001220703125,False
2025-09-09 16:30:00,BTC-USD,CRYPTO,HOLD,51.726388011025094,111530.546875,True
2025-09-10 16:30:00,SPY,STOCK,HOLD,54.967057311260675,646.724365234375,False
2025-09-10 16:30:00,QQQ,STOCK,HOLD,53.1837387486174,578.5517578125,False
2025-09-10 16:30:00,IBIT,CRYPTO,HOLD,51.89483259395189,64.52999877929688,False
2025-09-10 16:30:00,BTC-USD,CRYPTO,BUY,57.22295692909634,113955.359375,True
2025-09-11 16:30:00,SPY,STOCK,BUY,61.312567711883084,652.0987548828125,True
2025-09-11 16:30:00,QQQ,STOCK,HOLD,58.95111085604505,581.9192504882812,False
2025-09-11 16:30:00,IBIT,CRYPTO,HOLD,50.71185374477042,65.02999877929688,False
2025-09-11 16:30:00,BTC-USD,CRYPTO,BUY,61.092872098277184,115507.5390625,False
2025-09-12 16:30:00,SPY,STOCK,HOLD,56.520642961816684,651.8805541992188,True
2025-09-12 16:30:00,QQQ,STOCK,HOLD,55.377571953495845,584.4896240234375,False
2025-09-12 16:30:00,IBIT,CRYPTO,HOLD,57.327888527133176,66.37999725341797,False
2025-09-12 16:30:00,BTC-USD,CRYPTO,BUY,73.97420115004829,116101.578125,False
2025-09-13 16:30:00,BTC-USD,CRYPTO,BUY,72.42599445457573,115950.5078125,False
2025-09-14 16:30:00,BTC-USD,CRYPTO,BUY,71.54175923417003,115407.65625,False
2025-09-15 16:30:00,SPY,STOCK,BUY,58.861794573402776,655.3511352539062,True
2025-09-15 16:30:00,QQQ,STOCK,BUY,58.19380856338871,589.4911499023438,True
2025-09-15 16:30:00,IBIT,CRYPTO,BUY,60.227245151456735,65.5,True
2025-09-15 16:30:00,BTC-USD,CRYPTO,BUY,66.83863087586288,115444.875,False
2025-09-16 16:30:00,SPY,STOCK,BUY,58.304337551325595,654.4488525390625,False
2025-09-16 16:30:00,QQQ,STOCK,BUY,58.239056865691616,588.992919921875,False
2025-09-16 16:30:00,IBIT,CRYPTO,BUY,60.80677986000858,66.37000274658203,False
2025-09-16 16:30:00,BTC-USD,CRYPTO,BUY,68.887851649247,116843.1875,False
2025-09-17 16:30:00,SPY,STOCK,BUY,62.87564036665945,653.6357421875,False
2025-09-17 16:30:00,QQQ,STOCK,BUY,64.04757643097513,587.8173217773438,False
2025-09-17 16:30:00,IBIT,CRYPTO,BUY,58.74017324828508,65.66999816894531,False
2025-09-17 16:30:00,BTC-USD,CRYPTO,BUY,66.95978874533812,116468.5078125,False
2025-09-18 16:30:00,SPY,STOCK,BUY,64.29245520374693,656.6898193359375,False
2025-09-18 16:30:00,QQQ,STOCK,BUY,67.63517075847413,593.11767578125,False
2025-09-18 16:30:00,IBIT,CRYPTO,BUY,60.314512601556096,66.75,False
2025-09-18 16:30:00,BTC-USD,CRYPTO,BUY,68.92438445444355,117137.203125,False
2025-09-19 16:30:00,SPY,STOCK,BUY,68.05758950550025,659.9423217773438,False
2025-09-19 16:30:00,QQQ,STOCK,BUY,71.57393113819232,597.1326904296875,False
2025-09-19 16:30:00,IBIT,CRYPTO,BUY,56.49451446320833,65.37000274658203,False
2025-09-19 16:30:00,BTC-USD,CRYPTO,BUY,62.05916802465839,115688.859375,False
2025-09-20 16:30:00,BTC-USD,CRYPTO,BUY,61.452534611127454,115721.9609375,False
2025-09-21 16:30:00,BTC-USD,CRYPTO,BUY,59.86905935735322,115306.09375,False
2025-09-22 16:30:00,SPY,STOCK,BUY,67.32508832017152,663.0645751953125,False
2025-09-22 16:30:00,QQQ,STOCK,BUY,70.15872650295513,600.667724609375,False
2025-09-22 16:30:00,IBIT,CRYPTO,HOLD,48.7699578270235,63.650001525878906,True
2025-09-22 16:30:00,BTC-USD,CRYPTO,HOLD,48.60166971428952,112748.5078125,True
2025-09-23 16:30:00,SPY,STOCK,BUY,60.01165456215604,659.4551391601562,False
2025-09-23 16:30:00,QQQ,STOCK,BUY,62.26743387712302,596.6779174804688,False
2025-09-23 16:30:00,IBIT,CRYPTO,HOLD,46.83192847456344,63.40999984741211,False
2025-09-23 16:30:00,BTC-USD,CRYPTO,HOLD,46.6032446498615,112014.5,False
2025-09-24 16:30:00,SPY,STOCK,BUY,58.435643767247484,657.3569946289062,False
2025-09-24 16:30:00,QQQ,STOCK,BUY,60.83812987412388,594.583251953125,False
2025-09-24 16:30:00,IBIT,CRYPTO,HOLD,48.54488750032323,64.41999816894531,False
2025-09-24 16:30:00,BTC-USD,CRYPTO,HOLD,48.075440980193854,113328.6328125,False
2025-09-25 16:30:00,SPY,STOCK,HOLD,49.820694526059754,654.3242797851562,True
2025-09-25 16:30:00,QQQ,STOCK,HOLD,52.2723191138632,592.0198364257812,True
2025-09-25 16:30:00,IBIT,CRYPTO,HOLD,40.49871674979318,62.099998474121094,False
2025-09-25 16:30:00,BTC-USD,CRYPTO,SELL,33.31966373611337,109049.2890625,True
2025-09-26 16:30:00,SPY,STOCK,HOLD,47.95205386937634,658.072998046875,False
2025-09-26 16:30:00,QQQ,STOCK,HOLD,49.1919512713353,594.4535522460938,False
2025-09-26 16:30:00,IBIT,CRYPTO,HOLD,43.29690623432967,61.939998626708984,False
2025-09-26 16:30:00,BTC-USD,CRYPTO,SELL,36.27655746334132,109712.828125,False
2025-09-27 16:30:00,BTC-USD,CRYPTO,SELL,36.21907982691965,109681.9453125,False
2025-09-28 16:30:00,BTC-USD,CRYPTO,HOLD,40.07448323652983,112122.640625,True
2025-09-29 16:30:00,SPY,STOCK,HOLD,48.83616012907268,659.9224243164062,False
2025-09-29 16:30:00,QQQ,STOCK,HOLD,51.06480877829563,597.20654296875,False
2025-09-29 16:30:00,IBIT,CRYPTO,HOLD,46.48871627354919,64.97000122070312,False
2025-09-29 16:30:00,BTC-USD,CRYPTO,HOLD,51.7471916345279,114400.3828125,False
2025-09-30 16:30:00,SPY,STOCK,HOLD,56.991286618667004,662.4082641601562,False
2025-09-30 16:30:00,QQQ,STOCK,BUY,58.66161911125527,598.8424072265625,True
2025-09-30 16:30:00,IBIT,CRYPTO,HOLD,45.69025592910098,65.0,False
2025-09-30 16:30:00,BTC-USD,CRYPTO,HOLD,47.04461430584813,114056.0859375,False
2025-10-01 16:30:00,SPY,STOCK,BUY,62.89713376713196,664.6654052734375,True
2025-10-01 16:30:00,QQQ,STOCK,BUY,64.71584015430011,601.7150268554688,False
2025-10-01 16:30:00,IBIT,CRYPTO,HOLD,54.05536776059184,66.73999786376953,False
2025-10-01 16:30:00,BTC-USD,CRYPTO,BUY,57.33801404682575,118648.9296875,True
2025-10-02 16:30:00,SPY,STOCK,BUY,67.74441303398496,665.4309692382812,False
2025-10-02 16:30:00,QQQ,STOCK,BUY,69.79637778435408,604.188720703125,False
2025-10-02 16:30:00,IBIT,CRYPTO,BUY,59.48969220688517,68.7699966430664,True
2025-10-02 16:30:00,BTC-USD,CRYPTO,BUY,63.34715525788299,120681.2578125,False
2025-10-03 16:30:00,SPY,STOCK,BUY,63.52160467496427,665.421142578125,False
2025-10-03 16:30:00,QQQ,STOCK,BUY,63.57078764531522,601.645263671875,False
2025-10-03 16:30:00,IBIT,CRYPTO,BUY,66.10114269971822,69.80999755859375,False
2025-10-03 16:30:00,BTC-USD,CRYPTO,BUY,67.46115345166089,122266.53125,False
2025-10-04 16:30:00,BTC-USD,CRYPTO,BUY,67.91338546637887,122425.4296875,False
2025-10-05 16:30:00,BTC-USD,CRYPTO,BUY,69.92750192814832,123513.4765625,False
2025-10-06 16:30:00,SPY,STOCK,BUY,65.85977320321437,667.8074951171875,False
2025-10-06 16:30:00,QQQ,STOCK,BUY,66.30580740419737,606.1636962890625,False
2025-10-06 16:30:00,IBIT,CRYPTO,BUY,70.6737798500793,71.29000091552734,False
2025-10-06 16:30:00,BTC-USD,CRYPTO,BUY,75.07868451030048,124752.53125,False
2025-10-07 16:30:00,SPY,STOCK,BUY,65.0781418181895,665.3316040039062,False
2025-10-07 16:30:00,QQQ,STOCK,BUY,65.4958571186469,602.9718627929688,False
2025-10-07 16:30:00,IBIT,CRYPTO,BUY,62.923161227560705,69.12999725341797,False
2025-10-07 16:30:00,BTC-USD,CRYPTO,BUY,67.7112672256402,121451.3828125,False
2025-10-08 16:30:00,SPY,STOCK,BUY,66.06459151442381,669.2990112304688,False
2025-10-08 16:30:00,QQQ,STOCK,BUY,67.88631643192541,609.88427734375,False
2025-10-08 16:30:00,IBIT,CRYPTO,BUY,62.93358751611955,70.05999755859375,False
2025-10-08 16:30:00,BTC-USD,CRYPTO,BUY,67.73412758765595,123354.8671875,False
2025-10-09 16:30:00,SPY,STOCK,BUY,62.39658439847482,667.3600463867188,False
2025-10-09 16:30:00,QQQ,STOCK,BUY,65.12033357925935,609.1461181640625,False
2025-10-09 16:30:00,IBIT,CRYPTO,BUY,61.01002539960975,68.73999786376953,False
2025-10-09 16:30:00,BTC-USD,CRYPTO,BUY,69.04231782497881,121705.5859375,False
2025-10-10 16:30:00,SPY,STOCK,SELL,34.790783804484676,649.32275390625,True
2025-10-10 16:30:00,QQQ,STOCK,SELL,38.55796906479566,588.0000610351562,True
2025-10-10 16:30:00,IBIT,CRYPTO,HOLD,42.672478457865736,66.19999694824219,True
2025-10-10 16:30:00,BTC-USD,CRYPTO,SELL,32.57718664335715,113214.3671875,True
2025-10-11 16:30:00,BTC-USD,CRYPTO,SELL,30.888420508449617,110807.8828125,False
2025-10-12 16:30:00,BTC-USD,CRYPTO,HOLD,40.68902628983145,115169.765625,True
2025-10-13 16:30:00,SPY,STOCK,HOLD,46.33648059831043,659.2860107421875,True
2025-10-13 16:30:00,QQQ,STOCK,HOLD,49.70661807864482,600.4782104492188,True
2025-10-13 16:30:00,IBIT,CRYPTO,HOLD,40.332108515011434,65.80999755859375,False
2025-10-13 16:30:00,BTC-USD,CRYPTO,SELL,39.60675433287923,115271.078125,True
2025-10-14 16:30:00,SPY,STOCK,SELL,41.363704501526605,658.4805908203125,True
2025-10-14 16:30:00,QQQ,STOCK,HOLD,43.15161589591078,596.4783935546875,False
2025-10-14 16:30:00,IBIT,CRYPTO,SELL,31.77741712982713,63.90999984741211,True
2025-10-14 16:30:00,BTC-USD,CRYPTO,SELL,34.993668337330696,113118.6640625,False
2025-10-15 16:30:00,SPY,STOCK,HOLD,42.55948996340814,661.4039306640625,True
2025-10-15 16:30:00,QQQ,STOCK,HOLD,44.21718288801006,600.6876220703125,False
2025-10-15 16:30:00,IBIT,CRYPTO,SELL,33.03298486581943,63.16999816894531,False
2025-10-15 16:30:00,BTC-USD,CRYPTO,SELL,31.696650606764056,110783.1640625,False
2025-10-16 16:30:00,SPY,STOCK,SELL,33.35472044456807,656.8995971679688,True
2025-10-16 16:30:00,QQQ,STOCK,SELL,36.97420962888288,598.4633178710938,True
2025-10-16 16:30:00,IBIT,CRYPTO,SELL,28.809370324137195,61.43000030517578,False
2025-10-16 16:30:00,BTC-USD,CRYPTO,SELL,25.57375537691312,108186.0390625,False
2025-10-17 16:30:00,SPY,STOCK,HOLD,45.85819073631822,660.62841796875,True
2025-10-17 16:30:00,QQQ,STOCK,HOLD,48.93130139485628,602.393310546875,True
2025-10-17 16:30:00,IBIT,CRYPTO,SELL,28.227826733557922,60.470001220703125,False
2025-10-17 16:30:00,BTC-USD,CRYPTO,SELL,23.124022546137944,106467.7890625,False
2025-10-18 16:30:00,BTC-USD,CRYPTO,SELL,25.01358045937683,107198.265625,False
2025-10-19 16:30:00,BTC-USD,CRYPTO,SELL,28.568556295870657,108666.7109375,False
2025-10-20 16:30:00,SPY,STOCK,HOLD,49.03762710865092,667.499267578125,False
2025-10-20 16:30:00,QQQ,STOCK,HOLD,51.61829010765942,609.98388671875,False
2025-10-20 16:30:00,IBIT,CRYPTO,SELL,31.921305664762937,62.93000030517578,False
2025-10-20 16:30:00,BTC-USD,CRYPTO,SELL,31.91367987242196,110588.9296875,False
2025-10-21 16:30:00,SPY,STOCK,HOLD,46.90216791480344,667.4893188476562,False
2025-10-21 16:30:00,QQQ,STOCK,HOLD,50.25148530417468,609.8244018554688,False
2025-10-21 16:30:00,IBIT,CRYPTO,SELL,31.680975846232254,63.4900016784668,False
2025-10-21 16:30:00,BTC-USD,CRYPTO,SELL,31.01186201089483,108476.890625,False
2025-10-22 16:30:00,SPY,STOCK,SELL,37.87646514826598,664.0191040039062,True
2025-10-22 16:30:00,QQQ,STOCK,SELL,39.472136519105,603.9493408203125,True
2025-10-22 16:30:00,IBIT,CRYPTO,SELL,27.62635254736493,61.209999084472656,False
2025-10-22 16:30:00,BTC-USD,CRYPTO,SELL,28.70744738650974,107688.5859375,False
2025-10-23 16:30:00,SPY,STOCK,SELL,41.17291325090108,667.9566650390625,False
2025-10-23 16:30:00,QQQ,STOCK,SELL,41.68621821090054,609.0264282226562,False
2025-10-23 16:30:00,IBIT,CRYPTO,SELL,30.797632207113683,62.560001373291016,False
2025-10-23 16:30:00,BTC-USD,CRYPTO,HOLD,41.33022640298106,110069.7265625,True
2025-10-24 16:30:00,SPY,STOCK,HOLD,58.045167024143765,673.4155883789062,True
2025-10-24 16:30:00,QQQ,STOCK,BUY,58.481946530694586,615.52978515625,True
2025-10-24 16:30:00,IBIT,CRYPTO,SELL,33.80777732637908,62.83000183105469,False
2025-10-24 16:30:00,BTC-USD,CRYPTO,HOLD,51.27582279743549,111033.921875,False
2025-10-25 16:30:00,BTC-USD,CRYPTO,HOLD,53.5470898663619,111641.7265625,False
2025-10-26 16:30:00,BTC-USD,CRYPTO,HOLD,60.39249671366517,114472.4453125,False
2025-10-27 16:30:00,SPY,STOCK,HOLD,60.93299020961625,681.3603515625,False
2025-10-27 16:30:00,QQQ,STOCK,BUY,61.9063148911581,626.4918823242188,False
2025-10-27 16:30:00,IBIT,CRYPTO,HOLD,42.506874913281436,65.27999877929688,True
2025-10-27 16:30:00,BTC-USD,CRYPTO,HOLD,55.95794359744676,114119.328125,False
2025-10-28 16:30:00,SPY,STOCK,HOLD,61.09147384488329,683.1700439453125,False
2025-10-28 16:30:00,QQQ,STOCK,BUY,63.6040791330831,631.3095703125,False
2025-10-28 16:30:00,IBIT,CRYPTO,SELL,39.94374938957821,64.48999786376953,True
2025-10-28 16:30:00,BTC-USD,CRYPTO,HOLD,54.89605305063333,112956.1640625,False
2025-10-29 16:30:00,SPY,STOCK,HOLD,62.483597943383856,683.4982299804688,False
2025-10-29 16:30:00,QQQ,STOCK,BUY,65.5368370843308,634.15234375,False
2025-10-29 16:30:00,IBIT,CRYPTO,SELL,39.81856194177212,62.75,False
2025-10-29 16:30:00,BTC-USD,CRYPTO,HOLD,53.57235861617858,110055.3046875,False
2025-10-30 16:30:00,SPY,STOCK,HOLD,58.8718478124641,675.9810180664062,False
2025-10-30 16:30:00,QQQ,STOCK,BUY,60.98334239787429,624.45703125,False
2025-10-30 16:30:00,IBIT,CRYPTO,HOLD,41.61834284718286,60.400001525878906,True
2025-10-30 16:30:00,BTC-USD,CRYPTO,HOLD,49.74192180840127,108305.546875,False
2025-10-31 16:30:00,SPY,STOCK,HOLD,58.90945785554036,678.1983032226562,False
2025-10-31 16:30:00,QQQ,STOCK,BUY,61.62171860631681,627.4693603515625,False
2025-10-31 16:30:00,IBIT,CRYPTO,HOLD,44.98044493083092,62.29999923706055,False
2025-10-31 16:30:00,BTC-USD,CRYPTO,HOLD,55.47674549899522,109556.1640625,False
2025-11-01 16:30:00,BTC-USD,CRYPTO,HOLD,53.6300292973118,110064.015625,False
2025-11-02 16:30:00,BTC-USD,CRYPTO,HOLD,50.01208033766106,110639.625,False
2025-11-03 16:30:00,SPY,STOCK,HOLD,56.24400349506591,679.4711303710938,False
2025-11-03 16:30:00,QQQ,STOCK,BUY,59.53109014513975,630.4716796875,False
2025-11-03 16:30:00,IBIT,CRYPTO,HOLD,40.3398201924133,60.529998779296875,False
2025-11-03 16:30:00,BTC-USD,CRYPTO,SELL,39.61125253085496,106547.5234375,True
2025-11-04 16:30:00,SPY,STOCK,HOLD,43.965581732000416,671.4169921875,False
2025-11-04 16:30:00,QQQ,STOCK,HOLD,45.68311314723416,617.6743774414062,True
2025-11-04 16:30:00,IBIT,CRYPTO,SELL,25.805371915299787,57.18000030517578,True
2025-11-04 16:30:00,BTC-USD,CRYPTO,SELL,28.787169259064786,101590.5234375,False
2025-11-05 16:30:00,SPY,STOCK,HOLD,50.59507076944755,673.7437133789062,False
2025-11-05 16:30:00,QQQ,STOCK,HOLD,51.21888640618865,621.6941528320312,False
2025-11-05 16:30:00,IBIT,CRYPTO,SELL,28.708476133802534,58.91999816894531,False
2025-11-05 16:30:00,BTC-USD,CRYPTO,SELL,33.03105569560817,103891.8359375,False
2025-11-06 16:30:00,SPY,STOCK,SELL,40.269193561957195,666.514892578125,True
2025-11-06 16:30:00,QQQ,STOCK,SELL,39.930756216519995,610.1136474609375,True
2025-11-06 16:30:00,IBIT,CRYPTO,SELL,27.518462701258144,57.2599983215332,False
2025-11-06 16:30:00,BTC-USD,CRYPTO,SELL,29.01342542691425,101301.2890625,False
2025-11-07 16:30:00,SPY,STOCK,SELL,37.81392538225626,667.1710815429688,False
2025-11-07 16:30:00,QQQ,STOCK,SELL,36.20343990980009,608.1885375976562,False
2025-11-07 16:30:00,IBIT,CRYPTO,SELL,33.45726451461258,58.880001068115234,False
2025-11-07 16:30:00,BTC-USD,CRYPTO,SELL,30.96360145348715,103372.40625,False
2025-11-08 16:30:00,BTC-USD,CRYPTO,SELL,29.672330787554625,102282.1171875,False
2025-11-09 16:30:00,BTC-USD,CRYPTO,SELL,33.33747369777631,104719.640625,False
2025-11-10 16:30:00,SPY,STOCK,HOLD,43.19119608387201,677.5818481445312,True
2025-11-10 16:30:00,QQQ,STOCK,SELL,40.92402543743835,621.6442260742188,False
2025-11-10 16:30:00,IBIT,CRYPTO,SELL,38.30413921688919,60.189998626708984,False
2025-11-10 16:30:00,BTC-USD,CRYPTO,SELL,37.5108282391123,105996.59375,False
2025-11-11 16:30:00,SPY,STOCK,HOLD,50.05413074514963,679.1329956054688,False
2025-11-11 16:30:00,QQQ,STOCK,HOLD,46.58625724010852,619.9884643554688,True
2025-11-11 16:30:00,IBIT,CRYPTO,SELL,31.54787945432937,58.349998474121094,False
2025-11-11 16:30:00,BTC-USD,CRYPTO,SELL,37.69377953044662,102997.46875,False
2025-11-12 16:30:00,SPY,STOCK,HOLD,42.87757161752276,679.5109252929688,False
2025-11-12 16:30:00,QQQ,STOCK,SELL,38.51320059700078,619.4996948242188,True
2025-11-12 16:30:00,IBIT,CRYPTO,SELL,31.150408171863372,57.59000015258789,False
2025-11-12 16:30:00,BTC-USD,CRYPTO,SELL,37.35981063961005,101663.1875,False
2025-11-13 16:30:00,SPY,STOCK,SELL,34.66343351943142,668.235107421875,True
2025-11-13 16:30:00,QQQ,STOCK,SELL,31.781117072419388,606.8519897460938,False
2025-11-13 16:30:00,IBIT,CRYPTO,SELL,25.786268615989265,55.59000015258789,False
2025-11-13 16:30:00,BTC-USD,CRYPTO,SELL,34.21594768788904,99697.4921875,False
2025-11-14 16:30:00,SPY,STOCK,SELL,31.01505735403291,668.1256713867188,False
2025-11-14 16:30:00,QQQ,STOCK,SELL,29.018680679508556,607.310791015625,False
2025-11-14 16:30:00,IBIT,CRYPTO,SELL,22.60123532789982,53.474998474121094,False
2025-11-14 16:30:00,BTC-USD,CRYPTO,SELL,22.146841185601456,94397.7890625,False
2025-11-15 16:30:00,BTC-USD,CRYPTO,SELL,23.488364583824847,95549.1484375,False
2025-11-16 16:30:00,BTC-USD,CRYPTO,SELL,25.388947639666327,94177.078125,False
2025-11-17 16:30:00,SPY,STOCK,SELL,18.363346418799274,661.901123046875,False
2025-11-17 16:30:00,QQQ,STOCK,SELL,18.554350166431302,602.1240234375,False
2025-11-17 16:30:00,IBIT,CRYPTO,SELL,19.976929083397753,52.099998474121094,False
2025-11-17 16:30:00,BTC-USD,CRYPTO,SELL,24.175844549058166,92093.875,False
2025-11-18 16:30:00,SPY,STOCK,SELL,15.106662046212934,656.3427734375,False
2025-11-18 16:30:00,QQQ,STOCK,SELL,15.468724256781588,594.792724609375,False
2025-11-18 16:30:00,IBIT,CRYPTO,SELL,22.44251510627846,52.65999984741211,False
2025-11-18 16:30:00,BTC-USD,CRYPTO,SELL,29.29204179421119,92948.875,False
2025-11-19 16:30:00,SPY,STOCK,SELL,18.311745145437733,658.8783569335938,False
2025-11-19 16:30:00,QQQ,STOCK,SELL,18.91727825259181,598.3436889648438,False
2025-11-19 16:30:00,IBIT,CRYPTO,SELL,19.17328088746547,50.72999954223633,False
2025-11-19 16:30:00,BTC-USD,CRYPTO,SELL,26.359790786929903,91465.9921875,False
2025-11-20 16:30:00,SPY,STOCK,SELL,10.694482691018287,648.8355712890625,False
2025-11-20 16:30:00,QQQ,STOCK,SELL,10.68661842625376,584.1798095703125,False
2025-11-20 16:30:00,IBIT,CRYPTO,SELL,16.814069061852486,48.959999084472656,False
2025-11-20 16:30:00,BTC-USD,CRYPTO,SELL,21.180476362674195,86631.8984375,False
2025-11-21 16:30:00,SPY,STOCK,SELL,19.47341768139364,655.2987670898438,False
2025-11-21 16:30:00,QQQ,STOCK,SELL,17.479181629020474,588.568603515625,False
2025-11-21 16:30:00,IBIT,CRYPTO,SELL,19.691571444120058,47.970001220703125,False
2025-11-21 16:30:00,BTC-USD,CRYPTO,SELL,20.98024035602708,85090.6875,False
2025-11-22 16:30:00,BTC-USD,CRYPTO,SELL,20.89795904382593,84648.359375,False
2025-11-23 16:30:00,BTC-USD,CRYPTO,SELL,24.721941671420854,86805.0078125,False
2025-11-24 16:30:00,SPY,STOCK,SELL,29.398717811748448,664.9437866210938,False
2025-11-24 16:30:00,QQQ,STOCK,SELL,27.81454779867589,603.6201782226562,False
2025-11-24 16:30:00,IBIT,CRYPTO,SELL,27.90369586299203,50.56999969482422,False
2025-11-24 16:30:00,BTC-USD,CRYPTO,SELL,30.977991697201215,88270.5625,False
2025-11-25 16:30:00,SPY,STOCK,SELL,40.80851621505796,671.1982421875,False
2025-11-25 16:30:00,QQQ,STOCK,SELL,36.98641449438668,607.3406982421875,False
2025-11-25 16:30:00,IBIT,CRYPTO,SELL,28.80772441107635,49.560001373291016,False
2025-11-25 16:30:00,BTC-USD,CRYPTO,SELL,30.73253362815024,87341.890625,False
2025-11-26 16:30:00,SPY,STOCK,HOLD,44.75683175196608,675.8318481445312,True
2025-11-26 16:30:00,QQQ,STOCK,SELL,40.513797508364,612.70703125,False
2025-11-26 16:30:00,IBIT,CRYPTO,SELL,32.81645685782193,51.029998779296875,False
2025-11-26 16:30:00,BTC-USD,CRYPTO,SELL,36.64002222627474,90518.3671875,False
2025-11-27 16:30:00,BTC-USD,CRYPTO,HOLD,42.23294806383291,91285.375,True
2025-11-28 16:30:00,SPY,STOCK,HOLD,54.98639308460223,679.5208129882812,False
2025-11-28 16:30:00,QQQ,STOCK,HOLD,53.12309630944837,617.6743774414062,True
2025-11-28 16:30:00,IBIT,CRYPTO,SELL,31.86183258265,51.54999923706055,False
2025-11-28 16:30:00,BTC-USD,CRYPTO,HOLD,47.45536423130687,90919.265625,False
2025-11-29 16:30:00,BTC-USD,CRYPTO,HOLD,46.90471022252787,90851.7578125,False
2025-11-30 16:30:00,BTC-USD,CRYPTO,HOLD,48.256292026330264,90394.3125,False
2025-12-01 16:30:00,SPY,STOCK,HOLD,52.3142787693568,676.41845703125,False
2025-12-01 16:30:00,QQQ,STOCK,HOLD,51.513846657054266,615.599609375,False
2025-12-01 16:30:00,IBIT,CRYPTO,SELL,27.38301060187692,48.5,False
2025-12-01 16:30:00,BTC-USD,CRYPTO,HOLD,42.31930248345541,86321.5703125,False
2025-12-02 16:30:00,SPY,STOCK,HOLD,52.713309687823944,677.67138671875,False
2025-12-02 16:30:00,QQQ,STOCK,HOLD,52.61944171608679,620.4173583984375,False
2025-12-02 16:30:00,IBIT,CRYPTO,SELL,34.26652639711629,51.66999816894531,False
2025-12-02 16:30:00,BTC-USD,CRYPTO,HOLD,45.654031969484265,91350.203125,False
2025-12-03 16:30:00,SPY,STOCK,HOLD,61.07622599037417,680.0180053710938,False
2025-12-03 16:30:00,QQQ,STOCK,HOLD,61.12143020923456,621.9335327148438,False
2025-12-03 16:30:00,IBIT,CRYPTO,HOLD,40.81928451733827,52.7400016784668,True
2025-12-03 16:30:00,BTC-USD,CRYPTO,HOLD,51.520662930131465,93527.8046875,False
2025-12-04 16:30:00,SPY,STOCK,HOLD,61.43837652307873,680.51513671875,False
2025-12-04 16:30:00,QQQ,STOCK,HOLD,60.523021643669274,621.35498046875,False
2025-12-04 16:30:00,IBIT,CRYPTO,HOLD,41.75643015642843,52.5099983215332,False
2025-12-04 16:30:00,BTC-USD,CRYPTO,HOLD,52.94327949365132,92141.625,False
2025-12-05 16:30:00,SPY,STOCK,HOLD,66.3259001094879,681.8078002929688,False
2025-12-05 16:30:00,QQQ,STOCK,HOLD,65.7045703283717,623.8884887695312,False
2025-12-05 16:30:00,IBIT,CRYPTO,HOLD,41.45585407089586,50.689998626708984,False
2025-12-05 16:30:00,BTC-USD,CRYPTO,HOLD,48.9012244896431,89387.7578125,False
2025-12-06 16:30:00,BTC-USD,CRYPTO,HOLD,50.990961901880944,89272.375,False
2025-12-07 16:30:00,BTC-USD,CRYPTO,HOLD,49.58151005567025,90405.640625,False
2025-12-08 16:30:00,SPY,STOCK,HOLD,66.46658432669633,679.7594604492188,False
2025-12-08 16:30:00,QQQ,STOCK,HOLD,66.12998873700025,622.6915893554688,False
2025-12-08 16:30:00,IBIT,CRYPTO,HOLD,44.57142307495806,51.52000045776367,False
2025-12-08 16:30:00,BTC-USD,CRYPTO,HOLD,50.27629847788847,90640.203125,False
2025-12-09 16:30:00,SPY,STOCK,HOLD,59.73312129728934,679.1727905273438,False
2025-12-09 16:30:00,QQQ,STOCK,HOLD,59.30426673995847,623.4595947265625,False
2025-12-09 16:30:00,IBIT,CRYPTO,HOLD,46.37634736163003,52.849998474121094,False
2025-12-09 16:30:00,BTC-USD,CRYPTO,HOLD,53.039272930151945,92691.7109375,False
2025-12-10 16:30:00,SPY,STOCK,HOLD,61.98989294072053,683.6771850585938,False
2025-12-10 16:30:00,QQQ,STOCK,HOLD,61.032239768745505,626.0130615234375,False
2025-12-10 16:30:00,IBIT,CRYPTO,HOLD,51.91600835457549,52.4900016784668,False
2025-12-10 16:30:00,BTC-USD,CRYPTO,HOLD,49.995435001666195,92020.9453125,False
2025-12-11 16:30:00,SPY,STOCK,HOLD,62.905414580552495,685.26806640625,False
2025-12-11 16:30:00,QQQ,STOCK,HOLD,61.01202253409686,623.98828125,False
2025-12-11 16:30:00,IBIT,CRYPTO,HOLD,51.00648170139139,52.099998474121094,False
2025-12-11 16:30:00,BTC-USD,CRYPTO,HOLD,49.438036720640575,92511.3359375,False
2025-12-12 16:30:00,SPY,STOCK,HOLD,58.05172339921511,677.9000854492188,False
2025-12-12 16:30:00,QQQ,STOCK,HOLD,54.5057465843566,612.0587158203125,False
2025-12-12 16:30:00,IBIT,CRYPTO,HOLD,49.46990893992585,51.20000076293945,False
2025-12-12 16:30:00,BTC-USD,CRYPTO,HOLD,48.95152017178108,90270.4140625,False
2025-12-13 16:30:00,BTC-USD,CRYPTO,HOLD,49.815673718915356,90298.7109375,False
2025-12-14 16:30:00,BTC-USD,CRYPTO,HOLD,45.85060193453729,88175.1796875,False
2025-12-15 16:30:00,SPY,STOCK,HOLD,55.36069441900564,676.8758544921875,False
2025-12-15 16:30:00,QQQ,STOCK,HOLD,50.23062566133264,608.9865112304688,False
2025-12-15 16:30:00,IBIT,CRYPTO,HOLD,42.44768825824326,48.65999984741211,False
2025-12-15 16:30:00,BTC-USD,CRYPTO,HOLD,46.8102242080599,86419.78125,False
2025-12-16 16:30:00,SPY,STOCK,HOLD,54.100916142353796,675.0264282226562,False
2025-12-16 16:30:00,QQQ,STOCK,HOLD,50.65485193744322,610.1934204101562,False
2025-12-16 16:30:00,IBIT,CRYPTO,HOLD,45.90885382220586,49.709999084472656,False
2025-12-16 16:30:00,BTC-USD,CRYPTO,HOLD,45.81253095914729,87843.984375,False
2025-12-17 16:30:00,SPY,STOCK,HOLD,42.650398714346295,667.5986938476562,False
2025-12-17 16:30:00,QQQ,STOCK,SELL,39.33610925453948,598.8822631835938,True
2025-12-17 16:30:00,IBIT,CRYPTO,HOLD,41.838502297579865,48.709999084472656,False
2025-12-17 16:30:00,BTC-USD,CRYPTO,HOLD,43.83299556819407,86143.7578125,False
2025-12-18 16:30:00,SPY,STOCK,HOLD,43.223358266445636,672.6399536132812,False
2025-12-18 16:30:00,QQQ,STOCK,SELL,41.73023463949113,607.5601806640625,False
2025-12-18 16:30:00,IBIT,CRYPTO,SELL,38.61971677055772,47.959999084472656,True
2025-12-18 16:30:00,BTC-USD,CRYPTO,HOLD,43.31875767213254,85462.5078125,False
2025-12-19 16:30:00,SPY,STOCK,HOLD,57.27183474954244,678.7363891601562,False
2025-12-19 16:30:00,QQQ,STOCK,HOLD,56.405692088326454,615.4799194335938,True
2025-12-19 16:30:00,IBIT,CRYPTO,HOLD,46.968279866885176,49.90999984741211,True
2025-12-19 16:30:00,BTC-USD,CRYPTO,HOLD,51.36106903524767,88103.3828125,False
2025-12-20 16:30:00,BTC-USD,CRYPTO,HOLD,51.53526949725172,88344.0,False
2025-12-21 16:30:00,BTC-USD,CRYPTO,HOLD,53.32919387544818,88621.75,False
2025-12-22 16:30:00,SPY,STOCK,BUY,62.740576770548046,682.96484375,True
2025-12-22 16:30:00,QQQ,STOCK,BUY,61.15406773957735,618.4302368164062,True
2025-12-22 16:30:00,IBIT,CRYPTO,HOLD,47.74238593238403,50.09000015258789,False
2025-12-22 16:30:00,BTC-USD,CRYPTO,HOLD,53.119759198017256,88490.015625,False
2025-12-23 16:30:00,SPY,STOCK,BUY,58.45831604865673,686.0863037109375,False
2025-12-23 16:30:00,QQQ,STOCK,HOLD,55.52274257009358,621.3265380859375,True
2025-12-23 16:30:00,IBIT,CRYPTO,HOLD,44.97621723736986,49.650001525878906,False
2025-12-23 16:30:00,BTC-USD,CRYPTO,HOLD,50.207969107951655,87414.0,False
2025-12-24 16:30:00,SPY,STOCK,BUY,60.13072591089961,688.4996948242188,False
2025-12-24 16:30:00,QQQ,STOCK,HOLD,57.76622247987464,623.144287109375,False
2025-12-24 16:30:00,IBIT,CRYPTO,HOLD,48.552694457859495,49.459999084472656,False
2025-12-24 16:30:00,BTC-USD,CRYPTO,HOLD,52.438929985569914,87611.9609375,False
2025-12-25 16:30:00,BTC-USD,CRYPTO,HOLD,53.093565079865705,87234.7421875,False
2025-12-26 16:30:00,SPY,STOCK,BUY,58.5774130481279,688.4298706054688,False
2025-12-26 16:30:00,QQQ,STOCK,HOLD,55.79200096186113,623.1043090820312,False
2025-12-26 16:30:00,IBIT,CRYPTO,HOLD,49.98964142102316,49.61000061035156,False
2025-12-26 16:30:00,BTC-USD,CRYPTO,HOLD,51.64013983810326,87301.4296875,False
2025-12-27 16:30:00,BTC-USD,CRYPTO,HOLD,52.838766828587595,87802.15625,False
2025-12-28 16:30:00,BTC-USD,CRYPTO,HOLD,54.14697276546761,87835.8359375,False
2025-12-29 16:30:00,SPY,STOCK,HOLD,55.11792088561506,685.9765625,True
2025-12-29 16:30:00,QQQ,STOCK,HOLD,52.05283160558084,620.088134765625,False
2025-12-29 16:30:00,IBIT,CRYPTO,HOLD,48.47443924243668,49.380001068115234,False
2025-12-29 16:30:00,BTC-USD,CRYPTO,HOLD,53.51481803983015,87138.140625,False
2025-12-30 16:30:00,SPY,STOCK,HOLD,53.95970846375785,685.138916015625,False
2025-12-30 16:30:00,QQQ,STOCK,HOLD,50.69670199707481,618.64990234375,False
2025-12-30 16:30:00,IBIT,CRYPTO,HOLD,49.678441020004,49.83000183105469,False
2025-12-30 16:30:00,BTC-USD,CRYPTO,HOLD,50.07683639393041,88430.1328125,False
2025-12-31 16:30:00,SPY,STOCK,HOLD,44.36266915728509,680.062744140625,False
2025-12-31 16:30:00,QQQ,STOCK,SELL,41.84858198952394,613.536376953125,True
2025-12-31 16:30:00,IBIT,CRYPTO,HOLD,46.95558533023073,49.650001525878906,False
2025-12-31 16:30:00,BTC-USD,CRYPTO,BUY,57.62401809569058,87508.828125,True
2026-01-01 16:30:00,BTC-USD,CRYPTO,BUY,55.75494088820882,88731.984375,False
2026-01-02 16:30:00,SPY,STOCK,HOLD,45.269040691967234,681.309326171875,False
2026-01-02 16:30:00,QQQ,STOCK,HOLD,42.17978077403977,612.347900390625,True
2026-01-02 16:30:00,IBIT,CRYPTO,HOLD,49.5212839823377,50.939998626708984,False
2026-01-02 16:30:00,BTC-USD,CRYPTO,BUY,59.52143741116648,89944.6953125,False
2026-01-03 16:30:00,BTC-USD,CRYPTO,BUY,60.29765039023116,90603.1875,False
2026-01-04 16:30:00,BTC-USD,CRYPTO,BUY,62.03075376492059,91413.4921875,False
2026-01-05 16:30:00,SPY,STOCK,HOLD,53.18855193339452,685.846923828125,False
2026-01-05 16:30:00,QQQ,STOCK,HOLD,49.924556142983306,617.2117309570312,False
2026-01-05 16:30:00,IBIT,CRYPTO,BUY,59.68609947321495,53.459999084472656,True
2026-01-05 16:30:00,BTC-USD,CRYPTO,BUY,68.12904653456633,93882.5546875,False
2026-01-06 16:30:00,SPY,STOCK,HOLD,51.20362201733594,689.92578125,False
2026-01-06 16:30:00,QQQ,STOCK,HOLD,48.23896713609251,622.6348876953125,False
2026-01-06 16:30:00,IBIT,CRYPTO,BUY,63.63822073678268,52.45000076293945,False
2026-01-06 16:30:00,BTC-USD,CRYPTO,BUY,70.85969787340666,93729.03125,False
2026-01-07 16:30:00,SPY,STOCK,HOLD,57.51477729906138,687.701904296875,False
2026-01-07 16:30:00,QQQ,STOCK,HOLD,55.75654196540555,623.2341918945312,False
2026-01-07 16:30:00,IBIT,CRYPTO,BUY,58.456905668255,51.540000915527344,False
2026-01-07 16:30:00,BTC-USD,CRYPTO,BUY,63.290368543878785,91308.0546875,False
2026-01-08 16:30:00,SPY,STOCK,HOLD,51.91929943609662,687.632080078125,False
2026-01-08 16:30:00,QQQ,STOCK,HOLD,48.41600302329844,619.6885986328125,False
2026-01-08 16:30:00,IBIT,CRYPTO,BUY,59.763441431762665,51.52000045776367,False
2026-01-08 16:30:00,BTC-USD,CRYPTO,BUY,61.093322843294025,91027.125,False
2026-01-09 16:30:00,SPY,STOCK,HOLD,56.54168617753849,692.1796264648438,False
2026-01-09 16:30:00,QQQ,STOCK,HOLD,54.08481496069877,625.86083984375,False
2026-01-09 16:30:00,IBIT,CRYPTO,BUY,58.51376344044576,51.15999984741211,False
2026-01-09 16:30:00,BTC-USD,CRYPTO,BUY,59.70999581169415,90513.1015625,False
2026-01-10 16:30:00,BTC-USD,CRYPTO,BUY,58.553297436460355,90386.6484375,False
2026-01-11 16:30:00,BTC-USD,CRYPTO,BUY,58.425126226061195,90827.4609375,False
2026-01-12 16:30:00,SPY,STOCK,HOLD,55.08192357266458,693.2666625976562,False
2026-01-12 16:30:00,QQQ,STOCK,HOLD,52.75187585503926,626.3801879882812,False
2026-01-12 16:30:00,IBIT,CRYPTO,BUY,58.04967034347795,51.869998931884766,False
2026-01-12 16:30:00,BTC-USD,CRYPTO,BUY,56.69848098275724,91192.9921875,False
2026-01-13 16:30:00,SPY,STOCK,HOLD,53.37218192375268,691.8804931640625,False
2026-01-13 16:30:00,QQQ,STOCK,HOLD,52.10885037089601,625.4513549804688,False
2026-01-13 16:30:00,IBIT,CRYPTO,BUY,64.519098636609,53.56999969482422,False
2026-01-13 16:30:00,BTC-USD,CRYPTO,BUY,62.81649046326982,95321.78125,False
2026-01-14 16:30:00,SPY,STOCK,HOLD,45.49579849010823,688.479736328125,False
2026-01-14 16:30:00,QQQ,STOCK,HOLD,42.695946197062824,618.769775390625,False
2026-01-14 16:30:00,IBIT,CRYPTO,BUY,66.9375029203606,55.439998626708984,False
2026-01-14 16:30:00,BTC-USD,CRYPTO,BUY,67.51927177087832,96929.328125,False
2026-01-15 16:30:00,SPY,STOCK,HOLD,47.507599142928484,690.3546142578125,False
2026-01-15 16:30:00,QQQ,STOCK,HOLD,44.7900891205164,620.9970092773438,False
2026-01-15 16:30:00,IBIT,CRYPTO,BUY,63.424007345280685,54.0,False
2026-01-15 16:30:00,BTC-USD,CRYPTO,BUY,62.47993566438272,95551.1875,False
2026-01-16 16:30:00,SPY,STOCK,HOLD,49.24053112697806,689.7761840820312,False
2026-01-16 16:30:00,QQQ,STOCK,HOLD,46.81786127713958,620.4776611328125,False
2026-01-16 16:30:00,IBIT,CRYPTO,BUY,63.593736829008456,54.2400016784668,False
2026-01-16 16:30:00,BTC-USD,CRYPTO,BUY,60.95708572482559,95525.1171875,False
2026-01-17 16:30:00,BTC-USD,CRYPTO,BUY,60.25646834433037,95099.921875,False
2026-01-18 16:30:00,BTC-USD,CRYPTO,BUY,56.129416327778905,93634.4296875,False
2026-01-19 16:30:00,BTC-USD,CRYPTO,HOLD,51.8288565300599,92553.59375,True
2026-01-20 16:30:00,SPY,STOCK,SELL,33.51225139328865,675.7345581054688,True
2026-01-20 16:30:00,QQQ,STOCK,SELL,33.02644936099626,607.2942504882812,True
2026-01-20 16:30:00,IBIT,CRYPTO,HOLD,47.25044647508023,50.7599983215332,True
2026-01-20 16:30:00,BTC-USD,CRYPTO,SELL,37.84377959285347,88310.90625,True
2026-01-21 16:30:00,SPY,STOCK,SELL,38.366991320024894,683.5332641601562,False
2026-01-21 16:30:00,QQQ,STOCK,SELL,37.30804085719428,615.50390625,False
2026-01-21 16:30:00,IBIT,CRYPTO,HOLD,48.881622550693486,51.11000061035156,False
2026-01-21 16:30:00,BTC-USD,CRYPTO,SELL,39.72322334221089,89376.9609375,False
2026-01-22 16:30:00,SPY,STOCK,HOLD,44.47651163485282,687.103515625,True
2026-01-22 16:30:00,QQQ,STOCK,HOLD,44.001936758217155,619.978271484375,True
2026-01-22 16:30:00,IBIT,CRYPTO,HOLD,48.02907087969621,50.66999816894531,False
2026-01-22 16:30:00,BTC-USD,CRYPTO,SELL,39.771803281383434,89462.453125,False
2026-01-23 16:30:00,SPY,STOCK,HOLD,46.47523712124839,687.352783203125,False
2026-01-23 16:30:00,QQQ,STOCK,HOLD,47.26027344958246,621.935791015625,False
2026-01-23 16:30:00,IBIT,CRYPTO,HOLD,47.86211011961561,50.70000076293945,False
2026-01-23 16:30:00,BTC-USD,CRYPTO,HOLD,40.83804037854399,89503.875,True
2026-01-24 16:30:00,BTC-USD,CRYPTO,HOLD,41.01996263438819,89110.734375,False
2026-01-25 16:30:00,BTC-USD,CRYPTO,SELL,36.03252952014334,86572.21875,True
2026-01-26 16:30:00,SPY,STOCK,HOLD,43.861720684037664,690.84326171875,False
2026-01-26 16:30:00,QQQ,STOCK,HOLD,44.260070401771124,624.67236328125,False
2026-01-26 16:30:00,IBIT,CRYPTO,SELL,39.119501449297516,49.650001525878906,True
2026-01-26 16:30:00,BTC-USD,CRYPTO,SELL,39.404622848817525,88267.140625,False
2026-01-27 16:30:00,SPY,STOCK,HOLD,48.6939675304745,693.5957641601562,False
2026-01-27 16:30:00,QQQ,STOCK,HOLD,49.92146316629895,630.335205078125,False
2026-01-27 16:30:00,IBIT,CRYPTO,HOLD,44.44218689798632,50.630001068115234,True
2026-01-27 16:30:00,BTC-USD,CRYPTO,HOLD,43.27111073365557,89102.5703125,True
2026-01-28 16:30:00,SPY,STOCK,HOLD,49.41564903658505,693.5259399414062,False
2026-01-28 16:30:00,QQQ,STOCK,HOLD,51.37236123408364,632.4225463867188,False
2026-01-28 16:30:00,IBIT,CRYPTO,HOLD,45.471174495508414,50.5099983215332,False
2026-01-28 16:30:00,BTC-USD,CRYPTO,HOLD,41.92787299060385,89184.5703125,False
2026-01-29 16:30:00,SPY,STOCK,HOLD,46.474245823757435,692.1497192382812,False
2026-01-29 16:30:00,QQQ,STOCK,HOLD,47.87152103464379,628.6373291015625,False
2026-01-29 16:30:00,IBIT,CRYPTO,SELL,36.55454945941844,47.599998474121094,True
2026-01-29 16:30:00,BTC-USD,CRYPTO,SELL,32.11118235698914,84561.5859375,True
2026-01-30 16:30:00,SPY,STOCK,SELL,37.19975850648066,690.0853271484375,True
2026-01-30 16:30:00,QQQ,STOCK,SELL,35.949883807216054,621.0868530273438,True
2026-01-30 16:30:00,IBIT,CRYPTO,SELL,36.90756173315992,47.4900016784668,False
2026-01-30 16:30:00,BTC-USD,CRYPTO,SELL,30.299467355698003,84128.65625,False
2026-01-31 16:30:00,BTC-USD,CRYPTO,SELL,19.02276542711674,78621.1171875,False
2026-02-01 16:30:00,BTC-USD,CRYPTO,SELL,18.58448242974423,76974.4453125,False
2026-02-02 16:30:00,SPY,STOCK,SELL,38.964926720226686,693.5159912109375,False
2026-02-02 16:30:00,QQQ,STOCK,SELL,38.41100276516671,625.3515014648438,False
2026-02-02 16:30:00,IBIT,CRYPTO,SELL,21.380643112767437,44.220001220703125,False
2026-02-02 16:30:00,BTC-USD,CRYPTO,SELL,23.43180159244356,78688.765625,False
2026-02-03 16:30:00,SPY,STOCK,SELL,36.03790497756135,687.6520385742188,False
2026-02-03 16:30:00,QQQ,STOCK,SELL,34.040810938046064,615.7435913085938,False
2026-02-03 16:30:00,IBIT,CRYPTO,SELL,19.628193907380183,43.29999923706055,False
2026-02-03 16:30:00,BTC-USD,CRYPTO,SELL,22.03660465695514,75633.546875,False
2026-02-04 16:30:00,SPY,STOCK,SELL,32.300756831609824,684.3211059570312,False
2026-02-04 16:30:00,QQQ,STOCK,SELL,27.251374410511726,604.9871826171875,False
2026-02-04 16:30:00,IBIT,CRYPTO,SELL,17.75748775647739,41.56999969482422,False
2026-02-04 16:30:00,BTC-USD,CRYPTO,SELL,17.62411779684968,73019.703125,False
2026-02-05 16:30:00,SPY,STOCK,SELL,20.8147429888171,675.7744750976562,False
2026-02-05 16:30:00,QQQ,STOCK,SELL,17.756658163545584,596.2781982421875,False
2026-02-05 16:30:00,IBIT,CRYPTO,SELL,6.743161122015891,36.099998474121094,False
2026-02-05 16:30:00,BTC-USD,CRYPTO,SELL,9.376904331474863,62702.09765625,False
2026-02-06 16:30:00,SPY,STOCK,SELL,35.34247202795302,688.739013671875,False
2026-02-06 16:30:00,QQQ,STOCK,SELL,31.35343727418761,608.8822631835938,False
2026-02-06 16:30:00,IBIT,CRYPTO,SELL,20.257568014838057,39.68000030517578,False
2026-02-06 16:30:00,BTC-USD,CRYPTO,SELL,20.456133157018076,70555.390625,False
2026-02-07 16:30:00,BTC-USD,CRYPTO,SELL,21.585073126542948,69281.96875,False
2026-02-08 16:30:00,BTC-USD,CRYPTO,SELL,24.179570384082567,70264.7265625,False
2026-02-09 16:30:00,SPY,STOCK,SELL,40.322387123708026,692.0599975585938,False
2026-02-09 16:30:00,QQQ,STOCK,SELL,35.430272947824335,613.54638671875,False
2026-02-09 16:30:00,IBIT,CRYPTO,SELL,20.748858203136255,40.11000061035156,False
2026-02-09 16:30:00,BTC-USD,CRYPTO,SELL,23.30503795087171,70120.78125,False
2026-02-10 16:30:00,SPY,STOCK,SELL,37.74254863011904,690.2349243164062,False
2026-02-10 16:30:00,QQQ,STOCK,SELL,33.15994550608923,610.699951171875,False
2026-02-10 16:30:00,IBIT,CRYPTO,SELL,19.71552283410914,38.970001220703125,False
2026-02-10 16:30:00,BTC-USD,CRYPTO,SELL,22.620927833485695,68793.9609375,False
2026-02-11 16:30:00,SPY,STOCK,HOLD,42.738596017058406,690.075439453125,True
2026-02-11 16:30:00,QQQ,STOCK,SELL,39.66129387077549,612.337890625,False
2026-02-11 16:30:00,IBIT,CRYPTO,SELL,20.82824573443613,38.290000915527344,False
2026-02-11 16:30:00,BTC-USD,CRYPTO,SELL,24.48314848806991,66991.96875,False
2026-02-12 16:30:00,SPY,STOCK,SELL,35.576045720526125,679.41455078125,True
2026-02-12 16:30:00,QQQ,STOCK,SELL,33.25071320509967,599.8836059570312,False
2026-02-12 16:30:00,IBIT,CRYPTO,SELL,20.325760516168415,37.04999923706055,False
2026-02-12 16:30:00,BTC-USD,CRYPTO,SELL,29.724865988183367,66221.84375,False
2026-02-13 16:30:00,SPY,STOCK,SELL,33.568734171034436,679.8931884765625,False
2026-02-13 16:30:00,QQQ,STOCK,SELL,32.16638764238498,601.1619873046875,False
2026-02-13 16:30:00,IBIT,CRYPTO,SELL,27.960229235072237,38.970001220703125,False
2026-02-13 16:30:00,BTC-USD,CRYPTO,SELL,31.837612051970062,68857.84375,False
2026-02-14 16:30:00,BTC-USD,CRYPTO,SELL,36.62386220959499,69767.625,False
2026-02-15 16:30:00,BTC-USD,CRYPTO,SELL,34.94353779464103,68788.1875,False
2026-02-16 16:30:00,BTC-USD,CRYPTO,SELL,36.58163456692469,68843.15625,False
2026-02-17 16:30:00,SPY,STOCK,SELL,29.22114997980185,680.9901733398438,False
2026-02-17 16:30:00,QQQ,STOCK,SELL,26.951707023233094,600.542724609375,False
2026-02-17 16:30:00,IBIT,CRYPTO,SELL,26.775161625771354,38.38999938964844,False
2026-02-17 16:30:00,BTC-USD,CRYPTO,SELL,38.6986541536988,67494.21875,False
2026-02-18 16:30:00,SPY,STOCK,SELL,34.297264166723856,684.4208374023438,False
2026-02-18 16:30:00,QQQ,STOCK,SELL,31.451511403620344,605.027099609375,False
2026-02-18 16:30:00,IBIT,CRYPTO,SELL,25.751898670863557,37.540000915527344,False
2026-02-18 16:30:00,BTC-USD,CRYPTO,HOLD,40.98898553566235,66425.3203125,True
2026-02-19 16:30:00,SPY,STOCK,SELL,35.0444454737474,682.61572265625,False
2026-02-19 16:30:00,QQQ,STOCK,SELL,33.07599274537888,602.7100219726562,False
2026-02-19 16:30:00,IBIT,CRYPTO,SELL,27.422727730849733,38.06999969482422,False
2026-02-19 16:30:00,BTC-USD,CRYPTO,HOLD,53.34275814360229,66957.5234375,False
2026-02-20 16:30:00,SPY,STOCK,HOLD,45.87266696283253,687.5523071289062,True
2026-02-20 16:30:00,QQQ,STOCK,HOLD,43.53645177094326,608.0433349609375,True
2026-02-20 16:30:00,IBIT,CRYPTO,SELL,35.571757655666964,38.41999816894531,False
2026-02-20 16:30:00,BTC-USD,CRYPTO,HOLD,49.17175203170918,68005.421875,False
2026-02-21 16:30:00,BTC-USD,CRYPTO,HOLD,50.60092666150868,68003.765625,False
2026-02-22 16:30:00,BTC-USD,CRYPTO,HOLD,49.336217425109226,67659.390625,False
2026-02-23 16:30:00,SPY,STOCK,SELL,26.584175531951395,680.531494140625,True
2026-02-23 16:30:00,QQQ,STOCK,SELL,25.695587264852794,600.652587890625,True
2026-02-23 16:30:00,IBIT,CRYPTO,SELL,35.22125103814305,36.54999923706055,False
2026-02-23 16:30:00,BTC-USD,CRYPTO,HOLD,44.01516217163595,64616.73828125,False
2026-02-24 16:30:00,SPY,STOCK,SELL,34.088044714696274,685.4779052734375,False
2026-02-24 16:30:00,QQQ,STOCK,SELL,33.82673173887155,607.1044921875,False
2026-02-24 16:30:00,IBIT,CRYPTO,SELL,38.46548665284233,36.529998779296875,False
2026-02-24 16:30:00,BTC-USD,CRYPTO,HOLD,44.30593310624956,64080.04296875,False
2026-02-25 16:30:00,SPY,STOCK,HOLD,42.403777474865656,691.26220703125,True
2026-02-25 16:30:00,QQQ,STOCK,HOLD,43.39315830455082,615.9033813476562,True
2026-02-25 16:30:00,IBIT,CRYPTO,HOLD,46.24947872814759,39.22999954223633,True
2026-02-25 16:30:00,BTC-USD,CRYPTO,HOLD,54.798510107094074,67960.125,False
2026-02-26 16:30:00,SPY,STOCK,SELL,36.73827790776167,687.422607421875,True
2026-02-26 16:30:00,QQQ,STOCK,SELL,36.32763043593991,608.4727783203125,True
2026-02-26 16:30:00,IBIT,CRYPTO,BUY,55.35307688780549,38.2599983215332,True
2026-02-26 16:30:00,BTC-USD,CRYPTO,HOLD,51.34288109793883,67453.7734375,False
2026-02-27 16:30:00,SPY,STOCK,SELL,31.410425165721296,684.1216430664062,False
2026-02-27 16:30:00,QQQ,STOCK,SELL,34.20140897689989,606.5252075195312,False
2026-02-27 16:30:00,IBIT,CRYPTO,HOLD,50.8875892076863,37.189998626708984,True
2026-02-27 16:30:00,BTC-USD,CRYPTO,HOLD,46.955668112095225,65881.796875,False
2026-02-28 16:30:00,BTC-USD,CRYPTO,HOLD,49.14224341548902,66995.859375,False
2026-03-01 16:30:00,BTC-USD,CRYPTO,HOLD,48.3933440263264,65738.1015625,False
2026-03-02 16:30:00,SPY,STOCK,SELL,37.519197067790195,684.5106201171875,False
2026-03-02 16:30:00,QQQ,STOCK,SELL,40.474970587954694,607.32421875,False
2026-03-02 16:30:00,IBIT,CRYPTO,HOLD,48.37949751994893,39.19499969482422,False
2026-03-02 16:30:00,BTC-USD,CRYPTO,HOLD,52.37021703858005,68775.8515625,False
2026-03-03 16:30:00,SPY,STOCK,SELL,23.343586333975406,678.4771118164062,False
2026-03-03 16:30:00,QQQ,STOCK,SELL,27.24048745076941,600.8224487304688,False
2026-03-03 16:30:00,IBIT,CRYPTO,HOLD,48.6572295646037,38.70000076293945,False
2026-03-03 16:30:00,BTC-USD,CRYPTO,HOLD,52.585965846023385,68293.6484375,False
2026-03-04 16:30:00,SPY,STOCK,SELL,36.56814452955554,683.2639770507812,False
2026-03-04 16:30:00,QQQ,STOCK,SELL,41.67847420599223,609.9808959960938,False
2026-03-04 16:30:00,IBIT,CRYPTO,BUY,55.74274903802084,41.439998626708984,True
2026-03-04 16:30:00,BTC-USD,CRYPTO,BUY,58.96101898125399,72710.578125,True
2026-03-05 16:30:00,SPY,STOCK,SELL,36.3708736159085,679.4544067382812,False
2026-03-05 16:30:00,QQQ,STOCK,HOLD,44.15289495061847,608.1431274414062,True
2026-03-05 16:30:00,IBIT,CRYPTO,HOLD,54.38269608458501,40.38999938964844,True
2026-03-05 16:30:00,BTC-USD,CRYPTO,BUY,55.28773225402039,70841.125,False
2026-03-06 16:30:00,SPY,STOCK,SELL,25.107562414614044,670.5487060546875,False
2026-03-06 16:30:00,QQQ,STOCK,SELL,33.816530904935256,598.9946899414062,True
2026-03-06 16:30:00,IBIT,CRYPTO,HOLD,48.010851740104144,38.599998474121094,False
2026-03-06 16:30:00,BTC-USD,CRYPTO,HOLD,51.89010029988793,68136.4921875,True
2026-03-07 16:30:00,BTC-USD,CRYPTO,HOLD,51.76980545533927,67272.59375,False
2026-03-08 16:30:00,BTC-USD,CRYPTO,HOLD,49.83682647504464,65969.78125,False
2026-03-09 16:30:00,SPY,STOCK,SELL,31.572279064114525,676.4227294921875,False
2026-03-09 16:30:00,QQQ,STOCK,SELL,40.88162167472774,606.99462890625,False
2026-03-09 16:30:00,IBIT,CRYPTO,HOLD,47.900006768959614,39.130001068115234,False
2026-03-09 16:30:00,BTC-USD,CRYPTO,HOLD,54.114845798997194,68402.3828125,False
2026-03-10 16:30:00,SPY,STOCK,SELL,32.472644669072714,675.3356323242188,False
2026-03-10 16:30:00,QQQ,STOCK,HOLD,42.14216395112672,607.004638671875,True
2026-03-10 16:30:00,IBIT,CRYPTO,HOLD,52.211634092786454,39.709999084472656,False
2026-03-10 16:30:00,BTC-USD,CRYPTO,BUY,55.77883849752708,69926.921875,True
2026-03-11 16:30:00,SPY,STOCK,SELL,33.00483861219762,674.4879760742188,False
2026-03-11 16:30:00,QQQ,STOCK,HOLD,43.17228076778578,606.9247436523438,False
2026-03-11 16:30:00,IBIT,CRYPTO,HOLD,51.989415220039234,40.06999969482422,False
2026-03-11 16:30:00,BTC-USD,CRYPTO,HOLD,52.22202768225682,70204.8828125,True
2026-03-12 16:30:00,SPY,STOCK,SELL,25.30375432666144,664.2459106445312,False
2026-03-12 16:30:00,QQQ,STOCK,SELL,35.54113830220598,596.5078735351562,True
2026-03-12 16:30:00,IBIT,CRYPTO,HOLD,51.78339689277231,39.95000076293945,False
2026-03-12 16:30:00,BTC-USD,CRYPTO,HOLD,54.523347609794875,70493.4609375,False
2026-03-13 16:30:00,SPY,STOCK,SELL,30.039184121630644,660.4862060546875,False
2026-03-13 16:30:00,QQQ,STOCK,SELL,40.143094419327966,592.9722900390625,False
2026-03-13 16:30:00,IBIT,CRYPTO,HOLD,52.280364885430885,40.369998931884766,False
2026-03-13 16:30:00,BTC-USD,CRYPTO,BUY,58.96669253393449,70968.265625,True
2026-03-14 16:30:00,BTC-USD,CRYPTO,BUY,59.65520427344959,71214.625,False
2026-03-15 16:30:00,BTC-USD,CRYPTO,BUY,64.75516553442503,72789.9140625,False
2026-03-16 16:30:00,SPY,STOCK,SELL,35.11377090229725,667.2078857421875,False
2026-03-16 16:30:00,QQQ,STOCK,HOLD,44.17816474915202,599.6239013671875,True
2026-03-16 16:30:00,IBIT,CRYPTO,BUY,59.08125260429334,41.939998626708984,True
2026-03-16 16:30:00,BTC-USD,CRYPTO,BUY,66.05833811528665,74861.0859375,False
2026-03-17 16:30:00,SPY,STOCK,SELL,36.209511249597014,668.9630126953125,False
2026-03-17 16:30:00,QQQ,STOCK,HOLD,45.86951637160783,602.5502319335938,False
2026-03-17 16:30:00,IBIT,CRYPTO,BUY,60.948510595062814,42.27000045776367,False
2026-03-17 16:30:00,BTC-USD,CRYPTO,BUY,65.06204290656758,73922.4765625,False
2026-03-18 16:30:00,SPY,STOCK,SELL,29.38854225974399,659.6285400390625,False
2026-03-18 16:30:00,QQQ,STOCK,SELL,39.86794970446898,594.15087890625,True
2026-03-18 16:30:00,IBIT,CRYPTO,HOLD,54.35713516571972,40.2599983215332,True
2026-03-18 16:30:00,BTC-USD,CRYPTO,HOLD,57.73040044930472,71245.578125,True
2026-03-19 16:30:00,SPY,STOCK,SELL,35.42674700424259,658.0029907226562,False
2026-03-19 16:30:00,QQQ,STOCK,HOLD,44.6052304737037,592.273193359375,True
2026-03-19 16:30:00,IBIT,CRYPTO,HOLD,52.436347417722175,39.81999969482422,False
2026-03-19 16:30:00,BTC-USD,CRYPTO,HOLD,53.301371815118564,69912.7890625,False
2026-03-20 16:30:00,SPY,STOCK,SELL,27.17837726694504,648.5700073242188,False
2026-03-20 16:30:00,QQQ,STOCK,SELL,34.76353148402064,581.3269653320312,True
2026-03-20 16:30:00,IBIT,CRYPTO,HOLD,49.910552544124485,39.77000045776367,False
2026-03-20 16:30:00,BTC-USD,CRYPTO,BUY,59.74959509912764,70522.5859375,True
2026-03-21 16:30:00,BTC-USD,CRYPTO,HOLD,53.50489344424106,68711.5234375,True
2026-03-22 16:30:00,BTC-USD,CRYPTO,HOLD,52.817039124442815,67845.2109375,False
2026-03-23 16:30:00,SPY,STOCK,SELL,32.745481371782084,655.3800048828125,False
2026-03-23 16:30:00,QQQ,STOCK,SELL,39.35720972676443,588.0,False
2026-03-23 16:30:00,IBIT,CRYPTO,HOLD,52.69135251284531,40.04999923706055,False
2026-03-23 16:30:00,BTC-USD,CRYPTO,BUY,58.586251856445735,70914.859375,True
2026-03-24 16:30:00,SPY,STOCK,SELL,29.252812702586514,653.1799926757812,False
2026-03-24 16:30:00,QQQ,STOCK,SELL,34.14054106048025,583.97998046875,False
2026-03-24 16:30:00,IBIT,CRYPTO,HOLD,52.6470351544955,39.279998779296875,False
2026-03-24 16:30:00,BTC-USD,CRYPTO,BUY,57.20370268375599,70517.859375,False
2026-03-25 16:30:00,SPY,STOCK,SELL,34.16102086201564,656.8200073242188,False
2026-03-25 16:30:00,QQQ,STOCK,SELL,36.74712013085359,587.8200073242188,False
2026-03-25 16:30:00,IBIT,CRYPTO,HOLD,49.34210820207508,40.16999816894531,False
2026-03-25 16:30:00,BTC-USD,CRYPTO,BUY,60.78066983287395,71309.8828125,False
2026-03-26 16:30:00,SPY,STOCK,SELL,24.118161316415005,645.0900268554688,False
2026-03-26 16:30:00,QQQ,STOCK,SELL,27.191226168514156,573.7899780273438,False
2026-03-26 16:30:00,IBIT,CRYPTO,HOLD,54.01357147989516,38.81999969482422,False
2026-03-26 16:30:00,BTC-USD,CRYPTO,HOLD,54.426326209237814,68791.625,True
2026-03-27 16:30:00,SPY,STOCK,SELL,20.518895759137795,634.0900268554688,False
2026-03-27 16:30:00,QQQ,STOCK,SELL,23.24732603016965,562.5800170898438,False
2026-03-27 16:30:00,IBIT,CRYPTO,HOLD,47.92432400755995,37.400001525878906,False
2026-03-27 16:30:00,BTC-USD,CRYPTO,HOLD,48.04308154002361,66338.375,False
2026-03-28 16:30:00,BTC-USD,CRYPTO,HOLD,48.516092790941144,66319.6953125,False
2026-03-29 16:30:00,BTC-USD,CRYPTO,HOLD,47.46221124622977,65954.921875,False
2026-03-30 16:30:00,SPY,STOCK,SELL,18.10681550468421,631.969970703125,False
2026-03-30 16:30:00,QQQ,STOCK,SELL,18.99096597877755,558.280029296875,False
2026-03-30 16:30:00,IBIT,CRYPTO,HOLD,49.61434483967576,37.68000030517578,False
2026-03-30 16:30:00,BTC-USD,CRYPTO,HOLD,46.2630125677071,66691.4453125,False
2026-03-31 16:30:00,SPY,STOCK,SELL,34.87211164294674,650.3400268554688,False
2026-03-31 16:30:00,QQQ,STOCK,SELL,34.70310863131044,577.1799926757812,False
2026-03-31 16:30:00,IBIT,CRYPTO,HOLD,52.78729286187763,38.41999816894531,False
2026-03-31 16:30:00,BTC-USD,CRYPTO,HOLD,51.91657064873944,68233.3125,False
2026-04-01 16:30:00,SPY,STOCK,SELL,33.747901550808024,655.239990234375,False
2026-04-01 16:30:00,QQQ,STOCK,SELL,33.55438173175759,584.3099975585938,False
2026-04-01 16:30:00,IBIT,CRYPTO,HOLD,53.156456121535996,38.63999938964844,False
2026-04-01 16:30:00,BTC-USD,CRYPTO,HOLD,53.89100527331096,68078.5546875,False
2026-04-02 16:30:00,SPY,STOCK,SELL,41.39509411874874,655.8300170898438,False
2026-04-02 16:30:00,QQQ,STOCK,SELL,40.571738169126974,584.97998046875,False
2026-04-02 16:30:00,IBIT,CRYPTO,HOLD,51.92299421165877,37.970001220703125,False
2026-04-02 16:30:00,BTC-USD,CRYPTO,HOLD,53.94512384996946,66888.5703125,False
2026-04-03 16:30:00,BTC-USD,CRYPTO,HOLD,56.09214808938879,66931.1015625,False
2026-04-04 16:30:00,BTC-USD,CRYPTO,HOLD,58.1151554467992,67290.515625,False
2026-04-05 16:30:00,BTC-USD,CRYPTO,BUY,58.85083218350951,68981.8984375,True
2026-04-06 16:30:00,SPY,STOCK,HOLD,51.57040829208832,658.9299926757812,True
2026-04-06 16:30:00,QQQ,STOCK,HOLD,51.26538378841982,588.5,True
2026-04-06 16:30:00,IBIT,CRYPTO,HOLD,50.754284753252975,39.52000045776367,False
2026-04-06 16:30:00,BTC-USD,CRYPTO,HOLD,56.05189362417789,68859.828125,True
2026-04-07 16:30:00,SPY,STOCK,HOLD,50.92683239899548,659.219970703125,False
2026-04-07 16:30:00,QQQ,STOCK,HOLD,50.06653028827632,588.5900268554688,False
2026-04-07 16:30:00,IBIT,CRYPTO,HOLD,54.266631081692424,39.099998474121094,False
2026-04-07 16:30:00,BTC-USD,CRYPTO,BUY,61.968206654403765,71940.703125,True
2026-04-08 16:30:00,SPY,STOCK,BUY,67.96131186391379,676.010009765625,True
2026-04-08 16:30:00,QQQ,STOCK,HOLD,66.82298644449645,606.0900268554688,False
2026-04-08 16:30:00,IBIT,CRYPTO,HOLD,58.64338531651742,40.41999816894531,False
2026-04-08 16:30:00,BTC-USD,CRYPTO,HOLD,58.42127476094022,71123.359375,True
2026-04-09 16:30:00,SPY,STOCK,BUY,70.20849913481625,679.9099731445312,False
2026-04-09 16:30:00,QQQ,STOCK,BUY,68.74745791298665,610.1900024414062,True
2026-04-09 16:30:00,IBIT,CRYPTO,BUY,60.32864572093562,40.90999984741211,True
2026-04-09 16:30:00,BTC-USD,CRYPTO,BUY,62.57129594385915,71767.828125,True
2026-04-10 16:30:00,SPY,STOCK,BUY,74.54995170468604,679.4600219726562,False
2026-04-10 16:30:00,QQQ,STOCK,BUY,73.78286304959683,611.0700073242188,False
2026-04-10 16:30:00,IBIT,CRYPTO,BUY,62.33665062522015,41.560001373291016,False
2026-04-10 16:30:00,BTC-USD,CRYPTO,BUY,68.88064029271952,72979.046875,False
2026-04-11 16:30:00,BTC-USD,CRYPTO,BUY,68.77468939206307,73054.2734375,False
2026-04-12 16:30:00,BTC-USD,CRYPTO,BUY,61.6795322289484,70753.40625,False
2026-04-13 16:30:00,SPY,STOCK,BUY,78.74421416283089,686.0999755859375,False
2026-04-13 16:30:00,QQQ,STOCK,BUY,77.97532035343211,617.3900146484375,False
2026-04-13 16:30:00,IBIT,CRYPTO,BUY,63.10300657831553,41.59000015258789,False
2026-04-13 16:30:00,BTC-USD,CRYPTO,BUY,68.14138348820535,74484.640625,False
2026-04-14 16:30:00,SPY,STOCK,BUY,80.7161442108722,694.4600219726562,False
2026-04-14 16:30:00,QQQ,STOCK,BUY,80.64008755697648,628.5999755859375,False
2026-04-14 16:30:00,IBIT,CRYPTO,BUY,66.79799576751931,42.130001068115234,False
2026-04-14 16:30:00,BTC-USD,CRYPTO,BUY,64.5288009229359,74181.609375,False
2026-04-15 16:30:00,SPY,STOCK,BUY,75.13548682323112,699.9400024414062,False
2026-04-15 16:30:00,QQQ,STOCK,BUY,76.02195529171301,637.4000244140625,False
2026-04-15 16:30:00,IBIT,CRYPTO,BUY,67.70643268459824,42.560001373291016,False
2026-04-15 16:30:00,BTC-USD,CRYPTO,BUY,66.86400642106675,74805.078125,False
2026-04-16 16:30:00,SPY,STOCK,BUY,76.44849017202425,701.6599731445312,False
2026-04-16 16:30:00,QQQ,STOCK,BUY,77.54950019260254,640.469970703125,False
2026-04-16 16:30:00,IBIT,CRYPTO,BUY,67.5622382039175,42.72999954223633,False
2026-04-16 16:30:00,BTC-USD,CRYPTO,BUY,67.39240003694977,75152.1328125,False
2026-04-17 16:30:00,SPY,STOCK,BUY,82.97452329278855,710.1400146484375,False
2026-04-17 16:30:00,QQQ,STOCK,BUY,83.54964821481926,648.8499755859375,False
2026-04-17 16:30:00,IBIT,CRYPTO,BUY,71.79754610660684,43.939998626708984,False
2026-04-17 16:30:00,BTC-USD,CRYPTO,BUY,69.07647682311654,77126.875,False
2026-04-18 16:30:00,BTC-USD,CRYPTO,BUY,64.61147717414265,75726.2109375,False
2026-04-19 16:30:00,BTC-USD,CRYPTO,BUY,60.95118229530028,73856.3515625,False
2026-04-20 16:30:00,SPY,STOCK,BUY,80.76185420703212,708.719970703125,False
2026-04-20 16:30:00,QQQ,STOCK,BUY,81.20490179984799,646.7899780273438,False
2026-04-20 16:30:00,IBIT,CRYPTO,BUY,69.67983354415233,43.25,False
2026-04-20 16:30:00,BTC-USD,CRYPTO,BUY,59.83939346641464,75872.5234375,False
2026-04-21 16:30:00,SPY,STOCK,BUY,75.97196205980732,704.0800170898438,False
2026-04-21 16:30:00,QQQ,STOCK,BUY,77.4971252567403,644.3300170898438,False
2026-04-21 16:30:00,IBIT,CRYPTO,BUY,65.89454527437778,42.5099983215332,False
2026-04-21 16:30:00,BTC-USD,CRYPTO,BUY,58.93667071445635,76352.7734375,False
2026-04-22 16:30:00,SPY,STOCK,BUY,78.54492863207146,711.2100219726562,False
2026-04-22 16:30:00,QQQ,STOCK,BUY,80.27252467431076,655.1099853515625,False
2026-04-22 16:30:00,IBIT,CRYPTO,BUY,69.870706271902,44.75,False
2026-04-22 16:30:00,BTC-USD,CRYPTO,BUY,62.673813758446094,78203.1015625,False
2026-04-23 16:30:00,SPY,STOCK,BUY,75.76268266853326,708.4500122070312,False
2026-04-23 16:30:00,QQQ,STOCK,BUY,77.16768564630063,651.4199829101562,False
2026-04-23 16:30:00,IBIT,CRYPTO,BUY,67.49804766126155,44.04999923706055,False
2026-04-23 16:30:00,BTC-USD,CRYPTO,BUY,61.093505603776386,78268.953125,False
2026-04-24 16:30:00,SPY,STOCK,BUY,73.21211726337138,713.9400024414062,False
2026-04-24 16:30:00,QQQ,STOCK,BUY,76.14056529486734,663.8800048828125,False
2026-04-24 16:30:00,IBIT,CRYPTO,BUY,66.45284975833108,44.02000045776367,False
2026-04-24 16:30:00,BTC-USD,CRYPTO,BUY,57.73942925614183,77455.3125,False
2026-04-25 16:30:00,BTC-USD,CRYPTO,BUY,58.41079491299635,77612.015625,False
2026-04-26 16:30:00,BTC-USD,CRYPTO,BUY,61.96979611889171,78657.5390625,False
2026-04-27 16:30:00,SPY,STOCK,BUY,74.40567776603133,715.1699829101562,False
2026-04-27 16:30:00,QQQ,STOCK,BUY,77.19798912185385,664.22998046875,False
2026-04-27 16:30:00,IBIT,CRYPTO,BUY,60.99701666047574,43.560001373291016,False
2026-04-27 16:30:00,BTC-USD,CRYPTO,HOLD,54.97893435300914,77366.625,True
2026-04-28 16:30:00,SPY,STOCK,BUY,69.16368171436324,711.6900024414062,False
2026-04-28 16:30:00,QQQ,STOCK,BUY,71.12573360145197,657.5499877929688,False
2026-04-28 16:30:00,IBIT,CRYPTO,BUY,58.889158778194776,43.27000045776367,False
2026-04-28 16:30:00,BTC-USD,CRYPTO,HOLD,54.4524758719745,76350.671875,False
2026-04-29 16:30:00,SPY,STOCK,BUY,65.23228173144896,711.5800170898438,False
2026-04-29 16:30:00,QQQ,STOCK,BUY,68.21296385687033,661.5700073242188,False
2026-04-29 16:30:00,IBIT,CRYPTO,BUY,57.19421120675104,42.75,False
2026-04-29 16:30:00,BTC-USD,CRYPTO,HOLD,50.93564719417341,75776.1328125,False
2026-04-30 16:30:00,SPY,STOCK,BUY,67.92754034369538,718.6599731445312,False
2026-04-30 16:30:00,QQQ,STOCK,BUY,70.10349359617436,667.739990234375,False
2026-04-30 16:30:00,IBIT,CRYPTO,BUY,57.97789813474262,43.31999969482422,False
2026-04-30 16:30:00,BTC-USD,CRYPTO,HOLD,50.8808750011163,76304.3203125,False
2026-05-01 16:30:00,SPY,STOCK,BUY,71.15458868433329,720.6500244140625,False
2026-05-01 16:30:00,QQQ,STOCK,BUY,73.69090727593343,674.1500244140625,False
2026-05-01 16:30:00,IBIT,CRYPTO,BUY,58.99898529090751,44.470001220703125,False
2026-05-01 16:30:00,BTC-USD,CRYPTO,HOLD,52.541093523378976,78179.0,False
2026-05-02 16:30:00,BTC-USD,CRYPTO,HOLD,54.50025767221054,78657.25,False
2026-05-03 16:30:00,BTC-USD,CRYPTO,HOLD,53.94153812298562,78538.2265625,False
2026-05-04 16:30:00,SPY,STOCK,BUY,64.09470540319694,718.010009765625,False
2026-05-04 16:30:00,QQQ,STOCK,BUY,67.74377102421596,672.8800048828125,False
2026-05-04 16:30:00,IBIT,CRYPTO,BUY,59.10745175217315,45.400001525878906,False
2026-05-04 16:30:00,BTC-USD,CRYPTO,BUY,57.78436496805584,79827.90625,True
2026-05-05 16:30:00,SPY,STOCK,BUY,70.17506239143074,723.77001953125,False
2026-05-05 16:30:00,QQQ,STOCK,BUY,74.47813121196755,681.6099853515625,False
2026-05-05 16:30:00,IBIT,CRYPTO,BUY,60.89153815473093,46.279998779296875,False
2026-05-05 16:30:00,BTC-USD,CRYPTO,BUY,59.85197335241995,80927.0546875,False
2026-05-06 16:30:00,SPY,STOCK,BUY,75.67864418310378,733.8300170898438,False
2026-05-06 16:30:00,QQQ,STOCK,BUY,79.8426890908695,695.77001953125,False
2026-05-06 16:30:00,IBIT,CRYPTO,BUY,60.648894218678414,46.189998626708984,False
2026-05-06 16:30:00,BTC-USD,CRYPTO,BUY,59.982063104720424,81427.53125,False
2026-05-07 16:30:00,SPY,STOCK,BUY,68.52226044082049,731.5800170898438,False
2026-05-07 16:30:00,QQQ,STOCK,BUY,74.02829482358544,694.9400024414062,False
2026-05-07 16:30:00,IBIT,CRYPTO,BUY,57.1392137944348,45.400001525878906,False
2026-05-07 16:30:00,BTC-USD,CRYPTO,BUY,55.78391406046479,80009.9921875,False
2026-05-08 16:30:00,SPY,STOCK,BUY,70.39563886498107,737.6199951171875,False
2026-05-08 16:30:00,QQQ,STOCK,BUY,76.93513162975697,711.22998046875,False
2026-05-08 16:30:00,IBIT,CRYPTO,BUY,61.651531647200414,45.45000076293945,False
2026-05-08 16:30:00,BTC-USD,CRYPTO,BUY,57.561770880177136,80186.765625,False
2026-05-09 16:30:00,BTC-USD,CRYPTO,BUY,57.779133244338475,80664.3671875,False
2026-05-10 16:30:00,BTC-USD,CRYPTO,BUY,59.196874071858126,82138.9296875,False
2026-05-11 16:30:00,SPY,STOCK,BUY,71.2337618919756,739.2999877929688,False
2026-05-11 16:30:00,QQQ,STOCK,BUY,77.14653822026415,713.2899780273438,False
2026-05-11 16:30:00,IBIT,CRYPTO,BUY,60.981939534045594,46.470001220703125,False
2026-05-11 16:30:00,BTC-USD,CRYPTO,BUY,59.741575151991675,81728.296875,False
2026-05-12 16:30:00,SPY,STOCK,BUY,68.39123978329286,738.1799926757812,False
2026-05-12 16:30:00,QQQ,STOCK,BUY,72.54894512854207,707.239990234375,False
2026-05-12 16:30:00,IBIT,CRYPTO,BUY,57.129033714212554,45.79999923706055,False
2026-05-12 16:30:00,BTC-USD,CRYPTO,BUY,56.84829866335494,80477.4921875,False
2026-05-13 16:30:00,SPY,STOCK,BUY,67.92743558293314,742.3099975585938,False
2026-05-13 16:30:00,QQQ,STOCK,BUY,72.06284491360384,714.7100219726562,False
2026-05-13 16:30:00,IBIT,CRYPTO,BUY,55.63177945879116,45.119998931884766,False
2026-05-13 16:30:00,BTC-USD,CRYPTO,BUY,55.63544471255094,79277.1171875,False
2026-05-14 16:30:00,SPY,STOCK,BUY,70.0690645229887,748.1699829101562,False
2026-05-14 16:30:00,QQQ,STOCK,BUY,73.2309977697583,719.7899780273438,False
2026-05-14 16:30:00,IBIT,CRYPTO,BUY,57.1033115058743,46.16999816894531,False
2026-05-14 16:30:00,BTC-USD,CRYPTO,BUY,57.56820245706599,81051.25,False
2026-05-15 16:30:00,SPY,STOCK,BUY,59.00285145500428,739.1699829101562,False
2026-05-15 16:30:00,QQQ,STOCK,BUY,61.98864420592728,708.9299926757812,False
2026-05-15 16:30:00,IBIT,CRYPTO,BUY,55.61682442216549,44.81999969482422,False
2026-05-15 16:30:00,BTC-USD,CRYPTO,BUY,57.14339141509035,79065.6796875,False
2026-05-16 16:30:00,BTC-USD,CRYPTO,HOLD,53.62350643638787,78131.4375,True
2026-05-17 16:30:00,BTC-USD,CRYPTO,HOLD,49.99296005782688,77429.3515625,False
2026-05-18 16:30:00,SPY,STOCK,BUY,59.26190827717591,738.6500244140625,False
2026-05-18 16:30:00,QQQ,STOCK,BUY,61.51740941999045,705.8800048828125,False
2026-05-18 16:30:00,IBIT,CRYPTO,BUY,55.32423009942913,43.529998779296875,False
2026-05-18 16:30:00,BTC-USD,CRYPTO,HOLD,46.50231542006089,76954.171875,False
2026-05-19 16:30:00,SPY,STOCK,HOLD,52.802673326966435,733.72998046875,True
2026-05-19 16:30:00,QQQ,STOCK,HOLD,55.727508892405716,701.530029296875,True
2026-05-19 16:30:00,IBIT,CRYPTO,BUY,55.727089211196116,43.5,False
2026-05-19 16:30:00,BTC-USD,CRYPTO,HOLD,44.35455781751014,76750.90625,False
2026-05-20 16:30:00,SPY,STOCK,HOLD,53.306649304336425,741.25,False
2026-05-20 16:30:00,QQQ,STOCK,HOLD,56.27736596087251,713.1500244140625,False
2026-05-20 16:30:00,IBIT,CRYPTO,BUY,55.307959695122555,43.9900016784668,False
2026-05-20 16:30:00,BTC-USD,CRYPTO,HOLD,45.04879812273848,77457.7734375,False
2026-05-21 16:30:00,SPY,STOCK,HOLD,57.2343762153192,742.719970703125,False
2026-05-21 16:30:00,QQQ,STOCK,BUY,60.05389149038802,714.510009765625,True
2026-05-21 16:30:00,IBIT,CRYPTO,HOLD,55.69219362048187,44.0,True
2026-05-21 16:30:00,BTC-USD,CRYPTO,HOLD,45.39981510684559,77539.171875,False
2026-05-22 16:30:00,SPY,STOCK,BUY,62.43514455764238,745.6400146484375,True
2026-05-22 16:30:00,QQQ,STOCK,BUY,64.17826263591719,717.5399780273438,False
2026-05-22 16:30:00,IBIT,CRYPTO,HOLD,53.577814140709286,42.959999084472656,False
2026-05-22 16:30:00,BTC-USD,CRYPTO,SELL,36.305275095438404,75488.2421875,True
2026-05-23 16:30:00,BTC-USD,CRYPTO,HOLD,42.60250785092512,76673.3671875,True
2026-05-24 16:30:00,BTC-USD,CRYPTO,HOLD,43.58294299939858,76981.125,False
2026-05-25 16:30:00,BTC-USD,CRYPTO,HOLD,46.300401707284884,77279.9296875,False
2026-05-26 16:30:00,SPY,STOCK,BUY,67.8174049646093,750.5900268554688,False
2026-05-26 16:30:00,QQQ,STOCK,BUY,71.0700573309647,730.280029296875,False
2026-05-26 16:30:00,IBIT,CRYPTO,HOLD,49.306241224551194,42.9900016784668,False
2026-05-26 16:30:00,BTC-USD,CRYPTO,HOLD,41.078052857108084,75825.734375,False
2026-05-27 16:30:00,SPY,STOCK,BUY,68.16486377475562,750.4600219726562,False
2026-05-27 16:30:00,QQQ,STOCK,BUY,71.18714106210021,729.4500122070312,False
2026-05-27 16:30:00,IBIT,CRYPTO,HOLD,48.33785163637262,42.45000076293945,False
2026-05-27 16:30:00,BTC-USD,CRYPTO,SELL,36.79955217261517,74344.703125,True
2026-05-28 16:30:00,SPY,STOCK,BUY,68.11738588078575,754.5999755859375,False
2026-05-28 16:30:00,QQQ,STOCK,BUY,70.34613843122642,735.5999755859375,False
2026-05-28 16:30:00,IBIT,CRYPTO,HOLD,43.76113401758461,41.560001373291016,False
2026-05-28 16:30:00,BTC-USD,CRYPTO,SELL,35.53612486323209,73536.5546875,False
2026-05-29 16:30:00,SPY,STOCK,BUY,67.07408127322469,756.47998046875,False
2026-05-29 16:30:00,QQQ,STOCK,BUY,69.27832594164475,738.3099975585938,False
2026-05-29 16:30:00,IBIT,CRYPTO,HOLD,45.402083376207116,41.630001068115234,False
2026-05-29 16:30:00,BTC-USD,CRYPTO,SELL,39.62004904689272,73372.5234375,False
2026-05-30 16:30:00,BTC-USD,CRYPTO,HOLD,40.59210804745468,73754.8359375,True
2026-05-31 16:30:00,BTC-USD,CRYPTO,HOLD,41.057140002648204,73579.6875,False
2026-06-01 16:30:00,SPY,STOCK,BUY,62.60368628282751,758.5399780273438,False
2026-06-01 16:30:00,QQQ,STOCK,BUY,65.0316193548351,742.739990234375,False
2026-06-01 16:30:00,IBIT,CRYPTO,HOLD,40.3134282466254,40.4900016784668,False
2026-06-01 16:30:00,BTC-USD,CRYPTO,SELL,33.59665949845262,71319.7734375,True
2026-06-02 16:30:00,SPY,STOCK,BUY,62.414911231855925,759.5700073242188,False
2026-06-02 16:30:00,QQQ,STOCK,BUY,64.7785542531757,746.1599731445312,False
2026-06-02 16:30:00,IBIT,CRYPTO,SELL,32.76538771362507,38.04999923706055,True
2026-06-02 16:30:00,BTC-USD,CRYPTO,SELL,15.7099999120774,66703.65625,False
2026-06-03 16:30:00,SPY,STOCK,BUY,58.70875015639362,754.239990234375,False
2026-06-03 16:30:00,QQQ,STOCK,BUY,63.01266923103739,744.2100219726562,False
2026-06-03 16:30:00,IBIT,CRYPTO,SELL,31.76968424924272,37.0,False
2026-06-03 16:30:00,BTC-USD,CRYPTO,SELL,14.594327350245807,64014.3671875,False
2026-06-04 16:30:00,SPY,STOCK,HOLD,57.79746018173026,757.0900268554688,True
2026-06-04 16:30:00,QQQ,STOCK,BUY,60.11181044272616,740.6099853515625,False
2026-06-04 16:30:00,IBIT,CRYPTO,SELL,29.984129632634268,36.02000045776367,False
2026-06-04 16:30:00,BTC-USD,CRYPTO,SELL,14.87670116377835,63801.57421875,False
2026-06-05 16:30:00,SPY,STOCK,SELL,41.60141108491533,737.5499877929688,True
2026-06-05 16:30:00,QQQ,STOCK,SELL,40.54145286561625,705.0599975585938,True
2026-06-05 16:30:00,IBIT,CRYPTO,SELL,27.439085331910693,34.13999938964844,False
2026-06-05 16:30:00,BTC-USD,CRYPTO,SELL,11.09480840014362,60922.66796875,False
2026-06-06 16:30:00,BTC-USD,CRYPTO,SELL,11.108434301566806,60867.4140625,False
2026-06-07 16:30:00,BTC-USD,CRYPTO,SELL,16.187421883674684,63239.51953125,False
2026-06-08 16:30:00,SPY,STOCK,HOLD,47.11818823154773,739.219970703125,True
2026-06-08 16:30:00,QQQ,STOCK,HOLD,47.835877011424785,716.0700073242188,True
2026-06-08 16:30:00,IBIT,CRYPTO,SELL,30.1323178824426,35.88999938964844,False
2026-06-08 16:30:00,BTC-USD,CRYPTO,SELL,18.58580314057012,63090.58984375,False
2026-06-09 16:30:00,SPY,STOCK,SELL,35.26425713410337,737.0499877929688,True
2026-06-09 16:30:00,QQQ,STOCK,SELL,34.204541109953816,707.8300170898438,True
2026-06-09 16:30:00,IBIT,CRYPTO,SELL,28.81635194698175,35.13999938964844,False
2026-06-09 16:30:00,BTC-USD,CRYPTO,SELL,20.60948548914002,61643.78125,False
2026-06-10 16:30:00,SPY,STOCK,SELL,28.438651903003663,725.4299926757812,False
2026-06-10 16:30:00,QQQ,STOCK,SELL,28.82259691865645,693.6900024414062,False
2026-06-10 16:30:00,IBIT,CRYPTO,SELL,28.772339641678315,35.08000183105469,False
2026-06-10 16:30:00,BTC-USD,CRYPTO,SELL,22.547350290587588,61449.2890625,False
2026-06-11 16:30:00,BTC-USD,CRYPTO,SELL,25.697315636250913,62908.6015625,False
