report_date_as_yyyy_mm_dd,SP500_Max,NASDAQ_Max,USTBOND_Min,USTBOND_Max,10Y_Max,spy_z_composite,qqq_z_composite,composite_z_score,relative_strength,spy_smi_expanding,spy_smi_rolling,qqq_smi_expanding,qqq_smi_rolling,composite_smi_expanding,composite_smi_rolling,SP500_Max_lagged,NASDAQ_Max_lagged,USTBOND_Min_lagged,USTBOND_Max_lagged,10Y_Max_lagged,spy_z_composite_lagged,qqq_z_composite_lagged,composite_z_score_lagged,relative_strength_lagged,spy_smi_expanding_lagged,spy_smi_rolling_lagged,qqq_smi_expanding_lagged,qqq_smi_rolling_lagged,composite_smi_expanding_lagged,composite_smi_rolling_lagged
2010-06-15T00:00:00.000,,,-1.8823777422167827,-0.22346801012943696,-0.23098279546816694,,,,,,,,,,,,,,,,,,,,,,,,,
2010-06-22T00:00:00.000,,,-1.8823777422167827,-0.6477794737669289,-0.18614043400992072,,,,,,,,,,,,,-1.8823777422167827,-0.22346801012943696,-0.23098279546816694,,,,,,,,,,
2010-06-29T00:00:00.000,,,-1.8823777422167827,-0.6477794737669289,-0.18614043400992072,,,,,,,,,,,,,-1.8823777422167827,-0.6477794737669289,-0.18614043400992072,,,,,,,,,,
2010-07-06T00:00:00.000,,,-1.8823777422167827,-0.6477794737669289,-0.18614043400992072,,,,,,,,,,,,,-1.8823777422167827,-0.6477794737669289,-0.18614043400992072,,,,,,,,,,
2010-07-13T00:00:00.000,,,-1.8823777422167827,-0.8377122656005422,-0.18614043400992072,,,,,,,,,,,,,-1.8823777422167827,-0.6477794737669289,-0.18614043400992072,,,,,,,,,,
2010-07-20T00:00:00.000,,,-1.5512716411117116,-0.8377122656005422,-0.18614043400992072,,,,,,,,,,,,,-1.8823777422167827,-0.8377122656005422,-0.18614043400992072,,,,,,,,,,
2010-07-27T00:00:00.000,,,-1.5512716411117116,-0.8377122656005422,-0.18614043400992072,,,,,,,,,,,,,-1.5512716411117116,-0.8377122656005422,-0.18614043400992072,,,,,,,,,,
2010-08-03T00:00:00.000,,,-1.7541943829966675,-0.8377122656005422,-0.18614043400992072,,,,,,,,,,,,,-1.5512716411117116,-0.8377122656005422,-0.18614043400992072,,,,,,,,,,
2010-08-10T00:00:00.000,,,-1.7541943829966675,-0.8377122656005422,-0.3870857061612974,,,,,,,,,,,,,-1.7541943829966675,-0.8377122656005422,-0.18614043400992072,,,,,,,,,,
2010-08-17T00:00:00.000,,,-1.7541943829966675,-0.9516894625148936,-0.3870857061612974,,,,,,,,,,,,,-1.7541943829966675,-0.8377122656005422,-0.3870857061612974,,,,,,,,,,
2010-08-24T00:00:00.000,,,-1.7541943829966675,-0.8705176226757881,-0.3870857061612974,,,,,,,,,,,,,-1.7541943829966675,-0.9516894625148936,-0.3870857061612974,,,,,,,,,,
2010-08-31T00:00:00.000,,,-1.7541943829966675,-0.8705176226757881,-0.4068328445800636,,,,,,,,,,,,,-1.7541943829966675,-0.8705176226757881,-0.3870857061612974,,,,,,,,,,
2010-09-07T00:00:00.000,,,-1.7541943829966675,-0.8705176226757881,0.21764373100382153,,,,,,,,,,,,,-1.7541943829966675,-0.8705176226757881,-0.4068328445800636,,,,,,,,,,
2010-09-14T00:00:00.000,,,-1.7541943829966675,-0.8705176226757881,0.21764373100382153,,,,,,,,,,,,,-1.7541943829966675,-0.8705176226757881,0.21764373100382153,,,,,,,,,,
2010-09-21T00:00:00.000,,,-1.6560675175370028,-0.8705176226757881,0.21764373100382153,,,,,,,,,,,,,-1.7541943829966675,-0.8705176226757881,0.21764373100382153,,,,,,,,,,
2010-09-28T00:00:00.000,,,-1.6444953627038872,-0.8705176226757881,0.21764373100382153,,,,,,,,,,,,,-1.6560675175370028,-0.8705176226757881,0.21764373100382153,,,,,,,,,,
2010-10-05T00:00:00.000,,,-1.4488592221112853,-0.8705176226757881,0.21764373100382153,,,,,,,,,,,,,-1.6444953627038872,-0.8705176226757881,0.21764373100382153,,,,,,,,,,
2010-10-12T00:00:00.000,,,-1.4488592221112853,-0.8841812580544078,0.21764373100382153,,,,,,,,,,,,,-1.4488592221112853,-0.8705176226757881,0.21764373100382153,,,,,,,,,,
2010-10-19T00:00:00.000,,,-1.4488592221112853,-0.7242391040835057,0.21764373100382153,,,,,,,,,,,,,-1.4488592221112853,-0.8841812580544078,0.21764373100382153,,,,,,,,,,
2010-10-26T00:00:00.000,,,-1.4488592221112853,-0.4056387800113763,-0.11727012127282983,,,,,,,,,,,,,-1.4488592221112853,-0.7242391040835057,0.21764373100382153,,,,,,,,,,
2010-11-02T00:00:00.000,,,-1.4488592221112853,-0.3843591443590973,-0.04398617994525544,,,,,,,,,,,,,-1.4488592221112853,-0.4056387800113763,-0.11727012127282983,,,,,,,,,,
2010-11-09T00:00:00.000,,,-1.1980797755309718,0.20806751865254677,-0.04398617994525544,,,,,,,,,,,,,-1.4488592221112853,-0.3843591443590973,-0.04398617994525544,,,,,,,,,,
2010-11-16T00:00:00.000,,,-1.1980797755309718,0.20806751865254677,0.5846148605887683,,,,,,,,,,,,,-1.1980797755309718,0.20806751865254677,-0.04398617994525544,,,,,,,,,,
2010-11-23T00:00:00.000,,,-1.1395538975174457,0.35584561748310445,0.638321161735558,,,,,,,,,,,,,-1.1980797755309718,0.20806751865254677,0.5846148605887683,,,,,,,,,,
2010-11-30T00:00:00.000,,,-0.7242391040835057,0.35584561748310445,0.638321161735558,,,,,,,,,,,,,-1.1395538975174457,0.35584561748310445,0.638321161735558,,,,,,,,,,
2010-12-07T00:00:00.000,,,-0.4056387800113763,0.9807306102270422,1.3219641982591601,,,,,,,,,,,,,-0.7242391040835057,0.35584561748310445,0.638321161735558,,,,,,,,,,
2010-12-14T00:00:00.000,,,-0.3843591443590973,0.9807306102270422,1.3219641982591601,,,,,,,,,,,,,-0.4056387800113763,0.9807306102270422,1.3219641982591601,,,,,,,,,,
2010-12-21T00:00:00.000,,,0.02763327730630546,1.2023249881326703,1.3219641982591601,,,,,,,,,,,,,-0.3843591443590973,0.9807306102270422,1.3219641982591601,,,,,,,,,,
2010-12-28T00:00:00.000,,,0.02763327730630546,1.2023249881326703,1.3219641982591601,,,,,,,,,,,,,0.02763327730630546,1.2023249881326703,1.3219641982591601,,,,,,,,,,
2011-01-04T00:00:00.000,,,0.22216940879228708,1.4834207695713415,1.3219641982591601,,,,,,,,,,,,,0.02763327730630546,1.2023249881326703,1.3219641982591601,,,,,,,,,,
2011-01-11T00:00:00.000,,,0.22216940879228708,1.4834207695713415,1.66688672087005,,,,,,,,,,,,,0.22216940879228708,1.4834207695713415,1.3219641982591601,,,,,,,,,,
2011-01-18T00:00:00.000,,,0.5945056467801221,1.4834207695713415,1.7819759965199675,,,,,,,,,,,,,0.22216940879228708,1.4834207695713415,1.66688672087005,,,,,,,,,,
2011-01-25T00:00:00.000,,,0.4616249387472241,1.4834207695713415,1.9910070654607641,,,,,,,,,,,,,0.5945056467801221,1.4834207695713415,1.7819759965199675,,,,,,,,,,
2011-02-01T00:00:00.000,,,0.4616249387472241,1.4834207695713415,1.9910070654607641,,,,,,,,,,,,,0.4616249387472241,1.4834207695713415,1.9910070654607641,,,,,,,,,,
2011-02-08T00:00:00.000,,,0.4616249387472241,1.4834207695713415,1.9910070654607641,,,,,,,,,,,,,0.4616249387472241,1.4834207695713415,1.9910070654607641,,,,,,,,,,
2011-02-15T00:00:00.000,,,0.4616249387472241,1.4951948263570094,1.9910070654607641,,,,,,,,,,,,,0.4616249387472241,1.4834207695713415,1.9910070654607641,,,,,,,,,,
2011-02-22T00:00:00.000,,,0.3698010888273589,1.4951948263570094,2.109255806091572,,,,,,,,,,,,,0.4616249387472241,1.4951948263570094,1.9910070654607641,,,,,,,,,,
2011-03-01T00:00:00.000,,,0.3698010888273589,1.4951948263570094,2.109255806091572,,,,,,,,,,,,,0.3698010888273589,1.4951948263570094,2.109255806091572,,,,,,,,,,
2011-03-08T00:00:00.000,,,0.3698010888273589,1.4951948263570094,2.5379693722884595,,,,,,,,,,,,,0.3698010888273589,1.4951948263570094,2.109255806091572,,,,,,,,,,
2011-03-15T00:00:00.000,,,0.3698010888273589,1.4951948263570094,2.5379693722884595,,,,,,,,,,,,,0.3698010888273589,1.4951948263570094,2.5379693722884595,,,,,,,,,,
2011-03-22T00:00:00.000,,,0.3698010888273589,1.4951948263570094,2.5379693722884595,,,,,,,,,,,,,0.3698010888273589,1.4951948263570094,2.5379693722884595,,,,,,,,,,
2011-03-29T00:00:00.000,,,0.3698010888273589,1.4951948263570094,2.5379693722884595,,,,,,,,,,,,,0.3698010888273589,1.4951948263570094,2.5379693722884595,,,,,,,,,,
2011-04-05T00:00:00.000,,,0.3698010888273589,1.7578919779206748,2.788809762570618,,,,,,,,,,,,,0.3698010888273589,1.4951948263570094,2.5379693722884595,,,,,,,,,,
2011-04-12T00:00:00.000,,,0.8165119501187482,1.7578919779206748,2.788809762570618,,,,,,,,,,,,,0.3698010888273589,1.7578919779206748,2.788809762570618,,,,,,,,,,
2011-04-19T00:00:00.000,,,0.8165119501187482,1.7578919779206748,2.788809762570618,,,,,,,,,,,,,0.8165119501187482,1.7578919779206748,2.788809762570618,,,,,,,,,,
2011-04-26T00:00:00.000,,,0.21993737882389663,1.7578919779206748,2.788809762570618,,,,,,,,,,,,,0.8165119501187482,1.7578919779206748,2.788809762570618,,,,,,,,,,
2011-05-03T00:00:00.000,,,-0.18793814944974502,1.7578919779206748,2.788809762570618,,,,,,,,,,,,,0.21993737882389663,1.7578919779206748,2.788809762570618,,,,,,,,,,
2011-05-10T00:00:00.000,,,-0.48315327428451543,1.7578919779206748,2.788809762570618,,,,,,,,,,,,,-0.18793814944974502,1.7578919779206748,2.788809762570618,,,,,,,,,,
2011-05-17T00:00:00.000,,,-0.518000109181427,1.7578919779206748,2.788809762570618,,,,,,,,,,,,,-0.48315327428451543,1.7578919779206748,2.788809762570618,,,,,,,,,,
2011-05-24T00:00:00.000,,,-0.7582501911097449,1.3829960600621525,2.530215728029384,,,,,,,,,,,,,-0.518000109181427,1.7578919779206748,2.788809762570618,,,,,,,,,,
2011-05-31T00:00:00.000,,,-0.9256204806110894,1.3829960600621525,2.1966491480144255,,,,,,,,,,,,,-0.7582501911097449,1.3829960600621525,2.530215728029384,,,,,,,,,,
2011-06-07T00:00:00.000,,,-0.9500822220516959,0.21993737882389663,2.1534644229548245,,,,,,,,,,,,,-0.9256204806110894,1.3829960600621525,2.1966491480144255,,,,,,,,,,
2011-06-14T00:00:00.000,,,-0.9500822220516959,-0.18793814944974502,1.5442840083141267,,,,,,,,,,,,,-0.9500822220516959,0.21993737882389663,2.1534644229548245,,,,,,,,,,
2011-06-21T00:00:00.000,,,-1.240608512848202,-0.47799719074144764,0.3545550933959358,,,,,,,,,,,,,-0.9500822220516959,-0.18793814944974502,1.5442840083141267,,,,,,,,,,
2011-06-28T00:00:00.000,,,-1.240608512848202,-0.47799719074144764,0.13190391174082833,,,,,,,,,,,,,-1.240608512848202,-0.47799719074144764,0.3545550933959358,,,,,,,,,,
2011-07-05T00:00:00.000,,,-1.240608512848202,-0.18448862965534119,0.13190391174082833,,,,,,,,,,,,,-1.240608512848202,-0.47799719074144764,0.13190391174082833,,,,,,,,,,
2011-07-12T00:00:00.000,,,-1.240608512848202,0.21481926453722505,0.13190391174082833,,,,,,,,,,,,,-1.240608512848202,-0.18448862965534119,0.13190391174082833,,,,,,,,,,
2011-07-19T00:00:00.000,0.4493548459517321,1.294361689909189,-1.240608512848202,0.21481926453722505,0.13190391174082833,1.6070480060035375,2.452054849960994,2.0295514279822657,0.845006843957457,0.0,0.0,0.0,0.0,0.0,0.0,,,-1.240608512848202,0.21481926453722505,0.13190391174082833,,,,,,,,,,
2011-07-26T00:00:00.000,0.4493548459517321,1.294361689909189,-1.311952823981199,0.21481926453722505,0.13190391174082833,1.6783923171365345,2.5233991610939914,2.1008957391152627,0.845006843957457,0.0356721555664985,0.0356721555664985,0.03567215556649872,0.03567215556649872,0.035672155566498276,0.035672155566498276,0.4493548459517321,1.294361689909189,-1.240608512848202,0.21481926453722505,0.13190391174082833,1.6070480060035375,2.452054849960994,2.0295514279822657,0.845006843957457,0.0,0.0,0.0,0.0,0.0,0.0
2011-08-02T00:00:00.000,0.4493548459517321,1.294361689909189,-1.311952823981199,0.21481926453722505,0.13190391174082833,1.6783923171365345,2.5233991610939914,2.1008957391152627,0.845006843957457,0.0,0.0,0.0,0.0,0.0,0.0,0.4493548459517321,1.294361689909189,-1.311952823981199,0.21481926453722505,0.13190391174082833,1.6783923171365345,2.5233991610939914,2.1008957391152627,0.845006843957457,0.0356721555664985,0.0356721555664985,0.03567215556649872,0.03567215556649872,0.035672155566498276,0.035672155566498276
2011-08-09T00:00:00.000,1.7638473111834454,1.294361689909189,-1.311952823981199,0.21481926453722505,0.13190391174082833,2.9928847823682476,2.5233991610939914,2.7581419717311193,-0.4694856212742564,1.3144924652317131,1.3144924652317131,0.0,0.0,0.6572462326158566,0.6572462326158566,0.4493548459517321,1.294361689909189,-1.311952823981199,0.21481926453722505,0.13190391174082833,1.6783923171365345,2.5233991610939914,2.1008957391152627,0.845006843957457,0.0,0.0,0.0,0.0,0.0,0.0
2011-08-16T00:00:00.000,2.8711174607279926,2.3595449366783985,-1.311952823981199,0.21481926453722505,-0.15722530095715911,3.811025719214808,3.2994531951652135,3.5552394571900106,-0.5115725240495941,2.1326334020782736,2.1326334020782736,0.7760540340712221,0.7760540340712221,1.4543437180747478,1.4543437180747478,1.7638473111834454,1.294361689909189,-1.311952823981199,0.21481926453722505,0.13190391174082833,2.9928847823682476,2.5233991610939914,2.7581419717311193,-0.4694856212742564,1.3144924652317131,1.3144924652317131,0.0,0.0,0.6572462326158566,0.6572462326158566
2011-08-23T00:00:00.000,2.8711174607279926,2.3595449366783985,-1.311952823981199,0.21481926453722505,-0.4531003280343046,3.5151506921376625,3.003578168088068,3.259364430112865,-0.5115725240495941,1.1795121423852715,1.1795121423852715,0.48017900699407656,0.48017900699407656,0.8298455746896742,0.8298455746896742,2.8711174607279926,2.3595449366783985,-1.311952823981199,0.21481926453722505,-0.15722530095715911,3.811025719214808,3.2994531951652135,3.5552394571900106,-0.5115725240495941,2.1326334020782736,2.1326334020782736,0.7760540340712221,0.7760540340712221,1.4543437180747478,1.4543437180747478
2011-08-30T00:00:00.000,2.8711174607279926,2.6105277549195267,-1.311952823981199,0.0071670883520621315,-0.4531003280343046,3.7228028683228254,3.462213162514359,3.5925080154185918,-0.26058970580846585,0.7299180859545777,0.7299180859545777,0.9388140014203676,0.9388140014203676,0.8343660436874725,0.8343660436874725,2.8711174607279926,2.3595449366783985,-1.311952823981199,0.21481926453722505,-0.4531003280343046,3.5151506921376625,3.003578168088068,3.259364430112865,-0.5115725240495941,1.1795121423852715,1.1795121423852715,0.48017900699407656,0.48017900699407656,0.8298455746896742,0.8298455746896742
2011-09-06T00:00:00.000,2.8711174607279926,2.6105277549195267,-1.311952823981199,0.0071670883520621315,-0.4531003280343046,3.7228028683228254,3.462213162514359,3.5925080154185918,-0.26058970580846585,0.4687851310698705,0.4687851310698705,0.6987244979233291,0.6987244979233291,0.5837548144965994,0.5837548144965994,2.8711174607279926,2.6105277549195267,-1.311952823981199,0.0071670883520621315,-0.4531003280343046,3.7228028683228254,3.462213162514359,3.5925080154185918,-0.26058970580846585,0.7299180859545777,0.7299180859545777,0.9388140014203676,0.9388140014203676,0.8343660436874725,0.8343660436874725
2011-09-13T00:00:00.000,3.000852639095657,2.6105277549195267,-0.9971070454368614,0.0071670883520621315,-0.4531003280343046,3.537692268146152,3.1473673839700216,3.3425298260580862,-0.3903248841761302,0.022541576008489272,0.022541576008489272,0.1437892158819536,0.1437892158819536,0.08316539594522121,0.08316539594522121,2.8711174607279926,2.6105277549195267,-1.311952823981199,0.0071670883520621315,-0.4531003280343046,3.7228028683228254,3.462213162514359,3.5925080154185918,-0.26058970580846585,0.4687851310698705,0.4687851310698705,0.6987244979233291,0.6987244979233291,0.5837548144965994,0.5837548144965994
2011-09-20T00:00:00.000,3.000852639095657,2.6105277549195267,-0.9971070454368614,0.0071670883520621315,-0.4531003280343046,3.537692268146152,3.1473673839700216,3.3425298260580862,-0.3903248841761302,0.011270788004244636,0.011270788004244636,0.07189460794097657,0.07189460794097657,0.04158269797261083,0.04158269797261083,3.000852639095657,2.6105277549195267,-0.9971070454368614,0.0071670883520621315,-0.4531003280343046,3.537692268146152,3.1473673839700216,3.3425298260580862,-0.3903248841761302,0.022541576008489272,0.022541576008489272,0.1437892158819536,0.1437892158819536,0.08316539594522121,0.08316539594522121
2011-09-27T00:00:00.000,3.000852639095657,2.6105277549195267,-0.9971070454368614,-0.46464811350630175,-0.5581623712090771,3.904445426829743,3.514120542653613,3.7092829847416775,-0.3903248841761302,0.36675315868359126,0.36675315868359126,0.36675315868359126,0.36675315868359126,0.36675315868359126,0.36675315868359126,3.000852639095657,2.6105277549195267,-0.9971070454368614,0.0071670883520621315,-0.4531003280343046,3.537692268146152,3.1473673839700216,3.3425298260580862,-0.3903248841761302,0.011270788004244636,0.011270788004244636,0.07189460794097657,0.07189460794097657,0.04158269797261083,0.04158269797261083
2011-10-04T00:00:00.000,3.000852639095657,2.6105277549195267,-0.9971070454368614,-0.007085340113675932,-0.5581623712090771,3.4468826534371173,3.056557769260987,3.2517202113490518,-0.3903248841761302,-0.07953882670478984,-0.07953882670478984,-0.04540480735451702,-0.04540480735451702,-0.049226916736423654,-0.049226916736423654,3.000852639095657,2.6105277549195267,-0.9971070454368614,-0.46464811350630175,-0.5581623712090771,3.904445426829743,3.514120542653613,3.7092829847416775,-0.3903248841761302,0.36675315868359126,0.36675315868359126,0.36675315868359126,0.36675315868359126,0.36675315868359126,0.36675315868359126
2011-10-11T00:00:00.000,3.000852639095657,2.6105277549195267,-0.9971070454368614,-0.007085340113675932,-0.2796134041668598,3.7254316204793345,3.3351067363032043,3.530269178391269,-0.3903248841761302,0.18773935233318273,0.18773935233318273,0.18773935233318273,0.18773935233318273,0.18773935233318273,0.18773935233318273,3.000852639095657,2.6105277549195267,-0.9971070454368614,-0.007085340113675932,-0.5581623712090771,3.4468826534371173,3.056557769260987,3.2517202113490518,-0.3903248841761302,-0.07953882670478984,-0.07953882670478984,-0.04540480735451702,-0.04540480735451702,-0.049226916736423654,-0.049226916736423654
2011-10-18T00:00:00.000,3.000852639095657,2.1168869425972074,-0.9971070454368614,-0.007085340113675932,-0.2796134041668598,3.7254316204793345,2.8414659239808846,3.2834487722301096,-0.8839656964984495,0.18773935233318273,0.18773935233318273,-0.2604966526346195,-0.2604966526346195,-0.02954052691398834,-0.02954052691398834,3.000852639095657,2.6105277549195267,-0.9971070454368614,-0.007085340113675932,-0.2796134041668598,3.7254316204793345,3.3351067363032043,3.530269178391269,-0.3903248841761302,0.18773935233318273,0.18773935233318273,0.18773935233318273,0.18773935233318273,0.18773935233318273,0.18773935233318273
2011-10-25T00:00:00.000,3.000852639095657,2.094494674438864,-1.1885859162330596,-0.007085340113675932,-0.028249924463099693,4.168273970979293,3.2619160063225,3.715094988650897,-0.906357964656793,0.6305817028331409,0.6305817028331409,0.11454862235247854,0.11454862235247854,0.3725651625928106,0.3725651625928106,3.000852639095657,2.1168869425972074,-0.9971070454368614,-0.007085340113675932,-0.2796134041668598,3.7254316204793345,2.8414659239808846,3.2834487722301096,-0.8839656964984495,0.18773935233318273,0.18773935233318273,-0.2604966526346195,-0.2604966526346195,-0.02954052691398834,-0.02954052691398834
2011-11-01T00:00:00.000,2.8249556115763905,2.094494674438864,-1.1885859162330596,-0.007085340113675932,-0.028249924463099693,3.9923769434600267,3.2619160063225,3.627146474891263,-0.7304609371375266,0.3621293752255381,0.3621293752255381,0.11454862235247854,0.11454862235247854,0.2846166488331767,0.2846166488331767,3.000852639095657,2.094494674438864,-1.1885859162330596,-0.007085340113675932,-0.028249924463099693,4.168273970979293,3.2619160063225,3.715094988650897,-0.906357964656793,0.6305817028331409,0.6305817028331409,0.11454862235247854,0.11454862235247854,0.3725651625928106,0.3725651625928106
2011-11-08T00:00:00.000,2.7811261376048066,2.094494674438864,-1.1885859162330596,-0.007085340113675932,-0.028249924463099693,3.9485474694884424,3.2619160063225,3.6052317379054717,-0.6866314631659427,0.225744601165617,0.225744601165617,0.11454862235247854,0.11454862235247854,0.26270191184738545,0.26270191184738545,2.8249556115763905,2.094494674438864,-1.1885859162330596,-0.007085340113675932,-0.028249924463099693,3.9923769434600267,3.2619160063225,3.627146474891263,-0.7304609371375266,0.3621293752255381,0.3621293752255381,0.11454862235247854,0.11454862235247854,0.2846166488331767,0.2846166488331767
2011-11-15T00:00:00.000,2.330636921826053,1.6099037420853182,-1.1885859162330596,-0.007085340113675932,-0.028249924463099693,3.498058253709689,2.777325073968954,3.1376916638393215,-0.7207331797407348,-0.13218931452479943,-0.13218931452479943,-0.3700423100010677,-0.3700423100010677,-0.20483816221876472,-0.20483816221876472,2.7811261376048066,2.094494674438864,-1.1885859162330596,-0.007085340113675932,-0.028249924463099693,3.9485474694884424,3.2619160063225,3.6052317379054717,-0.6866314631659427,0.225744601165617,0.225744601165617,0.11454862235247854,0.11454862235247854,0.26270191184738545,0.26270191184738545
2011-11-22T00:00:00.000,2.330636921826053,1.498643284611236,-1.1885859162330596,-0.47858263688843117,-0.028249924463099693,3.9695555504844444,3.1375619132696273,3.553558731877036,-0.8319936372148169,0.24675268216161905,0.24675268216161905,-0.009805470700394281,-0.009805470700394281,0.21102890581894984,0.21102890581894984,2.330636921826053,1.6099037420853182,-1.1885859162330596,-0.007085340113675932,-0.028249924463099693,3.498058253709689,2.777325073968954,3.1376916638393215,-0.7207331797407348,-0.13218931452479943,-0.13218931452479943,-0.3700423100010677,-0.3700423100010677,-0.20483816221876472,-0.20483816221876472
2011-11-29T00:00:00.000,2.1744170927368462,1.0329646054288213,-1.1885859162330596,-0.6044425174147532,-0.028249924463099693,3.939195601921559,2.7977431146135343,3.368469358267547,-1.141452487308025,0.21639273359873368,0.21639273359873368,-0.34472153400629013,-0.34472153400629013,0.01296976610473033,0.01296976610473033,2.330636921826053,1.498643284611236,-1.1885859162330596,-0.47858263688843117,-0.028249924463099693,3.9695555504844444,3.1375619132696273,3.553558731877036,-0.8319936372148169,0.24675268216161905,0.24675268216161905,-0.009805470700394281,-0.009805470700394281,0.21102890581894984,0.21102890581894984
2011-12-06T00:00:00.000,1.7724448291088692,1.0329646054288213,-1.1885859162330596,-0.39055645747424905,-0.028249924463099693,3.323337278353078,2.58385705467303,2.9535971665130543,-0.739480223680048,-0.39946558996974746,-0.39946558996974746,-0.5537048585965971,-0.5537048585965971,-0.388932659545032,-0.388932659545032,2.1744170927368462,1.0329646054288213,-1.1885859162330596,-0.6044425174147532,-0.028249924463099693,3.939195601921559,2.7977431146135343,3.368469358267547,-1.141452487308025,0.21639273359873368,0.21639273359873368,-0.34472153400629013,-0.34472153400629013,0.01296976610473033,0.01296976610473033
2011-12-13T00:00:00.000,1.4210018584945971,1.3073980893847663,-1.0214502304835753,-0.39055645747424905,-0.698571387194323,2.134437159258099,2.0208333901482676,2.077635274703183,-0.11360376910983083,-1.4958104089763897,-1.4958104089763897,-1.0762264511170394,-1.0762264511170394,-1.264894551354903,-1.264894551354903,1.7724448291088692,1.0329646054288213,-1.1885859162330596,-0.39055645747424905,-0.028249924463099693,3.323337278353078,2.58385705467303,2.9535971665130543,-0.739480223680048,-0.39946558996974746,-0.39946558996974746,-0.5537048585965971,-0.5537048585965971,-0.388932659545032,-0.388932659545032
2011-12-20T00:00:00.000,1.4210018584945971,1.3073980893847663,-1.0214502304835753,-0.39055645747424905,-0.698571387194323,2.134437159258099,2.0208333901482676,2.077635274703183,-0.11360376910983083,-1.403255108888053,-1.403255108888053,-1.0357243791127195,-1.0357243791127195,-1.264894551354903,-1.264894551354903,1.4210018584945971,1.3073980893847663,-1.0214502304835753,-0.39055645747424905,-0.698571387194323,2.134437159258099,2.0208333901482676,2.077635274703183,-0.11360376910983083,-1.4958104089763897,-1.4958104089763897,-1.0762264511170394,-1.0762264511170394,-1.264894551354903,-1.264894551354903
2011-12-27T00:00:00.000,1.0857824770206859,1.3073980893847663,-1.0214502304835753,-0.39055645747424905,-0.5726542670286625,1.9251348979498477,2.146750510313928,2.0359427041318883,0.22161561236408045,-1.612557370196304,-1.612557370196304,-0.8833174583605996,-0.8833174583605996,-1.2770465950122096,-1.2770465950122096,1.4210018584945971,1.3073980893847663,-1.0214502304835753,-0.39055645747424905,-0.698571387194323,2.134437159258099,2.0208333901482676,2.077635274703183,-0.11360376910983083,-1.403255108888053,-1.403255108888053,-1.0357243791127195,-1.0357243791127195,-1.264894551354903,-1.264894551354903
2012-01-03T00:00:00.000,0.8545294950264679,1.3073980893847663,-1.0214502304835753,-0.39055645747424905,-0.5726542670286625,1.6938819159556298,2.146750510313928,1.9203162131347788,0.4528685943582984,-1.843810352190522,-1.843810352190522,-0.85682765777414,-0.85682765777414,-1.3631325590953307,-1.3631325590953307,1.0857824770206859,1.3073980893847663,-1.0214502304835753,-0.39055645747424905,-0.5726542670286625,1.9251348979498477,2.146750510313928,2.0359427041318883,0.22161561236408045,-1.612557370196304,-1.612557370196304,-0.8833174583605996,-0.8833174583605996,-1.2770465950122096,-1.2770465950122096
2012-01-10T00:00:00.000,0.8545294950264679,1.3073980893847663,-0.9498480416420819,-0.39055645747424905,-0.20491905617007247,1.9900149379727263,2.4428835323310247,2.2164492351518756,0.4528685943582984,-1.5364065421691808,-1.5364065421691808,-0.4796385137034518,-0.4796385137034518,-1.0549573660196119,-1.0549573660196119,0.8545294950264679,1.3073980893847663,-1.0214502304835753,-0.39055645747424905,-0.5726542670286625,1.6938819159556298,2.146750510313928,1.9203162131347788,0.4528685943582984,-1.843810352190522,-1.843810352190522,-0.85682765777414,-0.85682765777414,-1.3631325590953307,-1.3631325590953307
2012-01-17T00:00:00.000,0.7667919950666788,1.3073980893847663,-0.9560755651835272,-0.39055645747424905,0.0277132824206823,2.1411373001451377,2.6817433944632247,2.4114403473041808,0.5406060943180875,-1.3740133919925248,-1.3740133919925248,-0.15972252951765986,-0.15972252951765986,-0.8479240828086843,-0.8479240828086843,0.8545294950264679,1.3073980893847663,-0.9498480416420819,-0.39055645747424905,-0.20491905617007247,1.9900149379727263,2.4428835323310247,2.2164492351518756,0.4528685943582984,-1.5364065421691808,-1.5364065421691808,-0.4796385137034518,-0.4796385137034518,-1.0549573660196119,-1.0549573660196119
2012-01-24T00:00:00.000,0.6883667345295191,1.3073980893847663,-0.9560755651835272,-0.09209448083407029,1.4862733210886756,3.222810101635792,3.8418414564910393,3.5323257790634157,0.6190313548552472,-0.28379437128788343,-0.28379437128788343,0.9193194104565627,0.9193194104565627,0.2609191778919282,0.2609191778919282,0.7667919950666788,1.3073980893847663,-0.9560755651835272,-0.39055645747424905,0.0277132824206823,2.1411373001451377,2.6817433944632247,2.4114403473041808,0.5406060943180875,-1.3740133919925248,-1.3740133919925248,-0.15972252951765986,-0.15972252951765986,-0.8479240828086843,-0.8479240828086843
2012-01-31T00:00:00.000,0.42279238447729317,-0.48953372521644073,-0.9560755651835272,0.6266628910242483,1.4862733210886756,2.2384783797252474,1.3261522700315138,1.7823153248783807,-0.9123261096937338,-1.2595798739844417,-1.2595798739844417,-1.5153136539493708,-1.5153136539493708,-1.4770491052344843,-1.4770491052344843,0.6883667345295191,1.3073980893847663,-0.9560755651835272,-0.09209448083407029,1.4862733210886756,3.222810101635792,3.8418414564910393,3.5323257790634157,0.6190313548552472,-0.28379437128788343,-0.28379437128788343,0.9193194104565627,0.9193194104565627,0.2609191778919282,0.2609191778919282
2012-02-07T00:00:00.000,0.42279238447729317,-0.48423094814140366,-0.9560755651835272,0.7835087531921352,1.4862733210886756,2.0816325175573605,1.174609184938664,1.6281208512480123,-0.9070233326186968,-1.3908379360160428,-1.3908379360160428,-1.6449953343585457,-1.6449953343585457,-1.627421469482946,-1.627421469482946,0.42279238447729317,-0.48953372521644073,-0.9560755651835272,0.6266628910242483,1.4862733210886756,2.2384783797252474,1.3261522700315138,1.7823153248783807,-0.9123261096937338,-1.2595798739844417,-1.2595798739844417,-1.5153136539493708,-1.5153136539493708,-1.4770491052344843,-1.4770491052344843
2012-02-14T00:00:00.000,-0.06097659713034225,-0.06624030114208049,-0.9560755651835272,0.7835087531921352,1.4862733210886756,1.5978635359497253,1.5925998319379873,1.5952316839438563,-0.005263704011738236,-1.849019117487392,-1.849019117487392,-1.205143282675547,-1.205143282675547,-1.6564885274051955,-1.6564885274051955,0.42279238447729317,-0.48423094814140366,-0.9560755651835272,0.7835087531921352,1.4862733210886756,2.0816325175573605,1.174609184938664,1.6281208512480123,-0.9070233326186968,-1.3908379360160428,-1.3908379360160428,-1.6449953343585457,-1.6449953343585457,-1.627421469482946,-1.627421469482946
2012-02-21T00:00:00.000,-0.11695113919303085,0.1822774002375833,-0.9560755651835272,1.1216177584088913,1.4862733210886756,1.2037799886702807,1.5030085281008947,1.3533942583855878,0.2992285394306141,-2.181329977224817,-2.181329977224817,-1.2845255661903494,-1.2845255661903494,-1.8413116792085988,-1.8413116792085988,-0.06097659713034225,-0.06624030114208049,-0.9560755651835272,0.7835087531921352,1.4862733210886756,1.5978635359497253,1.5925998319379873,1.5952316839438563,-0.005263704011738236,-1.849019117487392,-1.849019117487392,-1.205143282675547,-1.205143282675547,-1.6564885274051955,-1.6564885274051955
2012-02-28T00:00:00.000,0.3466880551914515,0.30444783680957216,-0.9560755651835272,1.1216177584088913,1.4862733210886756,1.6674191830547629,1.6251789646728836,1.6462990738638232,-0.04224021838187936,-1.655918095298315,-1.655918095298315,-1.1521461092960703,-1.1521461092960703,-1.4913925899754983,-1.4913925899754983,-0.11695113919303085,0.1822774002375833,-0.9560755651835272,1.1216177584088913,1.4862733210886756,1.2037799886702807,1.5030085281008947,1.3533942583855878,0.2992285394306141,-2.181329977224817,-2.181329977224817,-1.2845255661903494,-1.2845255661903494,-1.8413116792085988,-1.8413116792085988
2012-03-06T00:00:00.000,0.3466880551914515,0.30444783680957216,-0.09209448083407029,1.1216177584088913,1.4862733210886756,0.803438098705306,0.7611978803234267,0.7823179895143664,-0.04224021838187936,-2.469635591289129,-2.469635591289129,-1.9683363538926626,-1.9683363538926626,-2.2633264256618215,-2.2633264256618215,0.3466880551914515,0.30444783680957216,-0.9560755651835272,1.1216177584088913,1.4862733210886756,1.6674191830547629,1.6251789646728836,1.6462990738638232,-0.04224021838187936,-1.655918095298315,-1.655918095298315,-1.1521461092960703,-1.1521461092960703,-1.4913925899754983,-1.4913925899754983
2012-03-13T00:00:00.000,0.45542973534808784,0.6661662036221616,-0.04902091211983231,1.2978071885245226,0.7966129634281166,0.003256422371514134,0.2139928906455879,0.10862465650855102,0.21073646827407377,-3.219553679264278,-3.219553679264278,-2.467750503817637,-2.467750503817637,-2.8449725100045034,-2.8449725100045034,0.3466880551914515,0.30444783680957216,-0.09209448083407029,1.1216177584088913,1.4862733210886756,0.803438098705306,0.7611978803234267,0.7823179895143664,-0.04224021838187936,-2.469635591289129,-2.469635591289129,-1.9683363538926626,-1.9683363538926626,-2.2633264256618215,-2.2633264256618215
2012-03-20T00:00:00.000,0.45542973534808784,1.9621345744988363,-0.04902091211983231,1.2978071885245226,1.1308744733499982,0.3375179322933958,1.8442227714441441,1.0908703518687701,1.5067048391507485,-2.770329509708624,-2.770329509708624,-0.7885774531239831,-0.7885774531239831,-1.7649992172533164,-1.7649992172533164,0.45542973534808784,0.6661662036221616,-0.04902091211983231,1.2978071885245226,0.7966129634281166,0.003256422371514134,0.2139928906455879,0.10862465650855102,0.21073646827407377,-3.219553679264278,-3.219553679264278,-2.467750503817637,-2.467750503817637,-2.8449725100045034,-2.8449725100045034
2012-03-27T00:00:00.000,0.45542973534808784,2.28907910633929,-0.04902091211983231,2.0144896430828623,1.6648975645551365,0.15485856894019434,1.9885079399313963,1.0716832544357955,1.833649370991202,-2.838026213428053,-2.838026213428053,-0.5953491147416339,-0.5953491147416339,-1.6864587172953238,-1.6864587172953238,0.45542973534808784,1.9621345744988363,-0.04902091211983231,1.2978071885245226,1.1308744733499982,0.3375179322933958,1.8442227714441441,1.0908703518687701,1.5067048391507485,-2.770329509708624,-2.770329509708624,-0.7885774531239831,-0.7885774531239831,-1.7649992172533164,-1.7649992172533164
2012-04-03T00:00:00.000,0.45542973534808784,2.406504467112436,-0.04902091211983231,2.0144896430828623,1.6834853149425268,0.1734463193275847,2.1245210510919326,1.1489836852097588,1.951074731764348,-2.442235261719163,-2.442235261719163,-0.42910705679157823,-0.42910705679157823,-1.435807474307891,-1.435807474307891,0.45542973534808784,2.28907910633929,-0.04902091211983231,2.0144896430828623,1.6648975645551365,0.15485856894019434,1.9885079399313963,1.0716832544357955,1.833649370991202,-2.838026213428053,-2.838026213428053,-0.5953491147416339,-0.5953491147416339,-1.6864587172953238,-1.6864587172953238
2012-04-10T00:00:00.000,0.45542973534808784,2.406504467112436,-0.04902091211983231,2.0144896430828623,1.6834853149425268,0.1734463193275847,2.1245210510919326,1.1489836852097588,1.951074731764348,-2.065032060397663,-2.065032060397663,-0.39887811000205886,-0.39887811000205886,-1.262456662094422,-1.262456662094422,0.45542973534808784,2.406504467112436,-0.04902091211983231,2.0144896430828623,1.6834853149425268,0.1734463193275847,2.1245210510919326,1.1489836852097588,1.951074731764348,-2.442235261719163,-2.442235261719163,-0.42910705679157823,-0.42910705679157823,-1.435807474307891,-1.435807474307891
2012-04-17T00:00:00.000,0.45542973534808784,2.406504467112436,0.4161108099234219,2.0144896430828623,1.6834853149425268,-0.2916854027156695,1.6593893290486785,0.6838519631665045,1.951074731764348,-2.481493242650862,-2.481493242650862,-0.8640098320453129,-0.8640098320453129,-1.6300928280615237,-1.6300928280615237,0.45542973534808784,2.406504467112436,-0.04902091211983231,2.0144896430828623,1.6834853149425268,0.1734463193275847,2.1245210510919326,1.1489836852097588,1.951074731764348,-2.065032060397663,-2.065032060397663,-0.39887811000205886,-0.39887811000205886,-1.262456662094422,-1.262456662094422
2012-04-24T00:00:00.000,0.45542973534808784,2.406504467112436,0.4161108099234219,2.0144896430828623,1.6834853149425268,-0.2916854027156695,1.6593893290486785,0.6838519631665045,1.951074731764348,-2.432822702860807,-2.432822702860807,-0.8640098320453129,-0.8640098320453129,-1.532597271985371,-1.532597271985371,0.45542973534808784,2.406504467112436,0.4161108099234219,2.0144896430828623,1.6834853149425268,-0.2916854027156695,1.6593893290486785,0.6838519631665045,1.951074731764348,-2.481493242650862,-2.481493242650862,-0.8640098320453129,-0.8640098320453129,-1.6300928280615237,-1.6300928280615237
2012-05-01T00:00:00.000,-0.03312904071713537,2.406504467112436,0.4161108099234219,2.0144896430828623,1.6834853149425268,-0.7802441787808927,1.6593893290486785,0.43957257513389303,2.439633507829571,-2.918031408482511,-2.918031408482511,-0.8640098320453129,-0.8640098320453129,-1.7190999119996762,-1.7190999119996762,0.45542973534808784,2.406504467112436,0.4161108099234219,2.0144896430828623,1.6834853149425268,-0.2916854027156695,1.6593893290486785,0.6838519631665045,1.951074731764348,-2.432822702860807,-2.432822702860807,-0.8640098320453129,-0.8640098320453129,-1.532597271985371,-1.532597271985371
2012-05-08T00:00:00.000,-0.4111410825416791,2.406504467112436,-0.16703249812057872,2.0144896430828623,1.6834853149425268,-0.5751129125614358,2.2425326370926792,0.8337098622656216,2.817645549654115,-2.7095500718195344,-2.7095500718195344,-0.2808665240013122,-0.2808665240013122,-1.2671858768496411,-1.2671858768496411,-0.03312904071713537,2.406504467112436,0.4161108099234219,2.0144896430828623,1.6834853149425268,-0.7802441787808927,1.6593893290486785,0.43957257513389303,2.439633507829571,-2.918031408482511,-2.918031408482511,-0.8640098320453129,-0.8640098320453129,-1.7190999119996762,-1.7190999119996762
2012-05-15T00:00:00.000,-0.6759726543119517,2.406504467112436,-0.2307950682961424,1.0760281048607838,1.6834853149425268,0.16227962406593366,3.2447567454903217,1.7035181847781276,3.082477121424388,-1.9721575351921652,-1.9721575351921652,0.7213575843963302,0.7213575843963302,-0.3973775543371352,-0.3973775543371352,-0.4111410825416791,2.406504467112436,-0.16703249812057872,2.0144896430828623,1.6834853149425268,-0.5751129125614358,2.2425326370926792,0.8337098622656216,2.817645549654115,-2.7095500718195344,-2.7095500718195344,-0.2808665240013122,-0.2808665240013122,-1.2671858768496411,-1.2671858768496411
2012-05-22T00:00:00.000,-0.4882127984935101,0.17248178588478427,-0.4887543069598896,0.7744446623752673,1.0072355445345837,0.23333239062569588,0.8940269750039903,0.5636796828148432,0.6606945843782944,-1.901104768632403,-1.901104768632403,-1.6293721860900012,-1.6293721860900012,-1.5372160563004196,-1.5372160563004196,-0.6759726543119517,2.406504467112436,-0.2307950682961424,1.0760281048607838,1.6834853149425268,0.16227962406593366,3.2447567454903217,1.7035181847781276,3.082477121424388,-1.9721575351921652,-1.9721575351921652,0.7213575843963302,0.7213575843963302,-0.3973775543371352,-0.3973775543371352
2012-05-29T00:00:00.000,-0.31062383166810736,0.08850813322917343,-1.4715058950489588,0.7744446623752673,1.0072355445345837,1.393672945540168,1.7928049104374488,1.5932389279888084,0.3991319648972808,-0.7143618928675619,-0.7143618928675619,-0.6949220950900439,-0.6949220950900439,-0.4960265789204148,-0.4960265789204148,-0.4882127984935101,0.17248178588478427,-0.4887543069598896,0.7744446623752673,1.0072355445345837,0.23333239062569588,0.8940269750039903,0.5636796828148432,0.6606945843782944,-1.901104768632403,-1.901104768632403,-1.6293721860900012,-1.6293721860900012,-1.5372160563004196,-1.5372160563004196
2012-06-05T00:00:00.000,-0.31062383166810736,0.1942752736857693,-1.4715058950489588,0.7744446623752673,1.0072355445345837,1.393672945540168,1.8985720508940447,1.6461224982171063,0.5048991053538767,-0.6879595720171925,-0.6879595720171925,-0.5534827990669493,-0.5534827990669493,-0.4315127764860769,-0.4315127764860769,-0.31062383166810736,0.08850813322917343,-1.4715058950489588,0.7744446623752673,1.0072355445345837,1.393672945540168,1.7928049104374488,1.5932389279888084,0.3991319648972808,-0.7143618928675619,-0.7143618928675619,-0.6949220950900439,-0.6949220950900439,-0.4960265789204148,-0.4960265789204148
2012-06-12T00:00:00.000,-0.14230552159240561,0.1942752736857693,-1.4715058950489588,0.45892781350546813,0.42506444486447514,1.2953370048155601,1.631917800093735,1.4636274024546476,0.3365807952781749,-0.7404867229494834,-0.7404867229494834,-0.815551391052274,-0.815551391052274,-0.6140078722485356,-0.6140078722485356,-0.31062383166810736,0.1942752736857693,-1.4715058950489588,0.7744446623752673,1.0072355445345837,1.393672945540168,1.8985720508940447,1.6461224982171063,0.5048991053538767,-0.6879595720171925,-0.6879595720171925,-0.5534827990669493,-0.5534827990669493,-0.4315127764860769,-0.4315127764860769
2012-06-19T00:00:00.000,-0.14230552159240561,0.1942752736857693,-1.4715058950489588,-0.16703249812057872,0.42506444486447514,1.9212973164416072,2.257878111719782,2.0895877140806944,0.3365807952781749,-0.06871762153111916,-0.06871762153111916,-0.1850054206112426,-0.1850054206112426,0.011952439377511226,0.011952439377511226,-0.14230552159240561,0.1942752736857693,-1.4715058950489588,0.45892781350546813,0.42506444486447514,1.2953370048155601,1.631917800093735,1.4636274024546476,0.3365807952781749,-0.7404867229494834,-0.7404867229494834,-0.815551391052274,-0.815551391052274,-0.6140078722485356,-0.6140078722485356
2012-06-26T00:00:00.000,-0.14230552159240561,0.1942752736857693,-2.089737635784514,-0.2307950682961424,-0.6201339891557945,1.5580931933324562,1.8946739886106312,1.7263835909715435,0.3365807952781749,-0.3994817246288309,-0.3994817246288309,-0.45570683341477247,-0.45570683341477247,-0.35125168373163973,-0.35125168373163973,-0.14230552159240561,0.1942752736857693,-1.4715058950489588,-0.16703249812057872,0.42506444486447514,1.9212973164416072,2.257878111719782,2.0895877140806944,0.3365807952781749,-0.06871762153111916,-0.06871762153111916,-0.1850054206112426,-0.1850054206112426,0.011952439377511226,0.011952439377511226
2012-07-03T00:00:00.000,-0.14230552159240561,0.1942752736857693,-2.1736466011751445,-0.4887543069598896,-0.6201339891557945,1.899961397386834,2.236542192665009,2.068251795025921,0.3365807952781749,-0.025173500563013818,-0.025173500563013818,-0.021335919054773278,-0.021335919054773278,-0.009383479677262052,-0.009383479677262052,-0.14230552159240561,0.1942752736857693,-2.089737635784514,-0.2307950682961424,-0.6201339891557945,1.5580931933324562,1.8946739886106312,1.7263835909715435,0.3365807952781749,-0.3994817246288309,-0.3994817246288309,-0.45570683341477247,-0.45570683341477247,-0.35125168373163973,-0.35125168373163973
2012-07-10T00:00:00.000,-0.14230552159240561,0.1942752736857693,-2.245276557799851,-0.49561879739411246,-0.6201339891557945,1.9784558444457632,2.315036639723938,2.14674624208485,0.3365807952781749,0.026660473247957617,0.026660473247957617,0.028579264002077664,0.028579264002077664,0.069110967381667,0.069110967381667,-0.14230552159240561,0.1942752736857693,-2.1736466011751445,-0.4887543069598896,-0.6201339891557945,1.899961397386834,2.236542192665009,2.068251795025921,0.3365807952781749,-0.025173500563013818,-0.025173500563013818,-0.021335919054773278,-0.021335919054773278,-0.009383479677262052,-0.009383479677262052
2012-07-17T00:00:00.000,-0.14230552159240561,0.1942752736857693,-2.245276557799851,-0.49561879739411246,-0.6201339891557945,1.9784558444457632,2.315036639723938,2.14674624208485,0.3365807952781749,0.0,0.0,0.0,0.0,0.069110967381667,0.069110967381667,-0.14230552159240561,0.1942752736857693,-2.245276557799851,-0.49561879739411246,-0.6201339891557945,1.9784558444457632,2.315036639723938,2.14674624208485,0.3365807952781749,0.026660473247957617,0.026660473247957617,0.028579264002077664,0.028579264002077664,0.069110967381667,0.069110967381667
2012-07-24T00:00:00.000,-0.14230552159240561,0.04826510402033939,-2.245276557799851,-0.9095974832657292,-0.6201339891557945,2.39243453031738,2.583005155930125,2.4877198431237524,0.19057062561274501,0.4139786858716168,0.4139786858716168,0.2679685162061869,0.2679685162061869,0.40410834873181356,0.40410834873181356,-0.14230552159240561,0.1942752736857693,-2.245276557799851,-0.49561879739411246,-0.6201339891557945,1.9784558444457632,2.315036639723938,2.14674624208485,0.3365807952781749,0.0,0.0,0.0,0.0,0.069110967381667,0.069110967381667
2012-07-31T00:00:00.000,-0.4632870620074183,0.04826510402033939,-2.245276557799851,-0.9095974832657292,-0.12772555538483346,2.563861423673328,3.075413589701086,2.819637506687207,0.5115521660277577,0.585405579227565,0.585405579227565,0.760376949977148,0.760376949977148,0.7300497926065126,0.7300497926065126,-0.14230552159240561,0.04826510402033939,-2.245276557799851,-0.9095974832657292,-0.6201339891557945,2.39243453031738,2.583005155930125,2.4877198431237524,0.19057062561274501,0.4139786858716168,0.4139786858716168,0.2679685162061869,0.2679685162061869,0.40410834873181356,0.40410834873181356
2012-08-07T00:00:00.000,-0.5480346718888575,0.19239958471413918,-2.245276557799851,-0.9095974832657292,-0.12772555538483346,2.4791138137918893,3.219548070394886,2.8493309420933874,0.7404342566029967,0.4948784225826446,0.4948784225826446,0.8405879843674047,0.8405879843674047,0.7540892154954086,0.7540892154954086,-0.4632870620074183,0.04826510402033939,-2.245276557799851,-0.9095974832657292,-0.12772555538483346,2.563861423673328,3.075413589701086,2.819637506687207,0.5115521660277577,0.585405579227565,0.585405579227565,0.760376949977148,0.760376949977148,0.7300497926065126,0.7300497926065126
2012-08-14T00:00:00.000,-0.5480346718888575,0.19239958471413918,-2.245276557799851,-0.9095974832657292,-0.12772555538483346,2.4791138137918893,3.219548070394886,2.8493309420933874,0.7404342566029967,0.489098875819163,0.489098875819163,0.7766645380638613,0.7766645380638613,0.7484352029781247,0.7484352029781247,-0.5480346718888575,0.19239958471413918,-2.245276557799851,-0.9095974832657292,-0.12772555538483346,2.4791138137918893,3.219548070394886,2.8493309420933874,0.7404342566029967,0.4948784225826446,0.4948784225826446,0.8405879843674047,0.8405879843674047,0.7540892154954086,0.7540892154954086
2012-08-21T00:00:00.000,-0.6324131132930554,0.19239958471413918,-2.245276557799851,-0.5712358133740044,-0.12772555538483346,2.056373702495966,2.881186400503161,2.4687800514995635,0.8248126980071946,0.03317938226161976,0.03317938226161976,0.43371720935715175,0.43371720935715175,0.36788431238430075,0.36788431238430075,-0.5480346718888575,0.19239958471413918,-2.245276557799851,-0.9095974832657292,-0.12772555538483346,2.4791138137918893,3.219548070394886,2.8493309420933874,0.7404342566029967,0.489098875819163,0.489098875819163,0.7766645380638613,0.7766645380638613,0.7484352029781247,0.7484352029781247
2012-08-28T00:00:00.000,-0.6324131132930554,0.19239958471413918,-1.9600119464688939,-0.05978826957038015,-0.12772555538483346,1.2596615473613852,2.08447424536858,1.6720678963649824,0.8248126980071946,-0.7303533906113411,-0.7303533906113411,-0.3584092869624449,-0.3584092869624449,-0.4288278427502803,-0.4288278427502803,-0.6324131132930554,0.19239958471413918,-2.245276557799851,-0.5712358133740044,-0.12772555538483346,2.056373702495966,2.881186400503161,2.4687800514995635,0.8248126980071946,0.03317938226161976,0.03317938226161976,0.43371720935715175,0.43371720935715175,0.36788431238430075,0.36788431238430075
2012-09-04T00:00:00.000,-0.6324131132930554,0.19239958471413918,-1.403948961387218,0.24025526061002542,-0.12772555538483346,0.40355503209930377,1.2283677301064984,0.8159613811029011,0.8248126980071946,-1.580680359109941,-1.580680359109941,-1.150592355920983,-1.150592355920983,-1.2792803454950779,-1.2792803454950779,-0.6324131132930554,0.19239958471413918,-1.9600119464688939,-0.05978826957038015,-0.12772555538483346,1.2596615473613852,2.08447424536858,1.6720678963649824,0.8248126980071946,-0.7303533906113411,-0.7303533906113411,-0.3584092869624449,-0.3584092869624449,-0.4288278427502803,-0.4288278427502803
2012-09-11T00:00:00.000,-0.6324131132930554,0.19239958471413918,-1.403948961387218,0.24025526061002542,-0.12772555538483346,0.40355503209930377,1.2283677301064984,0.8159613811029011,0.8248126980071946,-1.5749008123464594,-1.5749008123464594,-1.0866689096174396,-1.0866689096174396,-1.2736263329777935,-1.2736263329777935,-0.6324131132930554,0.19239958471413918,-1.403948961387218,0.24025526061002542,-0.12772555538483346,0.40355503209930377,1.2283677301064984,0.8159613811029011,0.8248126980071946,-1.580680359109941,-1.580680359109941,-1.150592355920983,-1.150592355920983,-1.2792803454950779,-1.2792803454950779
2012-09-18T00:00:00.000,-0.6324131132930554,0.19239958471413918,-1.403948961387218,1.372382462122909,-0.19087192429806357,-0.79171853832681,0.03309415968038443,-0.37931218932321276,0.8248126980071946,-2.770174382772573,-2.770174382772573,-2.2819424800435533,-2.2819424800435533,-2.4629236837151516,-2.4629236837151516,-0.6324131132930554,0.19239958471413918,-1.403948961387218,0.24025526061002542,-0.12772555538483346,0.40355503209930377,1.2283677301064984,0.8159613811029011,0.8248126980071946,-1.5749008123464594,-1.5749008123464594,-1.0866689096174396,-1.0866689096174396,-1.2736263329777935,-1.2736263329777935
2012-09-25T00:00:00.000,-0.6324131132930554,0.11629075134317746,-1.3151851122004454,1.372382462122909,-0.2449707578244636,-0.9345812210399825,-0.1858773564037497,-0.5602292887218661,0.7487038646362328,-2.913037065485746,-2.913037065485746,-2.5009139961276876,-2.5009139961276876,-2.6378645634250493,-2.6378645634250493,-0.6324131132930554,0.19239958471413918,-1.403948961387218,1.372382462122909,-0.19087192429806357,-0.79171853832681,0.03309415968038443,-0.37931218932321276,0.8248126980071946,-2.770174382772573,-2.770174382772573,-2.2819424800435533,-2.2819424800435533,-2.4629236837151516,-2.4629236837151516
2012-10-02T00:00:00.000,-0.7145428967904459,-0.18852711301965094,-0.5712358133740044,1.372382462122909,-0.2449707578244636,-1.7606603033638142,-1.2346445195930191,-1.4976524114784167,0.5260157837707949,-3.7124556745616197,-3.7124556745616197,-3.5211018953148794,-3.5211018953148794,-3.5752876861816,-3.5752876861816,-0.6324131132930554,0.11629075134317746,-1.3151851122004454,1.372382462122909,-0.2449707578244636,-0.9345812210399825,-0.1858773564037497,-0.5602292887218661,0.7487038646362328,-2.913037065485746,-2.913037065485746,-2.5009139961276876,-2.5009139961276876,-2.6378645634250493,-2.6378645634250493
2012-10-09T00:00:00.000,-0.7145428967904459,-0.18852711301965094,-0.5373343795386096,1.372382462122909,-0.9040826632063602,-2.4536736425811054,-1.9276578588103104,-2.190665750695708,0.5260157837707949,-4.378808540530953,-4.378808540530953,-4.1855359705300925,-4.1855359705300925,-4.268301025398891,-4.268301025398891,-0.7145428967904459,-0.18852711301965094,-0.5712358133740044,1.372382462122909,-0.2449707578244636,-1.7606603033638142,-1.2346445195930191,-1.4976524114784167,0.5260157837707949,-3.7124556745616197,-3.7124556745616197,-3.5211018953148794,-3.5211018953148794,-3.5752876861816,-3.5752876861816
2012-10-16T00:00:00.000,-0.7145428967904459,-0.15970491063677364,-0.5373343795386096,1.372382462122909,-0.5398917061306077,-2.089482685505353,-1.5346446993516807,-1.812063692428517,0.5548379861536723,-4.01269879270108,-4.01269879270108,-3.7848500737579114,-3.7848500737579114,-3.885007227293069,-3.885007227293069,-0.7145428967904459,-0.18852711301965094,-0.5373343795386096,1.372382462122909,-0.9040826632063602,-2.4536736425811054,-1.9276578588103104,-2.190665750695708,0.5260157837707949,-4.378808540530953,-4.378808540530953,-4.1855359705300925,-4.1855359705300925,-4.268301025398891,-4.268301025398891
2012-10-23T00:00:00.000,-0.7145428967904459,-0.15970491063677364,-0.5373343795386096,1.372382462122909,-0.2812118441716007,-1.830802823546346,-1.2759648373926737,-1.5533838304695098,0.5548379861536723,-3.752100139987953,-3.752100139987953,-3.518497474485353,-3.518497474485353,-3.621635625495431,-3.621635625495431,-0.7145428967904459,-0.15970491063677364,-0.5373343795386096,1.372382462122909,-0.5398917061306077,-2.089482685505353,-1.5346446993516807,-1.812063692428517,0.5548379861536723,-4.01269879270108,-4.01269879270108,-3.7848500737579114,-3.7848500737579114,-3.885007227293069,-3.885007227293069
2012-10-30T00:00:00.000,-0.7145428967904459,-0.15970491063677364,0.6235102622613063,1.372382462122909,0.7172555962826848,-1.9931800248919764,-1.4383420387383041,-1.7157610318151404,0.5548379861536723,-3.903809381806197,-3.903809381806197,-3.677879453617148,-3.677879453617148,-3.7678582813940453,-3.7678582813940453,-0.7145428967904459,-0.15970491063677364,-0.5373343795386096,1.372382462122909,-0.2812118441716007,-1.830802823546346,-1.2759648373926737,-1.5533838304695098,0.5548379861536723,-3.752100139987953,-3.752100139987953,-3.518497474485353,-3.518497474485353,-3.621635625495431,-3.621635625495431
2012-11-06T00:00:00.000,-0.25408282704765445,-0.0075600383702288925,0.6235102622613063,1.326414456335099,0.932873018913223,-1.2711345267308367,-1.0246117380534112,-1.147873132392124,0.24652278867742555,-3.1710959241176706,-3.1710959241176706,-3.26115393071842,-3.26115393071842,-3.1838158365240123,-3.1838158365240123,-0.7145428967904459,-0.15970491063677364,0.6235102622613063,1.372382462122909,0.7172555962826848,-1.9931800248919764,-1.4383420387383041,-1.7157610318151404,0.5548379861536723,-3.903809381806197,-3.903809381806197,-3.677879453617148,-3.677879453617148,-3.7678582813940453,-3.7678582813940453
2012-11-13T00:00:00.000,-0.25408282704765445,0.3184501621445617,0.6235102622613063,1.1085545114846893,0.932873018913223,-1.053274581880427,-0.48074159268821093,-0.767008087284319,0.5725329891922162,-2.850196238551659,-2.850196238551659,-2.672387944177679,-2.672387944177679,-2.799755153341396,-2.799755153341396,-0.25408282704765445,-0.0075600383702288925,0.6235102622613063,1.326414456335099,0.932873018913223,-1.2711345267308367,-1.0246117380534112,-1.147873132392124,0.24652278867742555,-3.1710959241176706,-3.1710959241176706,-3.26115393071842,-3.26115393071842,-3.1838158365240123,-3.1838158365240123
2012-11-20T00:00:00.000,-0.25408282704765445,0.6480300704016743,0.5642959096870903,1.1085545114846893,0.932873018913223,-0.9940602293062111,-0.09194733185688231,-0.5430037805815466,0.9021128974493287,-2.687942145261841,-2.687942145261841,-2.23869784217081,-2.23869784217081,-2.5725552085638124,-2.5725552085638124,-0.25408282704765445,0.3184501621445617,0.6235102622613063,1.1085545114846893,0.932873018913223,-1.053274581880427,-0.48074159268821093,-0.767008087284319,0.5725329891922162,-2.850196238551659,-2.850196238551659,-2.672387944177679,-2.672387944177679,-2.799755153341396,-2.799755153341396
2012-11-27T00:00:00.000,0.16821989266905513,0.6480300704016743,-0.07383334368303766,1.1085545114846893,0.932873018913223,0.06637174378062655,0.5461819215132456,0.3062768326469361,0.47981017773261914,-1.6197653727654555,-1.6197653727654555,-1.6005685888006824,-1.6005685888006824,-1.6686569879115862,-1.6686569879115862,-0.25408282704765445,0.6480300704016743,0.5642959096870903,1.1085545114846893,0.932873018913223,-0.9940602293062111,-0.09194733185688231,-0.5430037805815466,0.9021128974493287,-2.687942145261841,-2.687942145261841,-2.23869784217081,-2.23869784217081,-2.5725552085638124,-2.5725552085638124
2012-12-04T00:00:00.000,0.16821989266905513,0.6480300704016743,-0.07383334368303766,1.1085545114846893,0.9451270518264239,0.07862577669382737,0.5584359544264464,0.31853086556013693,0.47981017773261914,-1.599766540442707,-1.599766540442707,-1.5883145558874814,-1.5883145558874814,-1.601785347574642,-1.601785347574642,0.16821989266905513,0.6480300704016743,-0.07383334368303766,1.1085545114846893,0.932873018913223,0.06637174378062655,0.5461819215132456,0.3062768326469361,0.47981017773261914,-1.6197653727654555,-1.6197653727654555,-1.6005685888006824,-1.6005685888006824,-1.6686569879115862,-1.6686569879115862
2012-12-11T00:00:00.000,0.16821989266905513,0.6480300704016743,-0.07383334368303766,1.1085545114846893,0.9451270518264239,0.07862577669382737,0.5584359544264464,0.31853086556013693,0.47981017773261914,-1.599766540442707,-1.599766540442707,-1.577199826276484,-1.577199826276484,-1.532784903446443,-1.532784903446443,0.16821989266905513,0.6480300704016743,-0.07383334368303766,1.1085545114846893,0.9451270518264239,0.07862577669382737,0.5584359544264464,0.31853086556013693,0.47981017773261914,-1.599766540442707,-1.599766540442707,-1.5883145558874814,-1.5883145558874814,-1.601785347574642,-1.601785347574642
2012-12-18T00:00:00.000,0.16821989266905513,0.6480300704016743,-0.07383334368303766,1.1085545114846893,0.9451270518264239,0.07862577669382737,0.5584359544264464,0.31853086556013693,0.47981017773261914,-1.599766540442707,-1.599766540442707,-1.566085096665486,-1.566085096665486,-1.4637844593182439,-1.4637844593182439,0.16821989266905513,0.6480300704016743,-0.07383334368303766,1.1085545114846893,0.9451270518264239,0.07862577669382737,0.5584359544264464,0.31853086556013693,0.47981017773261914,-1.599766540442707,-1.599766540442707,-1.577199826276484,-1.577199826276484,-1.532784903446443,-1.532784903446443
2012-12-24T00:00:00.000,0.16821989266905513,0.6480300704016743,-0.07383334368303766,2.0817863141306856,0.9451270518264239,-0.8946060259521689,-0.41479584821954985,-0.6547009370858594,0.47981017773261914,-2.5675117760478177,-2.5675117760478177,-2.5393168993114825,-2.5393168993114825,-2.4090503950108215,-2.4090503950108215,0.16821989266905513,0.6480300704016743,-0.07383334368303766,1.1085545114846893,0.9451270518264239,0.07862577669382737,0.5584359544264464,0.31853086556013693,0.47981017773261914,-1.599766540442707,-1.599766540442707,-1.566085096665486,-1.566085096665486,-1.4637844593182439,-1.4637844593182439
2012-12-31T00:00:00.000,0.16821989266905513,0.6480300704016743,-0.07383334368303766,2.0817863141306856,0.9451270518264239,-0.8946060259521689,-0.41479584821954985,-0.6547009370858594,0.47981017773261914,-2.562025209006932,-2.562025209006932,-2.5393168993114825,-2.5393168993114825,-2.3810845280574027,-2.3810845280574027,0.16821989266905513,0.6480300704016743,-0.07383334368303766,2.0817863141306856,0.9451270518264239,-0.8946060259521689,-0.41479584821954985,-0.6547009370858594,0.47981017773261914,-2.5675117760478177,-2.5675117760478177,-2.5393168993114825,-2.5393168993114825,-2.4090503950108215,-2.4090503950108215
2013-01-08T00:00:00.000,0.16821989266905513,0.2556494374917949,-0.07383334368303766,2.0817863141306856,2.238251728789517,0.3985186510109244,0.48594819583366416,0.44223342342229427,0.08742954482273979,-1.2387149435182256,-1.2387149435182256,-1.6185494523965922,-1.6185494523965922,-1.2727174644525412,-1.2727174644525412,0.16821989266905513,0.6480300704016743,-0.07383334368303766,2.0817863141306856,0.9451270518264239,-0.8946060259521689,-0.41479584821954985,-0.6547009370858594,0.47981017773261914,-2.562025209006932,-2.562025209006932,-2.5393168993114825,-2.5393168993114825,-2.3810845280574027,-2.3810845280574027
2013-01-15T00:00:00.000,0.03531919193517915,0.2556494374917949,0.15220733143035717,2.0817863141306856,2.238251728789517,0.03957727516365356,0.25990752072026935,0.14974239794196142,0.22033024555661576,-1.5674707308398839,-1.5674707308398839,-1.8245667246483106,-1.8245667246483106,-1.5537757868361661,-1.5537757868361661,0.16821989266905513,0.2556494374917949,-0.07383334368303766,2.0817863141306856,2.238251728789517,0.3985186510109244,0.48594819583366416,0.44223342342229427,0.08742954482273979,-1.2387149435182256,-1.2387149435182256,-1.6185494523965922,-1.6185494523965922,-1.2727174644525412,-1.2727174644525412
2013-01-22T00:00:00.000,1.2290651931263066,0.2556494374917949,0.15220733143035717,2.0817863141306856,2.238251728789517,1.233323276354781,0.25990752072026935,0.7466153985375252,-0.9734157556345117,-0.3691324946218504,-0.3691324946218504,-1.7927462970381547,-1.7927462970381547,-0.9411776420340299,-0.9411776420340299,0.03531919193517915,0.2556494374917949,0.15220733143035717,2.0817863141306856,2.238251728789517,0.03957727516365356,0.25990752072026935,0.14974239794196142,0.22033024555661576,-1.5674707308398839,-1.5674707308398839,-1.8245667246483106,-1.8245667246483106,-1.5537757868361661,-1.5537757868361661
2013-01-29T00:00:00.000,2.134237178736815,0.2556494374917949,1.0755451772422848,2.0817863141306856,2.238251728789517,1.2151574161533616,-0.6634303250916583,0.2758635455308516,-1.87858774124502,-0.3827061197963637,-0.3827061197963637,-2.684263715239926,-2.684263715239926,-1.3962043508341309,-1.3962043508341309,1.2290651931263066,0.2556494374917949,0.15220733143035717,2.0817863141306856,2.238251728789517,1.233323276354781,0.25990752072026935,0.7466153985375252,-0.9734157556345117,-0.3691324946218504,-0.3691324946218504,-1.7927462970381547,-1.7927462970381547,-0.9411776420340299,-0.9411776420340299
2013-02-05T00:00:00.000,2.134237178736815,1.7017887297033911,1.3953523801320624,2.4965595712633863,2.238251728789517,0.48057695613088325,0.04812850709745953,0.2643527316141714,-0.4324484490334237,-1.0974014085102075,-1.0974014085102075,-1.972704883050808,-1.972704883050808,-1.3948307535002316,-1.3948307535002316,2.134237178736815,0.2556494374917949,1.0755451772422848,2.0817863141306856,2.238251728789517,1.2151574161533616,-0.6634303250916583,0.2758635455308516,-1.87858774124502,-0.3827061197963637,-0.3827061197963637,-2.684263715239926,-2.684263715239926,-1.3962043508341309,-1.3962043508341309
2013-02-12T00:00:00.000,2.134237178736815,1.7017887297033911,1.3953523801320624,2.4965595712633863,2.238251728789517,0.48057695613088325,0.04812850709745953,0.2643527316141714,-0.4324484490334237,-1.077516237201573,-1.077516237201573,-1.972704883050808,-1.972704883050808,-1.3819463422496518,-1.3819463422496518,2.134237178736815,1.7017887297033911,1.3953523801320624,2.4965595712633863,2.238251728789517,0.48057695613088325,0.04812850709745953,0.2643527316141714,-0.4324484490334237,-1.0974014085102075,-1.0974014085102075,-1.972704883050808,-1.972704883050808,-1.3948307535002316,-1.3948307535002316
2013-02-19T00:00:00.000,2.134237178736815,1.7017887297033911,1.3953523801320624,2.4965595712633863,2.238251728789517,0.48057695613088325,0.04812850709745953,0.2643527316141714,-0.4324484490334237,-0.9953061133054288,-0.9953061133054288,-1.9565421579423725,-1.9565421579423725,-1.3818580544262933,-1.3818580544262933,2.134237178736815,1.7017887297033911,1.3953523801320624,2.4965595712633863,2.238251728789517,0.48057695613088325,0.04812850709745953,0.2643527316141714,-0.4324484490334237,-1.077516237201573,-1.077516237201573,-1.972704883050808,-1.972704883050808,-1.3819463422496518,-1.3819463422496518
2013-02-26T00:00:00.000,2.134237178736815,1.7017887297033911,0.8317115788433384,2.4965595712633863,1.983785020144034,0.7897510487741239,0.35730259974070033,0.5735268242574121,-0.4324484490334237,-0.603921896766044,-0.603921896766044,-1.631205340190696,-1.631205340190696,-1.0725956739596942,-1.0725956739596942,2.134237178736815,1.7017887297033911,1.3953523801320624,2.4965595712633863,2.238251728789517,0.48057695613088325,0.04812850709745953,0.2643527316141714,-0.4324484490334237,-0.9953061133054288,-0.9953061133054288,-1.9565421579423725,-1.9565421579423725,-1.3818580544262933,-1.3818580544262933
2013-03-05T00:00:00.000,2.1496578397271824,1.7017887297033911,0.8317115788433384,2.4965595712633863,1.983785020144034,0.8051717097644915,0.35730259974070033,0.5812371547525961,-0.44786911002379126,-0.5885012357756765,-0.5885012357756765,-1.5862373956720202,-1.5862373956720202,-1.0558845199799631,-1.0558845199799631,2.134237178736815,1.7017887297033911,0.8317115788433384,2.4965595712633863,1.983785020144034,0.7897510487741239,0.35730259974070033,0.5735268242574121,-0.4324484490334237,-0.603921896766044,-0.603921896766044,-1.631205340190696,-1.631205340190696,-1.0725956739596942,-1.0725956739596942
2013-03-12T00:00:00.000,2.2712701000788242,1.7017887297033911,0.8317115788433384,2.4965595712633863,1.983785020144034,0.9267839701161333,0.35730259974070033,0.6420432849284168,-0.5694813703754331,-0.4668889754240346,-0.4668889754240346,-1.5412694511533442,-1.5412694511533442,-0.9860775663195955,-0.9860775663195955,2.1496578397271824,1.7017887297033911,0.8317115788433384,2.4965595712633863,1.983785020144034,0.8051717097644915,0.35730259974070033,0.5812371547525961,-0.44786911002379126,-0.5885012357756765,-0.5885012357756765,-1.5862373956720202,-1.5862373956720202,-1.0558845199799631,-1.0558845199799631
2013-03-19T00:00:00.000,2.2712701000788242,1.7017887297033911,0.8317115788433384,2.4965595712633863,1.983785020144034,0.9267839701161333,0.35730259974070033,0.6420432849284168,-0.5694813703754331,-0.4177210050617306,-0.4177210050617306,-1.5393204200116375,-1.5393204200116375,-0.9696329826675176,-0.9696329826675176,2.2712701000788242,1.7017887297033911,0.8317115788433384,2.4965595712633863,1.983785020144034,0.9267839701161333,0.35730259974070033,0.6420432849284168,-0.5694813703754331,-0.4668889754240346,-0.4668889754240346,-1.5412694511533442,-1.5412694511533442,-0.9860775663195955,-0.9860775663195955
2013-03-26T00:00:00.000,2.2712701000788242,1.3861843543931,0.8317115788433384,2.4199529634590697,1.983785020144034,1.00339057792045,0.11830483223472588,0.5608477050775881,-0.8850857456857242,-0.2919464268951102,-0.2919464268951102,-1.7763691563759054,-1.7763691563759054,-1.034383978866268,-1.034383978866268,2.2712701000788242,1.7017887297033911,0.8317115788433384,2.4965595712633863,1.983785020144034,0.9267839701161333,0.35730259974070033,0.6420432849284168,-0.5694813703754331,-0.4177210050617306,-0.4177210050617306,-1.5393204200116375,-1.5393204200116375,-0.9696329826675176,-0.9696329826675176
2013-04-02T00:00:00.000,2.2712701000788242,1.3861843543931,0.6120339956541494,2.2427550868021076,1.527346417090229,0.9438274347127962,0.058741689027072,0.5012845618699342,-0.8850857456857242,-0.3336718413756765,-0.3336718413756765,-1.8107066910003156,-1.8107066910003156,-1.0929507440963981,-1.0929507440963981,2.2712701000788242,1.3861843543931,0.8317115788433384,2.4199529634590697,1.983785020144034,1.00339057792045,0.11830483223472588,0.5608477050775881,-0.8850857456857242,-0.2919464268951102,-0.2919464268951102,-1.7763691563759054,-1.7763691563759054,-1.034383978866268,-1.034383978866268
2013-04-09T00:00:00.000,2.2712701000788242,1.771049167513915,0.14846182952322048,1.939089722623072,0.422705454004031,0.6064240019365625,0.10620306937165336,0.35631353565410784,-0.5002209325649092,-0.6532375454248227,-0.6532375454248227,-1.7380197020724908,-1.7380197020724908,-1.2369253923347006,-1.2369253923347006,2.2712701000788242,1.3861843543931,0.6120339956541494,2.2427550868021076,1.527346417090229,0.9438274347127962,0.058741689027072,0.5012845618699342,-0.8850857456857242,-0.3336718413756765,-0.3336718413756765,-1.8107066910003156,-1.8107066910003156,-1.0929507440963981,-1.0929507440963981
2013-04-16T00:00:00.000,2.2712701000788242,1.771049167513915,0.14846182952322048,1.939089722623072,0.422705454004031,0.6064240019365625,0.10620306937165336,0.35631353565410784,-0.5002209325649092,-0.6400684099215206,-0.6400684099215206,-1.712310771569143,-1.712310771569143,-1.1721196295676202,-1.1721196295676202,2.2712701000788242,1.771049167513915,0.14846182952322048,1.939089722623072,0.422705454004031,0.6064240019365625,0.10620306937165336,0.35631353565410784,-0.5002209325649092,-0.6532375454248227,-0.6532375454248227,-1.7380197020724908,-1.7380197020724908,-1.2369253923347006,-1.2369253923347006
2013-04-23T00:00:00.000,2.2712701000788242,1.771049167513915,0.13724871329934513,1.939089722623072,0.422705454004031,0.6176371181604381,0.11741618559552869,0.36752665187798317,-0.5002209325649092,-0.6156861581943429,-0.6156861581943429,-1.6753887248419201,-1.6753887248419201,-1.0961007505766645,-1.0961007505766645,2.2712701000788242,1.771049167513915,0.14846182952322048,1.939089722623072,0.422705454004031,0.6064240019365625,0.10620306937165336,0.35631353565410784,-0.5002209325649092,-0.6400684099215206,-0.6400684099215206,-1.712310771569143,-1.712310771569143,-1.1721196295676202,-1.1721196295676202
2013-04-30T00:00:00.000,1.7779322754907363,2.06728012076499,-0.04870021846148588,1.7876107767564888,0.422705454004031,0.46172717119976436,0.7510750164740179,0.6064010938368911,0.2893478452742535,-0.7625131750543068,-0.7625131750543068,-0.9750221032690458,-0.9750221032690458,-0.8021097365832266,-0.8021097365832266,2.2712701000788242,1.771049167513915,0.13724871329934513,1.939089722623072,0.422705454004031,0.6176371181604381,0.11741618559552869,0.36752665187798317,-0.5002209325649092,-0.6156861581943429,-0.6156861581943429,-1.6753887248419201,-1.6753887248419201,-1.0961007505766645,-1.0961007505766645
2013-05-07T00:00:00.000,1.7779322754907363,2.06728012076499,-0.04870021846148588,1.4780551794100107,0.4835737817468249,0.8321510962890364,1.1214989415632899,0.9768250189261631,0.2893478452742535,-0.3830063198643252,-0.3830063198643252,-0.5378903874853886,-0.5378903874853886,-0.37656923945942467,-0.37656923945942467,1.7779322754907363,2.06728012076499,-0.04870021846148588,1.7876107767564888,0.422705454004031,0.46172717119976436,0.7510750164740179,0.6064010938368911,0.2893478452742535,-0.7625131750543068,-0.7625131750543068,-0.9750221032690458,-0.9750221032690458,-0.8021097365832266,-0.8021097365832266
2013-05-14T00:00:00.000,1.3234569215536183,2.06728012076499,-0.04870021846148588,0.6515566975106091,0.7702309988924957,1.490831441396991,2.2346546406083623,1.8627430410026764,0.7438231992113715,0.2665910951429198,0.2665910951429198,0.5085575208652986,0.5085575208652986,0.4542322105825587,0.4542322105825587,1.7779322754907363,2.06728012076499,-0.04870021846148588,1.4780551794100107,0.4835737817468249,0.8321510962890364,1.1214989415632899,0.9768250189261631,0.2893478452742535,-0.3830063198643252,-0.3830063198643252,-0.5378903874853886,-0.5378903874853886,-0.37656923945942467,-0.37656923945942467
2013-05-21T00:00:00.000,1.2831053883245314,2.06728012076499,-0.04870021846148588,0.6515566975106091,0.7965381695648427,1.476787078840251,2.2609618112807093,1.86887444506048,0.7841747324404584,0.24346380248547006,0.24346380248547006,0.46815690084326045,0.46815690084326045,0.40524704260583233,0.40524704260583233,1.3234569215536183,2.06728012076499,-0.04870021846148588,0.6515566975106091,0.7702309988924957,1.490831441396991,2.2346546406083623,1.8627430410026764,0.7438231992113715,0.2665910951429198,0.2665910951429198,0.5085575208652986,0.5085575208652986,0.4542322105825587,0.4542322105825587
2013-05-28T00:00:00.000,1.2831053883245314,2.06728012076499,-0.04870021846148588,0.6515566975106091,0.9700046303214225,1.6502535395968307,2.434428272037289,2.04234090581706,0.7841747324404584,0.4037611277387476,0.4037611277387476,0.6159144310964928,0.6159144310964928,0.5139077405953318,0.5139077405953318,1.2831053883245314,2.06728012076499,-0.04870021846148588,0.6515566975106091,0.7965381695648427,1.476787078840251,2.2609618112807093,1.86887444506048,0.7841747324404584,0.24346380248547006,0.24346380248547006,0.46815690084326045,0.46815690084326045,0.40524704260583233,0.40524704260583233
2013-06-04T00:00:00.000,2.4018369019293853,2.06728012076499,-0.04870021846148588,1.386154959638291,1.948011843782649,3.0123940045352295,2.677837223370834,2.8451156139530314,-0.33455678116439547,1.7527324571738443,1.7527324571738443,0.8336144519266899,0.8336144519266899,1.251876685964223,1.251876685964223,1.2831053883245314,2.06728012076499,-0.04870021846148588,0.6515566975106091,0.9700046303214225,1.6502535395968307,2.434428272037289,2.04234090581706,0.7841747324404584,0.4037611277387476,0.4037611277387476,0.6159144310964928,0.6159144310964928,0.5139077405953318,0.5139077405953318
2013-06-11T00:00:00.000,2.4018369019293853,2.06728012076499,-0.04870021846148588,1.6976634263724077,2.0656523588823963,2.81852605290086,2.4839692717364645,2.651247662318662,-0.33455678116439547,1.5410267768123873,1.5410267768123873,0.614520891709077,0.614520891709077,1.0570123563523295,1.0570123563523295,2.4018369019293853,2.06728012076499,-0.04870021846148588,1.386154959638291,1.948011843782649,3.0123940045352295,2.677837223370834,2.8451156139530314,-0.33455678116439547,1.7527324571738443,1.7527324571738443,0.8336144519266899,0.8336144519266899,1.251876685964223,1.251876685964223
2013-06-18T00:00:00.000,2.603301805881568,2.0324075965033983,-0.027647976123526426,1.9182580419442075,2.0656523588823963,2.778344098943283,2.2074498895651136,2.4928969942541985,-0.5708942093781695,1.483007094127723,1.483007094127723,0.3127759009544824,0.3127759009544824,0.8976653103103422,0.8976653103103422,2.4018369019293853,2.06728012076499,-0.04870021846148588,1.6976634263724077,2.0656523588823963,2.81852605290086,2.4839692717364645,2.651247662318662,-0.33455678116439547,1.5410267768123873,1.5410267768123873,0.614520891709077,0.614520891709077,1.0570123563523295,1.0570123563523295
2013-06-25T00:00:00.000,2.603301805881568,2.0324075965033983,0.17493642507580404,1.9182580419442075,2.0656523588823963,2.5757596977439525,2.004865488365783,2.290312593054868,-0.5708942093781695,1.2312547225660886,1.2312547225660886,0.10824246861344511,0.10824246861344511,0.6786363254589336,0.6786363254589336,2.603301805881568,2.0324075965033983,-0.027647976123526426,1.9182580419442075,2.0656523588823963,2.778344098943283,2.2074498895651136,2.4928969942541985,-0.5708942093781695,1.483007094127723,1.483007094127723,0.3127759009544824,0.3127759009544824,0.8976653103103422,0.8976653103103422
2013-07-02T00:00:00.000,2.603301805881568,1.7574433353639167,0.17493642507580404,1.9182580419442075,2.0656523588823963,2.5757596977439525,1.7299012272263015,2.152830462485127,-0.8458584705176511,1.1820867522037846,1.1820867522037846,-0.16477276138432972,-0.16477276138432972,0.5247096112371146,0.5247096112371146,2.603301805881568,2.0324075965033983,0.17493642507580404,1.9182580419442075,2.0656523588823963,2.5757596977439525,2.004865488365783,2.290312593054868,-0.5708942093781695,1.2312547225660886,1.2312547225660886,0.10824246861344511,0.10824246861344511,0.6786363254589336,0.6786363254589336
2013-07-09T00:00:00.000,2.603301805881568,1.7574433353639167,0.17493642507580404,1.9182580419442075,2.0656523588823963,2.5757596977439525,1.7299012272263015,2.152830462485127,-0.8458584705176511,1.1820867522037846,1.1820867522037846,-0.1395471528010861,-0.1395471528010861,0.5157087877525677,0.5157087877525677,2.603301805881568,1.7574433353639167,0.17493642507580404,1.9182580419442075,2.0656523588823963,2.5757596977439525,1.7299012272263015,2.152830462485127,-0.8458584705176511,1.1820867522037846,1.1820867522037846,-0.16477276138432972,-0.16477276138432972,0.5247096112371146,0.5247096112371146
2013-07-16T00:00:00.000,2.603301805881568,1.7574433353639167,0.9480676876853115,1.9182580419442075,2.0656523588823963,1.8026284351344453,0.9567699646167941,1.3796991998756196,-0.8458584705176511,0.4089554895942773,0.4089554895942773,-0.8874528068273501,-0.8874528068273501,-0.2484216513723927,-0.2484216513723927,2.603301805881568,1.7574433353639167,0.17493642507580404,1.9182580419442075,2.0656523588823963,2.5757596977439525,1.7299012272263015,2.152830462485127,-0.8458584705176511,1.1820867522037846,1.1820867522037846,-0.1395471528010861,-0.1395471528010861,0.5157087877525677,0.5157087877525677
2013-07-23T00:00:00.000,2.603301805881568,1.5040877729792868,0.9480676876853115,1.9182580419442075,2.0656523588823963,1.8026284351344453,0.7034144022321641,1.2530214186833049,-1.099214032902281,0.36739842294423575,0.36739842294423575,-1.1150994387086324,-1.1150994387086324,-0.35865484891262955,-0.35865484891262955,2.603301805881568,1.7574433353639167,0.9480676876853115,1.9182580419442075,2.0656523588823963,1.8026284351344453,0.9567699646167941,1.3796991998756196,-0.8458584705176511,0.4089554895942773,0.4089554895942773,-0.8874528068273501,-0.8874528068273501,-0.2484216513723927,-0.2484216513723927
2013-07-30T00:00:00.000,2.603301805881568,1.0294162320509146,0.9480676876853115,1.9182580419442075,1.993034658899141,1.73001073515119,0.15612516132053667,0.9430679482358634,-1.5738855738306532,0.2532236563109389,0.2532236563109389,-1.636679749116912,-1.636679749116912,-0.6521637357079929,-0.6521637357079929,2.603301805881568,1.5040877729792868,0.9480676876853115,1.9182580419442075,2.0656523588823963,1.8026284351344453,0.7034144022321641,1.2530214186833049,-1.099214032902281,0.36739842294423575,0.36739842294423575,-1.1150994387086324,-1.1150994387086324,-0.35865484891262955,-0.35865484891262955
2013-08-06T00:00:00.000,0.006226214941115665,1.2417895326462287,0.9480676876853115,1.6527508715697914,1.993034658899141,-0.6015576854148462,0.6340056322902669,0.016223973437710315,1.235563317705113,-2.036787697605056,-2.036787697605056,-1.127347436541608,-1.127347436541608,-1.578011332528622,-1.578011332528622,2.603301805881568,1.0294162320509146,0.9480676876853115,1.9182580419442075,1.993034658899141,1.73001073515119,0.15612516132053667,0.9430679482358634,-1.5738855738306532,0.2532236563109389,0.2532236563109389,-1.636679749116912,-1.636679749116912,-0.6521637357079929,-0.6521637357079929
2013-08-13T00:00:00.000,0.006226214941115665,1.2417895326462287,1.1538252127206314,1.7434276346052398,1.993034658899141,-0.8979919734856145,0.3375713442194985,-0.280210314633058,1.235563317705113,-2.2916649190257825,-2.2916649190257825,-1.392329883006803,-1.392329883006803,-1.8734492426218665,-1.8734492426218665,0.006226214941115665,1.2417895326462287,0.9480676876853115,1.6527508715697914,1.993034658899141,-0.6015576854148462,0.6340056322902669,0.016223973437710315,1.235563317705113,-2.036787697605056,-2.036787697605056,-1.127347436541608,-1.127347436541608,-1.578011332528622,-1.578011332528622
2013-08-20T00:00:00.000,0.006226214941115665,1.2417895326462287,1.2177805625078353,1.8728086548960583,1.993034658899141,-1.091328343563637,0.14423497414147612,-0.4735466847110804,1.235563317705113,-2.485001289103805,-2.485001289103805,-1.5856662530848253,-1.5856662530848253,-2.0019798499328085,-2.0019798499328085,0.006226214941115665,1.2417895326462287,1.1538252127206314,1.7434276346052398,1.993034658899141,-0.8979919734856145,0.3375713442194985,-0.280210314633058,1.235563317705113,-2.2916649190257825,-2.2916649190257825,-1.392329883006803,-1.392329883006803,-1.8734492426218665,-1.8734492426218665
2013-08-27T00:00:00.000,0.006226214941115665,1.2417895326462287,1.3340222386816172,1.8728086548960583,1.993034658899141,-1.2075700197374188,0.02799329796769423,-0.5897883608848623,1.235563317705113,-2.601242965277587,-2.601242965277587,-1.7019079292586072,-1.7019079292586072,-2.05341576333951,-2.05341576333951,0.006226214941115665,1.2417895326462287,1.2177805625078353,1.8728086548960583,1.993034658899141,-1.091328343563637,0.14423497414147612,-0.4735466847110804,1.235563317705113,-2.485001289103805,-2.485001289103805,-1.5856662530848253,-1.5856662530848253,-2.0019798499328085,-2.0019798499328085
2013-09-03T00:00:00.000,0.44100152042046253,1.2417895326462287,1.3340222386816172,1.8728086548960583,1.993034658899141,-0.772794714258072,0.02799329796769423,-0.3724007081451889,0.8007880122257662,-2.117299689435936,-2.117299689435936,-1.6666519801697957,-1.6666519801697957,-1.7940640093103224,-1.7940640093103224,0.006226214941115665,1.2417895326462287,1.3340222386816172,1.8728086548960583,1.993034658899141,-1.2075700197374188,0.02799329796769423,-0.5897883608848623,1.235563317705113,-2.601242965277587,-2.601242965277587,-1.7019079292586072,-1.7019079292586072,-2.05341576333951,-2.05341576333951
2013-09-10T00:00:00.000,1.2476231117582592,1.2417895326462287,1.3340222386816172,1.8728086548960583,1.8037019107123842,-0.15550587110703207,-0.1613394502190626,-0.15842266066304744,-0.005833579112030529,-1.4508428759225922,-1.4508428759225922,-1.8207287792677411,-1.8207287792677411,-1.538121860538667,-1.538121860538667,0.44100152042046253,1.2417895326462287,1.3340222386816172,1.8728086548960583,1.993034658899141,-0.772794714258072,0.02799329796769423,-0.3724007081451889,0.8007880122257662,-2.117299689435936,-2.117299689435936,-1.6666519801697957,-1.6666519801697957,-1.7940640093103224,-1.7940640093103224
2013-09-17T00:00:00.000,1.2476231117582592,1.2417895326462287,0.9875686981490753,1.8728086548960583,1.797951712250773,0.1851974709638987,0.17936389185186818,0.18228068140788334,-0.005833579112030529,-1.092301805124574,-1.092301805124574,-1.4800254371968102,-1.4800254371968102,-1.1842660477227205,-1.1842660477227205,1.2476231117582592,1.2417895326462287,1.3340222386816172,1.8728086548960583,1.8037019107123842,-0.15550587110703207,-0.1613394502190626,-0.15842266066304744,-0.005833579112030529,-1.4508428759225922,-1.4508428759225922,-1.8207287792677411,-1.8207287792677411,-1.538121860538667,-1.538121860538667
2013-09-24T00:00:00.000,1.2476231117582592,0.5663312134848713,0.7500603270104248,1.8728086548960583,1.797951712250773,0.42270584210254925,-0.25858605617083874,0.08205989296585525,-0.681291898273388,-0.836955705258836,-0.836955705258836,-1.9179753852195174,-1.9179753852195174,-1.2713343654197327,-1.2713343654197327,1.2476231117582592,1.2417895326462287,0.9875686981490753,1.8728086548960583,1.797951712250773,0.1851974709638987,0.17936389185186818,0.18228068140788334,-0.005833579112030529,-1.092301805124574,-1.092301805124574,-1.4800254371968102,-1.4800254371968102,-1.1842660477227205,-1.1842660477227205
2013-10-01T00:00:00.000,1.2476231117582592,0.4268573776219916,0.7500603270104248,1.8728086548960583,1.797951712250773,0.42270584210254925,-0.3980598920337184,0.012322975034415484,-0.8207657341362676,-0.8237865697555339,-0.8237865697555339,-2.057449221082397,-2.057449221082397,-1.2908848635000307,-1.2908848635000307,1.2476231117582592,0.5663312134848713,0.7500603270104248,1.8728086548960583,1.797951712250773,0.42270584210254925,-0.25858605617083874,0.08205989296585525,-0.681291898273388,-0.836955705258836,-0.836955705258836,-1.9179753852195174,-1.9179753852195174,-1.2713343654197327,-1.2713343654197327
2013-10-08T00:00:00.000,1.2476231117582592,0.4268573776219916,0.7500603270104248,1.5808598343424165,1.797951712250773,0.714654662656191,-0.10611107148007659,0.3042717955880573,-0.8207657341362676,-0.51866861369859,-0.51866861369859,-1.7655004005287551,-1.7655004005287551,-0.9487496230952476,-0.9487496230952476,1.2476231117582592,0.4268573776219916,0.7500603270104248,1.8728086548960583,1.797951712250773,0.42270584210254925,-0.3980598920337184,0.012322975034415484,-0.8207657341362676,-0.8237865697555339,-0.8237865697555339,-2.057449221082397,-2.057449221082397,-1.2908848635000307,-1.2908848635000307
2013-10-15T00:00:00.000,1.2476231117582592,0.4268573776219916,0.7500603270104248,1.5808598343424165,1.797951712250773,0.714654662656191,-0.10611107148007659,0.3042717955880573,-0.8207657341362676,-0.5095856835978801,-0.5095856835978801,-1.7517646360512835,-1.7517646360512835,-0.8967307563584747,-0.8967307563584747,1.2476231117582592,0.4268573776219916,0.7500603270104248,1.5808598343424165,1.797951712250773,0.714654662656191,-0.10611107148007659,0.3042717955880573,-0.8207657341362676,-0.51866861369859,-0.51866861369859,-1.7655004005287551,-1.7655004005287551,-0.9487496230952476,-0.9487496230952476
2013-10-22T00:00:00.000,1.2476231117582592,0.8561367835218042,-0.2464774562889143,1.4080601621154551,1.797951712250773,1.8839921181824915,1.4925057899460366,1.688248954064264,-0.391486328236455,0.6506688418277105,0.6506688418277105,-0.13941201014769855,-0.13941201014769855,0.43522753538095915,0.43522753538095915,1.2476231117582592,0.4268573776219916,0.7500603270104248,1.5808598343424165,1.797951712250773,0.714654662656191,-0.10611107148007659,0.3042717955880573,-0.8207657341362676,-0.5095856835978801,-0.5095856835978801,-1.7517646360512835,-1.7517646360512835,-0.8967307563584747,-0.8967307563584747
2013-10-29T00:00:00.000,0.7984018149526948,0.8561367835218042,-0.4532172225584883,1.1228353756447822,1.370976235155373,1.4997598970217738,1.5574948655908833,1.5286273813063285,0.057734968569109424,0.2532674851636907,0.2532674851636907,-0.071053516792426,-0.071053516792426,0.22541954277188214,0.22541954277188214,1.2476231117582592,0.8561367835218042,-0.2464774562889143,1.4080601621154551,1.797951712250773,1.8839921181824915,1.4925057899460366,1.688248954064264,-0.391486328236455,0.6506688418277105,0.6506688418277105,-0.13941201014769855,-0.13941201014769855,0.43522753538095915,0.43522753538095915
2013-11-05T00:00:00.000,0.34802544714991224,0.8561367835218042,-0.4532172225584883,1.1228353756447822,1.370976235155373,1.0493835292189913,1.5574948655908833,1.3034391974049373,0.508111336371892,-0.18393974713578976,-0.18393974713578976,-0.06768409908200024,-0.06768409908200024,0.0,0.0,0.7984018149526948,0.8561367835218042,-0.4532172225584883,1.1228353756447822,1.370976235155373,1.4997598970217738,1.5574948655908833,1.5286273813063285,0.057734968569109424,0.2532674851636907,0.2532674851636907,-0.071053516792426,-0.071053516792426,0.22541954277188214,0.22541954277188214
2013-11-12T00:00:00.000,0.34802544714991224,0.8561367835218042,-0.4532172225584883,1.1228353756447822,1.370976235155373,1.0493835292189913,1.5574948655908833,1.3034391974049373,0.508111336371892,-0.17485681703507994,-0.17485681703507994,-0.051394532714551966,-0.051394532714551966,0.0,0.0,0.34802544714991224,0.8561367835218042,-0.4532172225584883,1.1228353756447822,1.370976235155373,1.0493835292189913,1.5574948655908833,1.3034391974049373,0.508111336371892,-0.18393974713578976,-0.18393974713578976,-0.06768409908200024,-0.06768409908200024,0.0,0.0
2013-11-19T00:00:00.000,0.34802544714991224,0.8561367835218042,-0.4532172225584883,1.0828405057932207,1.370976235155373,1.0893783990705528,1.5974897354424449,1.3434340672564988,0.508111336371892,-0.1257790170828088,-0.1257790170828088,0.0,0.0,0.03999486985156153,0.03999486985156153,0.34802544714991224,0.8561367835218042,-0.4532172225584883,1.1228353756447822,1.370976235155373,1.0493835292189913,1.5574948655908833,1.3034391974049373,0.508111336371892,-0.17485681703507994,-0.17485681703507994,-0.051394532714551966,-0.051394532714551966,0.0,0.0
2013-11-26T00:00:00.000,0.34802544714991224,1.4512424094908536,-0.4532172225584883,1.0667059187482066,1.370976235155373,1.1055129861155668,2.208729948456508,1.6571214672860375,1.1032169623409414,-0.10395571629625433,-0.10395571629625433,0.5973955983988437,0.5973955983988437,0.3336848349553194,0.3336848349553194,0.34802544714991224,0.8561367835218042,-0.4532172225584883,1.0828405057932207,1.370976235155373,1.0893783990705528,1.5974897354424449,1.3434340672564988,0.508111336371892,-0.1257790170828088,-0.1257790170828088,0.0,0.0,0.03999486985156153,0.03999486985156153
2013-12-03T00:00:00.000,0.34802544714991224,1.4512424094908536,-0.4532172225584883,1.2256688657953532,1.241868274608375,0.8174420785214223,1.9206590408623636,1.369050559691893,1.1032169623409414,-0.38633791014885843,-0.38633791014885843,0.29548007618948,0.29548007618948,0.0256164924353941,0.0256164924353941,0.34802544714991224,1.4512424094908536,-0.4532172225584883,1.0667059187482066,1.370976235155373,1.1055129861155668,2.208729948456508,1.6571214672860375,1.1032169623409414,-0.10395571629625433,-0.10395571629625433,0.5973955983988437,0.5973955983988437,0.3336848349553194,0.3336848349553194
2013-12-10T00:00:00.000,0.34802544714991224,1.8774324044459512,-0.4532172225584883,1.4423030839509563,1.529393837099955,0.8883334228573991,2.4177403801534383,1.6530369015054187,1.529406957296039,-0.2663130645355247,-0.2663130645355247,0.7891919977701289,0.7891919977701289,0.3046227386843754,0.3046227386843754,0.34802544714991224,1.4512424094908536,-0.4532172225584883,1.2256688657953532,1.241868274608375,0.8174420785214223,1.9206590408623636,1.369050559691893,1.1032169623409414,-0.38633791014885843,-0.38633791014885843,0.29548007618948,0.29548007618948,0.0256164924353941,0.0256164924353941
2013-12-17T00:00:00.000,-0.24748333060591357,1.8774324044459512,-0.1085681442066586,1.4423030839509563,1.529393837099955,-0.051824433250256374,2.0730913018016084,1.010633434275676,2.124915735051865,-1.1573374193658232,-1.1573374193658232,0.4411735017078733,0.4411735017078733,-0.33280063298082285,-0.33280063298082285,0.34802544714991224,1.8774324044459512,-0.4532172225584883,1.4423030839509563,1.529393837099955,0.8883334228573991,2.4177403801534383,1.6530369015054187,1.529406957296039,-0.2663130645355247,-0.2663130645355247,0.7891919977701289,0.7891919977701289,0.3046227386843754,0.3046227386843754
2013-12-24T00:00:00.000,-0.24748333060591357,1.8774324044459512,0.180231336289326,1.4423030839509563,1.529393837099955,-0.34062391374624096,1.7842918213056238,0.7218339537796914,2.124915735051865,-1.4380696063393008,-1.4380696063393008,0.13863825673441688,0.13863825673441688,-0.6016026785510267,-0.6016026785510267,-0.24748333060591357,1.8774324044459512,-0.1085681442066586,1.4423030839509563,1.529393837099955,-0.051824433250256374,2.0730913018016084,1.010633434275676,2.124915735051865,-1.1573374193658232,-1.1573374193658232,0.4411735017078733,0.4411735017078733,-0.33280063298082285,-0.33280063298082285
2013-12-31T00:00:00.000,-0.24748333060591357,1.8774324044459512,0.180231336289326,1.4423030839509563,1.8458604855409968,-0.02415726530519907,2.1007584697466655,1.0383006022207333,2.124915735051865,-1.113535664375752,-1.113535664375752,0.44136914069798694,0.44136914069798694,-0.265138595184204,-0.265138595184204,-0.24748333060591357,1.8774324044459512,0.180231336289326,1.4423030839509563,1.529393837099955,-0.34062391374624096,1.7842918213056238,0.7218339537796914,2.124915735051865,-1.4380696063393008,-1.4380696063393008,0.13863825673441688,0.13863825673441688,-0.6016026785510267,-0.6016026785510267
2014-01-07T00:00:00.000,-0.24748333060591357,1.8774324044459512,0.180231336289326,1.4423030839509563,1.9209862107932951,0.050968459947099254,2.175884194998964,1.1134263274730316,2.124915735051865,-1.0184125041976728,-1.0184125041976728,0.5164948659502855,0.5164948659502855,-0.1900128699319057,-0.1900128699319057,-0.24748333060591357,1.8774324044459512,0.180231336289326,1.4423030839509563,1.8458604855409968,-0.02415726530519907,2.1007584697466655,1.0383006022207333,2.124915735051865,-1.113535664375752,-1.113535664375752,0.44136914069798694,0.44136914069798694,-0.265138595184204,-0.265138595184204
2014-01-14T00:00:00.000,-0.24748333060591357,1.8774324044459512,-0.026888078093513127,1.4423030839509563,1.9209862107932951,0.2580878743299384,2.3830036093818032,1.3205457418558706,2.124915735051865,-0.7912956548890528,-0.7912956548890528,0.7236142803331247,0.7236142803331247,0.017106544450933292,0.017106544450933292,-0.24748333060591357,1.8774324044459512,0.180231336289326,1.4423030839509563,1.9209862107932951,0.050968459947099254,2.175884194998964,1.1134263274730316,2.124915735051865,-1.0184125041976728,-1.0184125041976728,0.5164948659502855,0.5164948659502855,-0.1900128699319057,-0.1900128699319057
2014-01-21T00:00:00.000,-0.24748333060591357,1.8774324044459512,-0.03451088409630688,1.4423030839509563,1.9209862107932951,0.26571068033273215,2.390626415384597,1.3281685478586644,2.124915735051865,-0.7836728488862591,-0.7836728488862591,0.7312370863359186,0.7312370863359186,0.016176078228260504,0.016176078228260504,-0.24748333060591357,1.8774324044459512,-0.026888078093513127,1.4423030839509563,1.9209862107932951,0.2580878743299384,2.3830036093818032,1.3205457418558706,2.124915735051865,-0.7912956548890528,-0.7912956548890528,0.7236142803331247,0.7236142803331247,0.017106544450933292,0.017106544450933292
2014-01-28T00:00:00.000,-0.24748333060591357,0.5814742604005132,-0.7242720765154461,0.9179529775679461,1.9209862107932951,1.4798219791348817,2.3087795701413083,1.894300774638095,0.8289575910064267,0.4304384499158904,0.4304384499158904,0.6493902410926298,0.6493902410926298,0.5737550327822245,0.5737550327822245,-0.24748333060591357,1.8774324044459512,-0.03451088409630688,1.4423030839509563,1.9209862107932951,0.26571068033273215,2.390626415384597,1.3281685478586644,2.124915735051865,-0.7836728488862591,-0.7836728488862591,0.7312370863359186,0.7312370863359186,0.016176078228260504,0.016176078228260504
2014-02-04T00:00:00.000,-0.9319061931589961,-0.17121368545704035,-1.1581211387996984,0.9179529775679461,1.9209862107932951,1.2292481788660514,1.9899406865680072,1.6095944327170293,0.7606925077019557,0.1598672147212794,0.1598672147212794,0.29529540843051727,0.29529540843051727,0.28523728785976177,0.28523728785976177,-0.24748333060591357,0.5814742604005132,-0.7242720765154461,0.9179529775679461,1.9209862107932951,1.4798219791348817,2.3087795701413083,1.894300774638095,0.8289575910064267,0.4304384499158904,0.4304384499158904,0.6493902410926298,0.6493902410926298,0.5737550327822245,0.5737550327822245
2014-02-11T00:00:00.000,-0.10876724607218759,-0.17121368545704035,-1.1581211387996984,0.9179529775679461,1.9209862107932951,2.05238712595286,1.9899406865680072,2.0211639062604334,-0.06244643938485277,0.9630087268823073,0.9630087268823073,0.2600394593417057,0.2600394593417057,0.692995358401769,0.692995358401769,-0.9319061931589961,-0.17121368545704035,-1.1581211387996984,0.9179529775679461,1.9209862107932951,1.2292481788660514,1.9899406865680072,1.6095944327170293,0.7606925077019557,0.1598672147212794,0.1598672147212794,0.29529540843051727,0.29529540843051727,0.28523728785976177,0.28523728785976177
2014-02-18T00:00:00.000,0.11627646959880712,-0.5428380357023906,-1.1581211387996984,0.41825226092953494,1.9209862107932951,2.7771315582622655,2.118017052961068,2.447574305611667,-0.6591145053011978,1.6796858656692057,1.6796858656692057,0.38811582573476655,0.38811582573476655,1.1117729980540854,1.1117729980540854,-0.10876724607218759,-0.17121368545704035,-1.1581211387996984,0.9179529775679461,1.9209862107932951,2.05238712595286,1.9899406865680072,2.0211639062604334,-0.06244643938485277,0.9630087268823073,0.9630087268823073,0.2600394593417057,0.2600394593417057,0.692995358401769,0.692995358401769
2014-02-25T00:00:00.000,0.11627646959880712,-0.5428380357023906,-1.1581211387996984,-0.026888078093513127,1.4177893199379352,2.719075006429954,2.059960501128756,2.389517753779355,-0.6591145053011978,1.6135620203143872,1.6135620203143872,0.3300592739024546,0.3300592739024546,1.0460836865228562,1.0460836865228562,0.11627646959880712,-0.5428380357023906,-1.1581211387996984,0.41825226092953494,1.9209862107932951,2.7771315582622655,2.118017052961068,2.447574305611667,-0.6591145053011978,1.6796858656692057,1.6796858656692057,0.38811582573476655,0.38811582573476655,1.1117729980540854,1.1117729980540854
2014-03-04T00:00:00.000,0.26078200495261344,-0.8386306808109625,-1.1581211387996984,-0.03451088409630688,1.402947773113677,2.8563618009622957,1.7569491151987198,2.306655458080508,-1.099412685763576,1.701715313569372,1.701715313569372,0.013523943986209153,0.013523943986209153,0.9582412952594646,0.9582412952594646,0.11627646959880712,-0.5428380357023906,-1.1581211387996984,-0.026888078093513127,1.4177893199379352,2.719075006429954,2.059960501128756,2.389517753779355,-0.6591145053011978,1.6135620203143872,1.6135620203143872,0.3300592739024546,0.3300592739024546,1.0460836865228562,1.0460836865228562
2014-03-11T00:00:00.000,0.26078200495261344,-0.8386306808109625,-1.1581211387996984,-0.5041180324739727,0.5349573037279671,2.4579784799542517,1.3585657941906757,1.9082721370724638,-1.099412685763576,1.254198491283971,1.254198491283971,-0.3713354330356258,-0.3713354330356258,0.554877878686876,0.554877878686876,0.26078200495261344,-0.8386306808109625,-1.1581211387996984,-0.03451088409630688,1.402947773113677,2.8563618009622957,1.7569491151987198,2.306655458080508,-1.099412685763576,1.701715313569372,1.701715313569372,0.013523943986209153,0.013523943986209153,0.9582412952594646,0.9582412952594646
2014-03-18T00:00:00.000,0.41091749990271503,-0.25344699141795857,-1.2734935721641854,-0.5041180324739727,0.47762974169741584,2.6661588462382886,2.0017943549176156,2.333976600577952,-0.6643644913206737,1.4566901438264674,1.4566901438264674,0.258369183705105,0.258369183705105,0.9727541915392117,0.9727541915392117,0.26078200495261344,-0.8386306808109625,-1.1581211387996984,-0.5041180324739727,0.5349573037279671,2.4579784799542517,1.3585657941906757,1.9082721370724638,-1.099412685763576,1.254198491283971,1.254198491283971,-0.3713354330356258,-0.3713354330356258,0.554877878686876,0.554877878686876
2014-03-25T00:00:00.000,0.41091749990271503,-0.25344699141795857,-1.3856178831551444,-0.5041180324739727,0.47762974169741584,2.778283157229248,2.1139186659085745,2.4461009115689114,-0.6643644913206737,1.5631257410758863,1.5631257410758863,0.3569695507098547,0.3569695507098547,1.0770503518770185,1.0770503518770185,0.41091749990271503,-0.25344699141795857,-1.2734935721641854,-0.5041180324739727,0.47762974169741584,2.6661588462382886,2.0017943549176156,2.333976600577952,-0.6643644913206737,1.4566901438264674,1.4566901438264674,0.258369183705105,0.258369183705105,0.9727541915392117,0.9727541915392117
2014-04-01T00:00:00.000,0.41091749990271503,-0.25344699141795857,-1.4840732969438355,-0.5041180324739727,0.7348867080845594,3.1339955374050827,2.469631046084409,2.801813291744746,-0.6643644913206737,1.9117927398953762,1.9117927398953762,0.6990105778322371,0.6990105778322371,1.4274384119609895,1.4274384119609895,0.41091749990271503,-0.25344699141795857,-1.3856178831551444,-0.5041180324739727,0.47762974169741584,2.778283157229248,2.1139186659085745,2.4461009115689114,-0.6643644913206737,1.5631257410758863,1.5631257410758863,0.3569695507098547,0.3569695507098547,1.0770503518770185,1.0770503518770185
2014-04-08T00:00:00.000,0.41091749990271503,-0.25344699141795857,-2.162525032840944,-0.5041180324739727,0.7348867080845594,3.8124472733021912,3.1480827819815174,3.4802650276418543,-0.6643644913206737,2.58319909443614,2.58319909443614,1.3637909606758936,1.3637909606758936,2.1005658277662347,2.1005658277662347,0.41091749990271503,-0.25344699141795857,-1.4840732969438355,-0.5041180324739727,0.7348867080845594,3.1339955374050827,2.469631046084409,2.801813291744746,-0.6643644913206737,1.9117927398953762,1.9117927398953762,0.6990105778322371,0.6990105778322371,1.4274384119609895,1.4274384119609895
2014-04-15T00:00:00.000,0.41091749990271503,-0.25344699141795857,-2.162525032840944,-0.6753766700758983,0.7348867080845594,3.983705910904117,3.319341419583443,3.65152366524378,-0.6643644913206737,2.752420183293701,2.752420183293701,1.530793053711907,1.530793053711907,2.2298603640786467,2.2298603640786467,0.41091749990271503,-0.25344699141795857,-2.162525032840944,-0.5041180324739727,0.7348867080845594,3.8124472733021912,3.1480827819815174,3.4802650276418543,-0.6643644913206737,2.58319909443614,2.58319909443614,1.3637909606758936,1.3637909606758936,2.1005658277662347,2.1005658277662347
2014-04-22T00:00:00.000,0.41091749990271503,-0.25344699141795857,-2.162525032840944,-0.9838146292860792,0.7348867080845594,4.292143870114298,3.6277793787936243,3.9599616244539613,-0.6643644913206737,3.058820593759517,3.058820593759517,1.8349744683561755,1.8349744683561755,2.4963342219993137,2.4963342219993137,0.41091749990271503,-0.25344699141795857,-2.162525032840944,-0.6753766700758983,0.7348867080845594,3.983705910904117,3.319341419583443,3.65152366524378,-0.6643644913206737,2.752420183293701,2.752420183293701,1.530793053711907,1.530793053711907,2.2298603640786467,2.2298603640786467
2014-04-29T00:00:00.000,0.41091749990271503,-0.25344699141795857,-2.162525032840944,-1.2519009179860732,0.7348867080845594,4.560230158814292,3.8958656674936183,4.228047913153955,-0.6643644913206737,3.313737746956209,3.313737746956209,2.077351826552822,2.077351826552822,2.731920521273467,2.731920521273467,0.41091749990271503,-0.25344699141795857,-2.162525032840944,-0.9838146292860792,0.7348867080845594,4.292143870114298,3.6277793787936243,3.9599616244539613,-0.6643644913206737,3.058820593759517,3.058820593759517,1.8349744683561755,1.8349744683561755,2.4963342219993137,2.4963342219993137
2014-05-06T00:00:00.000,0.025116826910718613,0.33253947299616154,-2.162525032840944,-1.007383277683679,0.7348867080845594,3.9299118455199014,4.237334491605344,4.083623168562623,0.30742264608544295,2.670250298158516,2.670250298158516,2.3931117201611993,2.3931117201611993,2.5549957872562943,2.5549957872562943,0.41091749990271503,-0.25344699141795857,-2.162525032840944,-1.2519009179860732,0.7348867080845594,4.560230158814292,3.8958656674936183,4.228047913153955,-0.6643644913206737,3.313737746956209,3.313737746956209,2.077351826552822,2.077351826552822,2.731920521273467,2.731920521273467
2014-05-13T00:00:00.000,0.025116826910718613,0.33253947299616154,-2.162525032840944,-1.007383277683679,0.7348867080845594,3.9299118455199014,4.237334491605344,4.083623168562623,0.30742264608544295,2.6524125694314287,2.6524125694314287,2.367886111577956,2.367886111577956,2.5226900139150543,2.5226900139150543,0.025116826910718613,0.33253947299616154,-2.162525032840944,-1.007383277683679,0.7348867080845594,3.9299118455199014,4.237334491605344,4.083623168562623,0.30742264608544295,2.670250298158516,2.670250298158516,2.3931117201611993,2.3931117201611993,2.5549957872562943,2.5549957872562943
2014-05-20T00:00:00.000,0.025116826910718613,0.9394512010483181,-2.162525032840944,-1.007383277683679,0.2909070670044794,3.4859322044398215,4.400266578577421,3.943099391508621,0.9143343741375995,2.190595199624261,2.190595199624261,2.5055925899667897,2.5055925899667897,2.349860463519813,2.349860463519813,0.025116826910718613,0.33253947299616154,-2.162525032840944,-1.007383277683679,0.7348867080845594,3.9299118455199014,4.237334491605344,4.083623168562623,0.30742264608544295,2.6524125694314287,2.6524125694314287,2.367886111577956,2.367886111577956,2.5226900139150543,2.5226900139150543
2014-05-27T00:00:00.000,0.6806160756066173,1.3467852144325096,-1.5569988006832516,-0.7188156385779151,0.128825907211359,3.085256422079143,3.751425560905035,3.4183409914920895,0.6661691388258923,1.740751446901279,1.740751446901279,1.8548025411526972,1.8548025411526972,1.8241056855257571,1.8241056855257571,0.025116826910718613,0.9394512010483181,-2.162525032840944,-1.007383277683679,0.2909070670044794,3.4859322044398215,4.400266578577421,3.943099391508621,0.9143343741375995,2.190595199624261,2.190595199624261,2.5055925899667897,2.5055925899667897,2.349860463519813,2.349860463519813
2014-06-03T00:00:00.000,0.6806160756066173,1.3467852144325096,-1.840581591032427,-0.7188156385779151,0.128825907211359,3.3688392124283184,4.035008351254211,3.701923781841265,0.6661691388258923,1.9751662668881504,1.9751662668881504,2.1364363003601663,2.1364363003601663,2.1066920978974086,2.1066920978974086,0.6806160756066173,1.3467852144325096,-1.5569988006832516,-0.7188156385779151,0.128825907211359,3.085256422079143,3.751425560905035,3.4183409914920895,0.6661691388258923,1.740751446901279,1.740751446901279,1.8548025411526972,1.8548025411526972,1.8241056855257571,1.8241056855257571
2014-06-10T00:00:00.000,1.8405055620250188,1.3467852144325096,-1.840581591032427,-0.7188156385779151,0.128825907211359,4.52872869884672,4.035008351254211,4.281868525050465,-0.49372034759250916,3.135055753306552,3.135055753306552,2.125392805376007,2.125392805376007,2.6794554667200217,2.6794554667200217,0.6806160756066173,1.3467852144325096,-1.840581591032427,-0.7188156385779151,0.128825907211359,3.3688392124283184,4.035008351254211,3.701923781841265,0.6661691388258923,1.9751662668881504,1.9751662668881504,2.1364363003601663,2.1364363003601663,2.1066920978974086,2.1066920978974086
2014-06-17T00:00:00.000,1.9546596081837198,1.3467852144325096,-1.840581591032427,-0.7188156385779151,0.08244112242063027,4.596497960214692,3.988623566463482,4.292560763339087,-0.6078743937512101,3.202825014674524,3.202825014674524,2.067964525601118,2.067964525601118,2.6829663306220577,2.6829663306220577,1.8405055620250188,1.3467852144325096,-1.840581591032427,-0.7188156385779151,0.128825907211359,4.52872869884672,4.035008351254211,4.281868525050465,-0.49372034759250916,3.135055753306552,3.135055753306552,2.125392805376007,2.125392805376007,2.6794554667200217,2.6794554667200217
2014-06-24T00:00:00.000,1.9546596081837198,1.3467852144325096,-1.840581591032427,-0.7188156385779151,0.34163534925247596,4.855692187046538,4.247817793295328,4.551754990170933,-0.6078743937512101,3.420462174856328,3.420462174856328,2.2932343028984477,2.2932343028984477,2.932897348188412,2.932897348188412,1.9546596081837198,1.3467852144325096,-1.840581591032427,-0.7188156385779151,0.08244112242063027,4.596497960214692,3.988623566463482,4.292560763339087,-0.6078743937512101,3.202825014674524,3.202825014674524,2.067964525601118,2.067964525601118,2.6829663306220577,2.6829663306220577
2014-07-01T00:00:00.000,1.9546596081837198,1.3467852144325096,-1.840581591032427,-0.7188156385779151,0.34163534925247596,4.855692187046538,4.247817793295328,4.551754990170933,-0.6078743937512101,3.3789051082062866,3.3789051082062866,2.2593098533639315,2.2593098533639315,2.92363413892292,2.92363413892292,1.9546596081837198,1.3467852144325096,-1.840581591032427,-0.7188156385779151,0.34163534925247596,4.855692187046538,4.247817793295328,4.551754990170933,-0.6078743937512101,3.420462174856328,3.420462174856328,2.2932343028984477,2.2932343028984477,2.932897348188412,2.932897348188412
2014-07-08T00:00:00.000,1.9546596081837198,1.3467852144325096,-1.840581591032427,-0.6421160631109117,0.4765198404733049,4.913877102800363,4.306002709049153,4.609939905924758,-0.6078743937512101,3.435572573812797,3.435572573812797,2.316778395799451,2.316778395799451,2.972818231192199,2.972818231192199,1.9546596081837198,1.3467852144325096,-1.840581591032427,-0.7188156385779151,0.34163534925247596,4.855692187046538,4.247817793295328,4.551754990170933,-0.6078743937512101,3.3789051082062866,3.3789051082062866,2.2593098533639315,2.2593098533639315,2.92363413892292,2.92363413892292
2014-07-15T00:00:00.000,1.9546596081837198,1.2879813424528235,-1.840581591032427,-0.6421160631109117,0.4765198404733049,4.913877102800363,4.247198837069467,4.580537969934915,-0.6666782657308963,3.4340551236654813,3.435572573812797,2.25725815050146,2.2579745238197653,2.934415471717809,2.943416295202356,1.9546596081837198,1.3467852144325096,-1.840581591032427,-0.6421160631109117,0.4765198404733049,4.913877102800363,4.306002709049153,4.609939905924758,-0.6078743937512101,3.435572573812797,3.435572573812797,2.316778395799451,2.316778395799451,2.972818231192199,2.972818231192199
2014-07-22T00:00:00.000,1.9546596081837198,1.2879813424528235,-1.6714418136644729,-0.6421160631109117,0.4765198404733049,4.744737325432409,4.078059059701513,4.411398192566962,-0.6666782657308963,3.2594106151664723,3.2664327964448425,2.0881183731335056,2.088834746451811,2.765187406526497,2.7742765178344024,1.9546596081837198,1.2879813424528235,-1.840581591032427,-0.6421160631109117,0.4765198404733049,4.913877102800363,4.247198837069467,4.580537969934915,-0.6666782657308963,3.4340551236654813,3.435572573812797,2.25725815050146,2.2579745238197653,2.934415471717809,2.943416295202356
2014-07-29T00:00:00.000,1.9546596081837198,1.2879813424528235,-1.6306347985970193,-0.6421160631109117,0.4765198404733049,4.703930310364956,4.03725204463406,4.370591177499508,-0.6666782657308963,3.2130988689679647,3.2256257813773894,2.0473113580660525,2.048027731384358,2.724292103635684,2.7334695027669484,1.9546596081837198,1.2879813424528235,-1.6714418136644729,-0.6421160631109117,0.4765198404733049,4.744737325432409,4.078059059701513,4.411398192566962,-0.6666782657308963,3.2594106151664723,3.2664327964448425,2.0881183731335056,2.088834746451811,2.765187406526497,2.7742765178344024
2014-08-05T00:00:00.000,1.2925516063865292,1.2879813424528235,-1.6306347985970193,-0.6421160631109117,0.4765198404733049,4.041822308567765,4.03725204463406,4.039537176600913,-0.004570263933705743,2.5465266393583823,2.5635177795801987,2.0413845238912485,2.048027731384358,2.3898691889162915,2.4024155018683535,1.9546596081837198,1.2879813424528235,-1.6306347985970193,-0.6421160631109117,0.4765198404733049,4.703930310364956,4.03725204463406,4.370591177499508,-0.6666782657308963,3.2130988689679647,3.2256257813773894,2.0473113580660525,2.048027731384358,2.724292103635684,2.7334695027669484
2014-08-12T00:00:00.000,1.2925516063865292,1.2879813424528235,-1.6306347985970193,-0.6421160631109117,0.4765198404733049,4.041822308567765,4.03725204463406,4.039537176600913,-0.004570263933705743,2.542062411545991,2.5635177795801987,2.035457689716444,2.048027731384358,2.386500275095494,2.4024155018683535,1.2925516063865292,1.2879813424528235,-1.6306347985970193,-0.6421160631109117,0.4765198404733049,4.041822308567765,4.03725204463406,4.039537176600913,-0.004570263933705743,2.5465266393583823,2.5635177795801987,2.0413845238912485,2.048027731384358,2.3898691889162915,2.4024155018683535
2014-08-19T00:00:00.000,1.5452568395824156,1.1409364435924376,-1.6306347985970193,-0.6150286446679644,0.4765198404733049,4.2674401233207035,3.863119727330726,4.065279925325715,-0.40432039598997793,2.7385135781435883,2.7891355943331373,1.8597898056890267,1.8738954140810242,2.410200740929987,2.428158250593156,1.2925516063865292,1.2879813424528235,-1.6306347985970193,-0.6421160631109117,0.4765198404733049,4.041822308567765,4.03725204463406,4.039537176600913,-0.004570263933705743,2.542062411545991,2.5635177795801987,2.035457689716444,2.048027731384358,2.386500275095494,2.4024155018683535
2014-08-26T00:00:00.000,1.841642223149465,1.1409364435924376,-1.6306347985970193,-0.5856881379580797,0.2359467171275529,4.293911876832117,3.593206097275089,3.943558987053603,-0.7007057795570273,2.7358186834996605,2.8156073478445505,1.5883406089093062,1.6039817840253874,2.2864375197675657,2.306437312321044,1.5452568395824156,1.1409364435924376,-1.6306347985970193,-0.6150286446679644,0.4765198404733049,4.2674401233207035,3.863119727330726,4.065279925325715,-0.40432039598997793,2.7385135781435883,2.7891355943331373,1.8597898056890267,1.8738954140810242,2.410200740929987,2.428158250593156
2014-09-02T00:00:00.000,1.841642223149465,1.1409364435924376,-1.6306347985970193,-0.5856881379580797,0.11316463869298289,4.171129798397547,3.4704240188405193,3.8207769086190333,-0.7007057795570273,2.5931514337564563,2.6928252694099806,1.4575745795834938,1.4811997055908175,2.1561822267935233,2.183655233886474,1.841642223149465,1.1409364435924376,-1.6306347985970193,-0.5856881379580797,0.2359467171275529,4.293911876832117,3.593206097275089,3.943558987053603,-0.7007057795570273,2.7358186834996605,2.8156073478445505,1.5883406089093062,1.6039817840253874,2.2864375197675657,2.306437312321044
2014-09-09T00:00:00.000,1.841642223149465,1.1409364435924376,-1.6306347985970193,-0.5856881379580797,0.11316463869298289,4.171129798397547,3.4704240188405193,3.8207769086190333,-0.7007057795570273,2.5732662624478215,2.6928252694099806,1.4495906286922517,1.4811997055908175,2.148709012254051,2.183655233886474,1.841642223149465,1.1409364435924376,-1.6306347985970193,-0.5856881379580797,0.11316463869298289,4.171129798397547,3.4704240188405193,3.8207769086190333,-0.7007057795570273,2.5931514337564563,2.6928252694099806,1.4575745795834938,1.4811997055908175,2.1561822267935233,2.183655233886474
2014-09-16T00:00:00.000,1.841642223149465,0.652180219406892,-1.1666770265643258,-0.5856881379580797,0.5210733969031132,4.1150807845749835,2.9256187808324103,3.520349782703697,-1.189462003742573,2.512625013598352,2.6367762555874172,0.9047853906841428,0.9363944675827085,1.8401913574890738,1.8832281079711377,1.841642223149465,1.1409364435924376,-1.6306347985970193,-0.5856881379580797,0.11316463869298289,4.171129798397547,3.4704240188405193,3.8207769086190333,-0.7007057795570273,2.5732662624478215,2.6928252694099806,1.4495906286922517,1.4811997055908175,2.148709012254051,2.183655233886474
2014-09-23T00:00:00.000,1.841642223149465,1.0100840595605478,-1.1666770265643258,-0.5856881379580797,1.2706456670716637,4.864653054743535,4.033094891154617,4.448873972949076,-0.8315581635889171,3.2576050487399972,3.3863485257559685,2.0122615010063494,2.043870577904915,2.760625018884812,2.8117522982165166,1.841642223149465,0.652180219406892,-1.1666770265643258,-0.5856881379580797,0.5210733969031132,4.1150807845749835,2.9256187808324103,3.520349782703697,-1.189462003742573,2.512625013598352,2.6367762555874172,0.9047853906841428,0.9363944675827085,1.8401913574890738,1.8832281079711377
2014-09-30T00:00:00.000,1.841642223149465,1.0100840595605478,-1.1666770265643258,-0.5856881379580797,1.2706456670716637,4.864653054743535,4.033094891154617,4.448873972949076,-0.8315581635889171,3.2360022819433505,3.3863485257559685,1.9926979455161051,2.043870577904915,2.75299040352788,2.8117522982165166,1.841642223149465,1.0100840595605478,-1.1666770265643258,-0.5856881379580797,1.2706456670716637,4.864653054743535,4.033094891154617,4.448873972949076,-0.8315581635889171,3.2576050487399972,3.3863485257559685,2.0122615010063494,2.043870577904915,2.760625018884812,2.8117522982165166
2014-10-07T00:00:00.000,1.841642223149465,1.0100840595605478,-1.1666770265643258,-0.5311355019185536,1.2706456670716637,4.810100418704009,3.978542255115091,4.39432133690955,-0.8315581635889171,3.159846879107178,3.3317958897164424,1.9185817539863348,1.989317941865389,2.690803152131422,2.7571996621769905,1.841642223149465,1.0100840595605478,-1.1666770265643258,-0.5856881379580797,1.2706456670716637,4.864653054743535,4.033094891154617,4.448873972949076,-0.8315581635889171,3.2360022819433505,3.3863485257559685,1.9926979455161051,2.043870577904915,2.75299040352788,2.8117522982165166
2014-10-14T00:00:00.000,1.631205879149231,1.0100840595605478,-1.1666770265643258,-0.5019576335485909,1.2706456670716637,4.570486206333811,3.949364386745128,4.259925296539469,-0.6211218195886832,2.9116498450080144,3.092181677346245,1.882838485279946,1.9601400734954262,2.544974408664634,2.62280362180691,1.841642223149465,1.0100840595605478,-1.1666770265643258,-0.5311355019185536,1.2706456670716637,4.810100418704009,3.978542255115091,4.39432133690955,-0.8315581635889171,3.159846879107178,3.3317958897164424,1.9185817539863348,1.989317941865389,2.690803152131422,2.7571996621769905
2014-10-21T00:00:00.000,1.631205879149231,1.0100840595605478,-1.1666770265643258,-0.5019576335485909,1.2706456670716637,4.570486206333811,3.949364386745128,4.259925296539469,-0.6211218195886832,2.903067023279048,3.092181677346245,1.8762730849435196,1.9601400734954262,2.533541705567926,2.62280362180691,1.631205879149231,1.0100840595605478,-1.1666770265643258,-0.5019576335485909,1.2706456670716637,4.570486206333811,3.949364386745128,4.259925296539469,-0.6211218195886832,2.9116498450080144,3.092181677346245,1.882838485279946,1.9601400734954262,2.544974408664634,2.62280362180691
2014-10-28T00:00:00.000,1.631205879149231,1.0100840595605478,-1.1304937263338666,-0.5019576335485909,1.2706456670716637,4.534302906103353,3.913181086514669,4.223741996309011,-0.6211218195886832,2.861397156007704,3.0559983771157864,1.834398312929575,1.9239567732649672,2.4693925383840485,2.5866203215764516,1.631205879149231,1.0100840595605478,-1.1666770265643258,-0.5019576335485909,1.2706456670716637,4.570486206333811,3.949364386745128,4.259925296539469,-0.6211218195886832,2.903067023279048,3.092181677346245,1.8762730849435196,1.9601400734954262,2.533541705567926,2.62280362180691
2014-11-04T00:00:00.000,0.9899309299880725,1.0100840595605478,-1.1304937263338666,-0.5019576335485909,1.2706456670716637,3.8930279569421935,3.913181086514669,3.9031045217284315,0.02015312957247528,2.214635639805659,2.4147234279546272,1.8287068411460892,1.9239567732649672,2.1207891968500507,2.2659828469958723,1.631205879149231,1.0100840595605478,-1.1304937263338666,-0.5019576335485909,1.2706456670716637,4.534302906103353,3.913181086514669,4.223741996309011,-0.6211218195886832,2.861397156007704,3.0559983771157864,1.834398312929575,1.9239567732649672,2.4693925383840485,2.5866203215764516
2014-11-11T00:00:00.000,1.2355607237296258,0.4050204130771444,-1.318542705862176,-0.5019576335485909,0.7747270091575484,3.830788072297941,3.0002477616454595,3.4155179169717003,-0.8305403106524814,2.1523957551614066,2.352483543310375,0.9076314040878368,1.0110234483957576,1.5929887340311717,1.778396242239141,0.9899309299880725,1.0100840595605478,-1.1304937263338666,-0.5019576335485909,1.2706456670716637,3.8930279569421935,3.913181086514669,3.9031045217284315,0.02015312957247528,2.214635639805659,2.4147234279546272,1.8287068411460892,1.9239567732649672,2.1207891968500507,2.2659828469958723
2014-11-18T00:00:00.000,1.2355607237296258,0.4050204130771444,-1.318542705862176,-0.5019576335485909,0.06324403475736882,3.1193050978977617,2.28876478724528,2.7040349425715204,-0.8305403106524814,1.4409127807612272,1.6410005689101954,0.18800631749861463,0.29954047399557826,0.841291901568844,1.0669132678389612,1.2355607237296258,0.4050204130771444,-1.318542705862176,-0.5019576335485909,0.7747270091575484,3.830788072297941,3.0002477616454595,3.4155179169717003,-0.8305403106524814,2.1523957551614066,2.352483543310375,0.9076314040878368,1.0110234483957576,1.5929887340311717,1.778396242239141
2014-11-25T00:00:00.000,1.2355607237296258,0.4683565391277354,-1.42358988997355,-0.5019576335485909,-0.07583101334622604,3.0852772339055408,2.31807304930365,2.7016751416045954,-0.7672041846018904,1.3991401173594586,1.6069727049179745,0.21073448147603013,0.32884873605394827,0.8358663985730173,1.0645534668720362,1.2355607237296258,0.4050204130771444,-1.318542705862176,-0.5019576335485909,0.06324403475736882,3.1193050978977617,2.28876478724528,2.7040349425715204,-0.8305403106524814,1.4409127807612272,1.6410005689101954,0.18800631749861463,0.29954047399557826,0.841291901568844,1.0669132678389612
2014-12-02T00:00:00.000,1.2355607237296258,0.4683565391277354,-1.42358988997355,-0.7096881117842957,-1.3833640374238076,1.9854746880636638,1.2182705034617733,1.6018725957627185,-0.7672041846018904,0.291592772108034,0.5071701590760975,-0.8824879662848921,-0.7363129869351066,-0.26087044523995795,-0.016985046219802236,1.2355607237296258,0.4683565391277354,-1.42358988997355,-0.5019576335485909,-0.07583101334622604,3.0852772339055408,2.31807304930365,2.7016751416045954,-0.7672041846018904,1.3991401173594586,1.6069727049179745,0.21073448147603013,0.32884873605394827,0.8358663985730173,1.0645534668720362
2014-12-09T00:00:00.000,1.2355607237296258,0.4683565391277354,-1.42358988997355,-0.8272048293085182,-0.8655813130083645,2.6207741300033294,1.8535699454014392,2.237172037702384,-0.7672041846018904,0.9088278044499196,1.1424696010157631,-0.2390464121561835,-0.05604560047676488,0.37136329467080587,0.6183143957198634,1.2355607237296258,0.4683565391277354,-1.42358988997355,-0.7096881117842957,-1.3833640374238076,1.9854746880636638,1.2182705034617733,1.6018725957627185,-0.7672041846018904,0.291592772108034,0.5071701590760975,-0.8824879662848921,-0.7363129869351066,-0.26087044523995795,-0.016985046219802236
2014-12-16T00:00:00.000,1.2355607237296258,0.4683565391277354,-1.42358988997355,-0.8272048293085182,-0.8655813130083645,2.6207741300033294,1.8535699454014392,2.237172037702384,-0.7672041846018904,0.8907633948521394,1.1424696010157631,-0.23090429996714068,-0.04305307435089878,0.3682975926419041,0.6183143957198634,1.2355607237296258,0.4683565391277354,-1.42358988997355,-0.8272048293085182,-0.8655813130083645,2.6207741300033294,1.8535699454014392,2.237172037702384,-0.7672041846018904,0.9088278044499196,1.1424696010157631,-0.2390464121561835,-0.05604560047676488,0.37136329467080587,0.6183143957198634
2014-12-23T00:00:00.000,1.2355607237296258,0.4683565391277354,-1.42358988997355,-0.8930171922977753,-0.7143155347920482,2.8378522712089027,2.0706480866070125,2.4542501789079574,-0.7672041846018904,1.0715326860660852,1.3595477422213365,-0.008134686978081618,0.17402506685467456,0.5726625690586697,0.8353925369254367,1.2355607237296258,0.4683565391277354,-1.42358988997355,-0.8272048293085182,-0.8655813130083645,2.6207741300033294,1.8535699454014392,2.237172037702384,-0.7672041846018904,0.8907633948521394,1.1424696010157631,-0.23090429996714068,-0.04305307435089878,0.3682975926419041,0.6183143957198634
2014-12-30T00:00:00.000,1.1526820051726505,0.4683565391277354,-1.7409085898462455,-0.8930171922977753,-0.6913717673242878,3.0952360199923836,2.4109105539474687,2.753073286969926,-0.6843254660449152,1.2926075848579384,1.6169314910048174,0.32643630857888883,0.5142875341951307,0.858772512331831,1.1342156449874055,1.2355607237296258,0.4683565391277354,-1.42358988997355,-0.8930171922977753,-0.7143155347920482,2.8378522712089027,2.0706480866070125,2.4542501789079574,-0.7672041846018904,1.0715326860660852,1.3595477422213365,-0.008134686978081618,0.17402506685467456,0.5726625690586697,0.8353925369254367
2015-01-06T00:00:00.000,1.1526820051726505,0.4683565391277354,-1.7409085898462455,-0.8930171922977753,-0.6913717673242878,3.0952360199923836,2.4109105539474687,2.753073286969926,-0.6843254660449152,1.2926075848579384,1.6169314910048174,0.318294196389846,0.5142875341951307,0.8517868311146466,1.1342156449874055,1.1526820051726505,0.4683565391277354,-1.7409085898462455,-0.8930171922977753,-0.6913717673242878,3.0952360199923836,2.4109105539474687,2.753073286969926,-0.6843254660449152,1.2926075848579384,1.6169314910048174,0.32643630857888883,0.5142875341951307,0.858772512331831,1.1342156449874055
2015-01-13T00:00:00.000,0.843079727659385,0.30486433858108986,-1.7409085898462455,-0.8930171922977753,-0.6913717673242878,2.785633742479118,2.247418353400823,2.5165260479399705,-0.5382153890782951,0.9830053073446727,1.3073292134915517,0.1466598836541575,0.35079533364848503,0.6082539108675067,0.8976684059574498,1.1526820051726505,0.4683565391277354,-1.7409085898462455,-0.8930171922977753,-0.6913717673242878,3.0952360199923836,2.4109105539474687,2.753073286969926,-0.6843254660449152,1.2926075848579384,1.6169314910048174,0.318294196389846,0.5142875341951307,0.8517868311146466,1.1342156449874055
2015-01-20T00:00:00.000,0.5406078030773261,0.15332548564581994,-1.7409085898462455,-0.8930171922977753,-0.6913717673242878,2.4831618178970594,2.095879500465553,2.289520659181306,-0.3872823174315062,0.639851541238591,1.004857288909493,-0.002439484640556433,0.1992564807132151,0.37522648407768466,0.6706630171987853,0.843079727659385,0.30486433858108986,-1.7409085898462455,-0.8930171922977753,-0.6913717673242878,2.785633742479118,2.247418353400823,2.5165260479399705,-0.5382153890782951,0.9830053073446727,1.3073292134915517,0.1466598836541575,0.35079533364848503,0.6082539108675067,0.8976684059574498
2015-01-27T00:00:00.000,0.1204152846862115,-0.21194660032289475,-1.7409085898462455,-1.0477175295542605,-0.6913717673242878,2.2176696367624293,1.8853077517533234,2.0514886942578765,-0.33236188500910624,0.3336775185799379,0.7393651077748631,-0.2105717487122296,-0.0113152679990145,0.13117248112309765,0.4326310522753558,0.5406078030773261,0.15332548564581994,-1.7409085898462455,-0.8930171922977753,-0.6913717673242878,2.4831618178970594,2.095879500465553,2.289520659181306,-0.3872823174315062,0.639851541238591,1.004857288909493,-0.002439484640556433,0.1992564807132151,0.37522648407768466,0.6706630171987853
2015-02-03T00:00:00.000,-0.046421404557351074,-0.6567319969946943,-1.7409085898462455,-0.8776949832607642,-0.6913717673242878,1.880810401225371,1.2704998087880277,1.5756551050066991,-0.6103105924373432,-0.0015908584785602198,0.40250587223780476,-0.8196770641290385,-0.6261232109643102,-0.3386390700969222,-0.03007840923317473,0.1204152846862115,-0.21194660032289475,-1.7409085898462455,-1.0477175295542605,-0.6913717673242878,2.2176696367624293,1.8853077517533234,2.0514886942578765,-0.33236188500910624,0.3336775185799379,0.7393651077748631,-0.2105717487122296,-0.0113152679990145,0.13117248112309765,0.4326310522753558
2015-02-10T00:00:00.000,0.020723009666348307,-0.6567319969946943,-1.7409085898462455,-0.8776949832607642,-0.6913717673242878,1.9479548154490702,1.2704998087880277,1.609227312118549,-0.6774550066610426,0.06396269726657877,0.469650286461504,-0.8139744365805521,-0.6261232109643102,-0.2990448249539148,-0.0001835602992401597,-0.046421404557351074,-0.6567319969946943,-1.7409085898462455,-0.8776949832607642,-0.6913717673242878,1.880810401225371,1.2704998087880277,1.5756551050066991,-0.6103105924373432,-0.0015908584785602198,0.40250587223780476,-0.8196770641290385,-0.6261232109643102,-0.3386390700969222,-0.03007840923317473
2015-02-17T00:00:00.000,0.3254016794818909,-0.07007879052839489,-1.698433457657595,-0.6420202637227591,-1.5253539805012066,1.1405014203610384,0.7450209503507527,0.9427611853558956,-0.3954804700102858,-0.7418998393428928,-0.33780310862652785,-1.3337618232343416,-1.1516020694015854,-0.958525270499384,-0.6666496870618935,0.020723009666348307,-0.6567319969946943,-1.7409085898462455,-0.8776949832607642,-0.6913717673242878,1.9479548154490702,1.2704998087880277,1.609227312118549,-0.6774550066610426,0.06396269726657877,0.469650286461504,-0.8139744365805521,-0.6261232109643102,-0.2990448249539148,-0.0001835602992401597
2015-02-24T00:00:00.000,0.3254016794818909,-0.07007879052839489,-1.68524833877064,0.20767582672045443,-1.5775392348912343,0.22543495664084245,-0.1700455133694434,0.027694721635699526,-0.3954804700102858,-1.6553754445845286,-1.209795055549367,-2.243136815171052,-2.0666685331217813,-1.8666060530023956,-1.5778552323049342,0.3254016794818909,-0.07007879052839489,-1.698433457657595,-0.6420202637227591,-1.5253539805012066,1.1405014203610384,0.7450209503507527,0.9427611853558956,-0.3954804700102858,-0.7418998393428928,-0.33780310862652785,-1.3337618232343416,-1.1516020694015854,-0.958525270499384,-0.6666496870618935
2015-03-03T00:00:00.000,0.6096180232016193,-0.07007879052839489,-1.68524833877064,0.20767582672045443,-0.8809353352932489,1.2062551999585558,0.5265583862285419,0.8664067930935488,-0.6796968137300141,-0.6354642182213524,-0.22897481223165372,-1.5453113079757685,-1.370064633523796,-1.0151808167557388,-0.7391431608470849,0.3254016794818909,-0.07007879052839489,-1.68524833877064,0.20767582672045443,-1.5775392348912343,0.22543495664084245,-0.1700455133694434,0.027694721635699526,-0.3954804700102858,-1.6553754445845286,-1.209795055549367,-2.243136815171052,-2.0666685331217813,-1.8666060530023956,-1.5778552323049342
2015-03-10T00:00:00.000,0.6096180232016193,-0.06538157427507371,-1.68524833877064,1.6892405950523248,-0.3938153528300785,0.21181041408985557,-0.4631891833868371,-0.12568938464849078,-0.674999597476693,-1.5908180210445897,-1.223419598100354,-2.5338372699938496,-2.359812203139175,-1.9945638297089707,-1.7312393385891245,0.6096180232016193,-0.07007879052839489,-1.68524833877064,0.20767582672045443,-0.8809353352932489,1.2062551999585558,0.5265583862285419,0.8664067930935488,-0.6796968137300141,-0.6354642182213524,-0.22897481223165372,-1.5453113079757685,-1.370064633523796,-1.0151808167557388,-0.7391431608470849
2015-03-17T00:00:00.000,1.0546398139945654,0.061558392699205426,-1.2969875279928313,1.6892405950523248,-0.3938153528300785,0.2685713941049932,-0.7245100271903668,-0.22796931654268682,-0.99308142129536,-1.534057041029452,-1.1666586180852163,-2.789814321058251,-2.6211330469427048,-2.093778059574265,-1.8335192704833205,0.6096180232016193,-0.06538157427507371,-1.68524833877064,1.6892405950523248,-0.3938153528300785,0.21181041408985557,-0.4631891833868371,-0.12568938464849078,-0.674999597476693,-1.5908180210445897,-1.223419598100354,-2.5338372699938496,-2.359812203139175,-1.9945638297089707,-1.7312393385891245
2015-03-24T00:00:00.000,1.0546398139945654,0.061558392699205426,-1.2969875279928313,1.6892405950523248,-0.3938153528300785,0.2685713941049932,-0.7245100271903668,-0.22796931654268682,-0.99308142129536,-1.534057041029452,-1.1666586180852163,-2.784470528319123,-2.614500897372344,-2.090712357545363,-1.8335192704833205,1.0546398139945654,0.061558392699205426,-1.2969875279928313,1.6892405950523248,-0.3938153528300785,0.2685713941049932,-0.7245100271903668,-0.22796931654268682,-0.99308142129536,-1.534057041029452,-1.1666586180852163,-2.789814321058251,-2.6211330469427048,-2.093778059574265,-1.8335192704833205
2015-03-31T00:00:00.000,1.0546398139945654,0.08319276561990041,-1.7272535728381972,1.6892405950523248,-0.3938153528300785,0.6988374389503589,-0.2726096094243058,0.21311391476302655,-0.971447048374665,-1.0674821461924586,-0.7363925732398506,-2.3130065550628176,-2.142048458001687,-1.609415268177502,-1.3924360391776072,1.0546398139945654,0.061558392699205426,-1.2969875279928313,1.6892405950523248,-0.3938153528300785,0.2685713941049932,-0.7245100271903668,-0.22796931654268682,-0.99308142129536,-1.534057041029452,-1.1666586180852163,-2.784470528319123,-2.614500897372344,-2.090712357545363,-1.8335192704833205
2015-04-07T00:00:00.000,1.0546398139945654,0.08319276561990041,-2.1457958013568343,1.6892405950523248,-0.3938153528300785,1.1173796674689962,0.14593261909433108,0.6316561432816634,-0.971447048374665,-0.6126310676821938,-0.3178503447212133,-1.8749007710539365,-1.707637326307108,-1.1506591815967173,-0.9738938106589703,1.0546398139945654,0.08319276561990041,-1.7272535728381972,1.6892405950523248,-0.3938153528300785,0.6988374389503589,-0.2726096094243058,0.21311391476302655,-0.971447048374665,-1.0674821461924586,-0.7363925732398506,-2.3130065550628176,-2.142048458001687,-1.609415268177502,-1.3924360391776072
2015-04-14T00:00:00.000,1.0546398139945654,0.4426139838510037,-2.7620741290809394,1.6892405950523248,-0.3938153528300785,1.7336579951931013,1.1216321650495393,1.4276450801213203,-0.6120258301435617,0.0018236300209557577,0.255353466205535,-0.8992012250987282,-0.7319377803518998,-0.3267043778036418,-0.1779048738193134,1.0546398139945654,0.08319276561990041,-2.1457958013568343,1.6892405950523248,-0.3938153528300785,1.1173796674689962,0.14593261909433108,0.6316561432816634,-0.971447048374665,-0.6126310676821938,-0.3178503447212133,-1.8749007710539365,-1.707637326307108,-1.1506591815967173,-0.9738938106589703
2015-04-21T00:00:00.000,1.449291687178361,0.4426139838510037,-2.7620741290809394,1.6892405950523248,-0.3938153528300785,2.1283098683768973,1.1216321650495393,1.6249710167132183,-1.0066777033273573,0.394651873183796,0.6429831581109609,-0.8992012250987282,-0.7319377803518998,-0.10141257425832517,0.015560144295429179,1.0546398139945654,0.4426139838510037,-2.7620741290809394,1.6892405950523248,-0.3938153528300785,1.7336579951931013,1.1216321650495393,1.4276450801213203,-0.6120258301435617,0.0018236300209557577,0.255353466205535,-0.8992012250987282,-0.7319377803518998,-0.3267043778036418,-0.1779048738193134
2015-04-28T00:00:00.000,2.0163916391124097,0.7310029400616307,-2.7620741290809394,0.4582422093214169,-0.8326080648466442,3.4876154940252886,2.2022267949745093,2.844921144499898,-1.285388699050779,1.7194722788615153,1.9923198248159062,0.18139340482624178,0.33278794639712794,1.090571686574936,1.2276384197847743,1.449291687178361,0.4426139838510037,-2.7620741290809394,1.6892405950523248,-0.3938153528300785,2.1283098683768973,1.1216321650495393,1.6249710167132183,-1.0066777033273573,0.394651873183796,0.6429831581109609,-0.8992012250987282,-0.7319377803518998,-0.10141257425832517,0.015560144295429179
2015-05-05T00:00:00.000,2.4679511984209044,1.8887136157224562,-2.7620741290809394,1.3499734992303678,-0.4840851176081959,3.39596671066328,2.816729127964831,3.1063479193140564,-0.5792375826984482,1.5933382755288346,1.8670401654861648,0.7958957378165636,0.9472902793874498,1.3240325944356757,1.470801161848894,2.0163916391124097,0.7310029400616307,-2.7620741290809394,0.4582422093214169,-0.8326080648466442,3.4876154940252886,2.2022267949745093,2.844921144499898,-1.285388699050779,1.7194722788615153,1.9923198248159062,0.18139340482624178,0.33278794639712794,1.090571686574936,1.2276384197847743
2015-05-12T00:00:00.000,2.4679511984209044,1.8887136157224562,-2.7620741290809394,2.3792017209716523,0.04046795768567051,2.891291564215862,2.3120539815174133,2.6016727728666385,-0.5792375826984482,1.0886631290814166,1.2871181977512185,0.27165703587890144,0.44261513294003185,0.7791435899261099,0.9661260154014761,2.4679511984209044,1.8887136157224562,-2.7620741290809394,1.3499734992303678,-0.4840851176081959,3.39596671066328,2.816729127964831,3.1063479193140564,-0.5792375826984482,1.5933382755288346,1.8670401654861648,0.7958957378165636,0.9472902793874498,1.3240325944356757,1.470801161848894
2015-05-19T00:00:00.000,2.6979717534590812,1.8887136157224562,-2.7620741290809394,2.3792017209716523,0.04046795768567051,3.1213121192540387,2.3120539815174133,2.716683050385727,-0.809258137736625,1.3186836841195935,1.4311799818800284,0.2520934803886572,0.42206311133543606,0.8539400093830505,1.0671033505244645,2.4679511984209044,1.8887136157224562,-2.7620741290809394,2.3792017209716523,0.04046795768567051,2.891291564215862,2.3120539815174133,2.6016727728666385,-0.5792375826984482,1.0886631290814166,1.2871181977512185,0.27165703587890144,0.44261513294003185,0.7791435899261099,0.9661260154014761
2015-05-26T00:00:00.000,2.6979717534590812,1.8887136157224562,-2.7620741290809394,2.3792017209716523,0.04046795768567051,3.1213121192540387,2.3120539815174133,2.716683050385727,-0.809258137736625,1.2795927010741306,1.3894777540818932,0.2467496876495292,0.4154309617650753,0.8508743073541487,1.0616038659899987,2.6979717534590812,1.8887136157224562,-2.7620741290809394,2.3792017209716523,0.04046795768567051,3.1213121192540387,2.3120539815174133,2.716683050385727,-0.809258137736625,1.3186836841195935,1.4311799818800284,0.2520934803886572,0.42206311133543606,0.8539400093830505,1.0671033505244645
2015-06-02T00:00:00.000,2.6979717534590812,1.8887136157224562,-1.8831023299954197,3.428316801900262,0.3080304187002936,1.4607877002545329,0.6515295625179074,1.0561586313862201,-0.809258137736625,-0.3418407348799124,-0.27104666491761265,-1.4084309386108487,-1.2384613076640698,-0.8065844096164563,-0.5989205530095081,2.6979717534590812,1.8887136157224562,-2.7620741290809394,2.3792017209716523,0.04046795768567051,3.1213121192540387,2.3120539815174133,2.716683050385727,-0.809258137736625,1.2795927010741306,1.3894777540818932,0.2467496876495292,0.4154309617650753,0.8508743073541487,1.0616038659899987
2015-06-09T00:00:00.000,2.6979717534590812,1.8887136157224562,0.14135674800396658,3.428316801900262,0.610212878731549,-0.2614889177135984,-1.0707470554502232,-0.6661179865819102,-0.809258137736625,-2.0641173528480437,-1.993323282885744,-3.111144001088735,-2.9607379256322,-2.488647169522439,-2.3211971709776384,2.6979717534590812,1.8887136157224562,-1.8831023299954197,3.428316801900262,0.3080304187002936,1.4607877002545329,0.6515295625179074,1.0561586313862201,-0.809258137736625,-0.3418407348799124,-0.27104666491761265,-1.4084309386108487,-1.2384613076640698,-0.8065844096164563,-0.5989205530095081
2015-06-16T00:00:00.000,2.6979717534590812,1.8887136157224562,0.7817319051442556,3.428316801900262,0.610212878731549,-0.9018640748538873,-1.7111222125905123,-1.3064931437221996,-0.809258137736625,-2.7044925099883326,-2.5919962122278974,-3.73195560273878,-3.5805610611678937,-3.0888084686005803,-2.945497102831518,2.6979717534590812,1.8887136157224562,0.14135674800396658,3.428316801900262,0.610212878731549,-0.2614889177135984,-1.0707470554502232,-0.6661179865819102,-0.809258137736625,-2.0641173528480437,-1.993323282885744,-3.111144001088735,-2.9607379256322,-2.488647169522439,-2.3211971709776384
2015-06-23T00:00:00.000,2.6979717534590812,0.7147585246434427,0.7817319051442556,3.428316801900262,0.610212878731549,-0.9018640748538873,-2.885077303669526,-1.8934706892617066,-1.9832132288156386,-2.6700072900176606,-2.5919962122278974,-4.905910693817793,-4.738647249070965,-3.6478201471866685,-3.5107534139768304,2.6979717534590812,1.8887136157224562,0.7817319051442556,3.428316801900262,0.610212878731549,-0.9018640748538873,-1.7111222125905123,-1.3064931437221996,-0.809258137736625,-2.7044925099883326,-2.5919962122278974,-3.73195560273878,-3.5805610611678937,-3.0888084686005803,-2.945497102831518
2015-06-30T00:00:00.000,2.6979717534590812,0.7147585246434427,0.7817319051442556,3.428316801900262,0.610212878731549,-0.9018640748538873,-2.885077303669526,-1.8934706892617066,-1.9832132288156386,-2.6355220700469886,-2.4768707931631897,-4.905910693817793,-4.7040081870230575,-3.61985428023325,-3.5028815616794957,2.6979717534590812,0.7147585246434427,0.7817319051442556,3.428316801900262,0.610212878731549,-0.9018640748538873,-2.885077303669526,-1.8934706892617066,-1.9832132288156386,-2.6700072900176606,-2.5919962122278974,-4.905910693817793,-4.738647249070965,-3.6478201471866685,-3.5107534139768304
2015-07-07T00:00:00.000,2.106756009823755,0.7147585246434427,0.7817319051442556,3.428316801900262,0.610212878731549,-1.4930798184892136,-2.885077303669526,-2.1890785610793695,-1.3919974851803123,-3.224914183661359,-2.9883754876985957,-4.897926742926551,-4.655697771921698,-3.904029448954205,-3.794628515020003,2.6979717534590812,0.7147585246434427,0.7817319051442556,3.428316801900262,0.610212878731549,-0.9018640748538873,-2.885077303669526,-1.8934706892617066,-1.9832132288156386,-2.6355220700469886,-2.4768707931631897,-4.905910693817793,-4.7040081870230575,-3.61985428023325,-3.5028815616794957
2015-07-14T00:00:00.000,2.250313231496499,0.8224069331663152,1.0946428275582178,3.428316801900262,0.610212878731549,-1.6624335192304316,-3.0903398175606154,-2.3763866683955235,-1.4279062983301838,-3.392444254381622,-3.147760229496368,-5.095205305926399,-4.833764988773126,-4.079904853173651,-3.9651505187802325,2.106756009823755,0.7147585246434427,0.7817319051442556,3.428316801900262,0.610212878731549,-1.4930798184892136,-2.885077303669526,-2.1890785610793695,-1.3919974851803123,-3.224914183661359,-2.9883754876985957,-4.897926742926551,-4.655697771921698,-3.904029448954205,-3.794628515020003
2015-07-21T00:00:00.000,2.250313231496499,1.0051977811783879,1.0946428275582178,3.0355996459214505,0.610212878731549,-1.2697163632516202,-2.5148318135697316,-1.8922740884106757,-1.2451154503181112,-2.98166268880503,-2.7480208922391864,-4.5181617352114305,-4.244733040796033,-3.5881576578318715,-3.4444153315671895,2.250313231496499,0.8224069331663152,1.0946428275582178,3.428316801900262,0.610212878731549,-1.6624335192304316,-3.0903398175606154,-2.3763866683955235,-1.4279062983301838,-3.392444254381622,-3.147760229496368,-5.095205305926399,-4.833764988773126,-4.079904853173651,-3.9651505187802325
2015-07-28T00:00:00.000,2.250313231496499,1.0051977811783879,1.0946428275582178,2.323637765122894,0.5664349429738464,-0.6015324182107664,-1.8466478685288776,-1.224090143369822,-1.2451154503181112,-2.295414334166396,-2.0703198077581586,-3.8484422234464932,-3.510343349863251,-2.912339097434086,-2.7022263740836463,2.250313231496499,1.0051977811783879,1.0946428275582178,3.0355996459214505,0.610212878731549,-1.2697163632516202,-2.5148318135697316,-1.8922740884106757,-1.2451154503181112,-2.98166268880503,-2.7480208922391864,-4.5181617352114305,-4.244733040796033,-3.5881576578318715,-3.4444153315671895
2015-08-04T00:00:00.000,2.250313231496499,1.0051977811783879,1.0946428275582178,2.323637765122894,0.5664349429738464,-0.6015324182107664,-1.8466478685288776,-1.224090143369822,-1.2451154503181112,-2.2876695347568488,-1.9617570420187256,-3.8425153892716892,-3.4241401690455415,-2.9042485685844452,-2.627762283368292,2.250313231496499,1.0051977811783879,1.0946428275582178,2.323637765122894,0.5664349429738464,-0.6015324182107664,-1.8466478685288776,-1.224090143369822,-1.2451154503181112,-2.295414334166396,-2.0703198077581586,-3.8484422234464932,-3.510343349863251,-2.912339097434086,-2.7022263740836463
2015-08-11T00:00:00.000,2.250313231496499,1.0051977811783879,1.0946428275582178,2.1962531660067133,0.5664349429738464,-0.4741478190945856,-1.7192632694126968,-1.096705544253641,-1.2451154503181112,-2.15254013623112,-1.7206402309526687,-3.709203955980704,-3.27675813500358,-2.7687734406186237,-2.4710804240373974,2.250313231496499,1.0051977811783879,1.0946428275582178,2.323637765122894,0.5664349429738464,-0.6015324182107664,-1.8466478685288776,-1.224090143369822,-1.2451154503181112,-2.2876695347568488,-1.9617570420187256,-3.8425153892716892,-3.4241401690455415,-2.9042485685844452,-2.627762283368292
2015-08-18T00:00:00.000,2.250313231496499,1.0051977811783879,0.2515177205184111,2.1962531660067133,0.5664349429738464,0.3689772879452211,-0.8761381623728901,-0.2535804372138344,-1.2451154503181112,-1.3094150291913134,-0.862308439665195,-2.866078848940897,-2.4336330279637735,-1.9181751190393443,-1.6098227506880303,2.250313231496499,1.0051977811783879,1.0946428275582178,2.1962531660067133,0.5664349429738464,-0.4741478190945856,-1.7192632694126968,-1.096705544253641,-1.2451154503181112,-2.15254013623112,-1.7206402309526687,-3.709203955980704,-3.27675813500358,-2.7687734406186237,-2.4710804240373974
2015-08-25T00:00:00.000,2.250313231496499,1.3297658477941563,-0.3738014467179293,1.2527232393371055,0.5664349429738464,1.9378263818511692,1.0172789981488266,1.4775526899999978,-0.9205473837023428,0.2594340647146347,0.7065406542407531,-0.9726616884191805,-0.5077213296196332,-0.1795687772860397,0.1213103765258019,2.250313231496499,1.0051977811783879,0.2515177205184111,2.1962531660067133,0.5664349429738464,0.3689772879452211,-0.8761381623728901,-0.2535804372138344,-1.2451154503181112,-1.3094150291913134,-0.862308439665195,-2.866078848940897,-2.4336330279637735,-1.9181751190393443,-1.6098227506880303
2015-09-01T00:00:00.000,2.041349765660168,1.786043589427204,-0.7236277424301892,1.2527232393371055,0.5664349429738464,2.0786892117270983,1.823383035494134,1.9510361236106162,-0.25530617623296403,0.3925520951810162,0.7316337234224415,-0.16584127775556778,0.2658881699032507,0.2864414417851062,0.5766612438268599,2.250313231496499,1.3297658477941563,-0.3738014467179293,1.2527232393371055,0.5664349429738464,1.9378263818511692,1.0172789981488266,1.4775526899999978,-0.9205473837023428,0.2594340647146347,0.7065406542407531,-0.9726616884191805,-0.5077213296196332,-0.1795687772860397,0.1213103765258019
2015-09-08T00:00:00.000,2.5402863165896847,2.4342245692986277,-1.1047531431287976,1.2527232393371055,0.519761364268372,2.912077584649749,2.806015837358692,2.85904671100422,-0.106061747291057,1.2181956686941193,1.4432901951023571,0.8160751507906849,1.2485209717678087,1.1869788146392377,1.4553745710057502,2.041349765660168,1.786043589427204,-0.7236277424301892,1.2527232393371055,0.5664349429738464,2.0786892117270983,1.823383035494134,1.9510361236106162,-0.25530617623296403,0.3925520951810162,0.7316337234224415,-0.16584127775556778,0.2658881699032507,0.2864414417851062,0.5766612438268599
2015-09-15T00:00:00.000,2.5402863165896847,2.4342245692986277,-1.1047531431287976,1.2527232393371055,0.41099922406044404,2.803315444441821,2.697253697150764,2.750284570796292,-0.106061747291057,1.0913691188884114,1.3250109154542549,0.707313010582757,1.1197613966341,1.070126145581669,1.2976856857356331,2.5402863165896847,2.4342245692986277,-1.1047531431287976,1.2527232393371055,0.519761364268372,2.912077584649749,2.806015837358692,2.85904671100422,-0.106061747291057,1.2181956686941193,1.4432901951023571,0.8160751507906849,1.2485209717678087,1.1869788146392377,1.4553745710057502
2015-09-22T00:00:00.000,2.5402863165896847,2.4342245692986277,-1.2189008280205722,1.2081841564357796,0.2718268676922874,2.8228298558667646,2.7167681085757076,2.7697989822212365,-0.106061747291057,1.0928191207155746,1.3375031456008282,0.7268274220077005,1.0530726272413344,1.0815500281569725,1.2667089465680734,2.5402863165896847,2.4342245692986277,-1.1047531431287976,1.2527232393371055,0.41099922406044404,2.803315444441821,2.697253697150764,2.750284570796292,-0.106061747291057,1.0913691188884114,1.3250109154542549,0.707313010582757,1.1197613966341,1.070126145581669,1.2976856857356331
2015-09-29T00:00:00.000,2.5402863165896847,2.4342245692986277,-1.380636606966212,0.2515177205184111,-0.24166134711539433,3.4277438559220914,3.3216821086310344,3.374712982276563,-0.106061747291057,1.695909490749946,1.932448186712709,1.325814587888223,1.591780881404733,1.6788294128553671,1.822571739120049,2.5402863165896847,2.4342245692986277,-1.2189008280205722,1.2081841564357796,0.2718268676922874,2.8228298558667646,2.7167681085757076,2.7697989822212365,-0.106061747291057,1.0928191207155746,1.3375031456008282,0.7268274220077005,1.0530726272413344,1.0815500281569725,1.2667089465680734
2015-10-06T00:00:00.000,2.6011744010660767,2.4342245692986277,-1.380636606966212,-0.3738014467179293,-0.5897320923696797,3.765880362380538,3.598930530613089,3.682405446496814,-0.16694983176744893,2.032222367187437,2.1908736440712357,1.5971361756954736,1.8555053594005786,1.9788872617186863,2.0936415961121053,2.5402863165896847,2.4342245692986277,-1.380636606966212,0.2515177205184111,-0.24166134711539433,3.4277438559220914,3.3216821086310344,3.374712982276563,-0.106061747291057,1.695909490749946,1.932448186712709,1.325814587888223,1.591780881404733,1.6788294128553671,1.822571739120049
2015-10-13T00:00:00.000,2.6011744010660767,2.4342245692986277,-1.380636606966212,-0.26036912195503603,-0.5897320923696797,3.6524480376176447,3.485498205850196,3.5689731217339205,-0.16694983176744893,1.8843048224538714,1.9623159002436343,1.4821682842084969,1.7148777375980244,1.854022233859085,1.9634231677932867,2.6011744010660767,2.4342245692986277,-1.380636606966212,-0.3738014467179293,-0.5897320923696797,3.765880362380538,3.598930530613089,3.682405446496814,-0.16694983176744893,2.032222367187437,2.1908736440712357,1.5971361756954736,1.8555053594005786,1.9788872617186863,2.0936415961121053
2015-10-20T00:00:00.000,2.6011744010660767,2.4342245692986277,-1.380636606966212,-0.12688822230840835,-0.5897320923696797,3.5189671379710172,3.3520173062035683,3.435492222087293,-0.16694983176744893,1.716338702836572,1.7871327727988717,1.3471518178377853,1.5481798778036895,1.7091086311157495,1.8260813496695039,2.6011744010660767,2.4342245692986277,-1.380636606966212,-0.26036912195503603,-0.5897320923696797,3.6524480376176447,3.485498205850196,3.5689731217339205,-0.16694983176744893,1.8843048224538714,1.9623159002436343,1.4821682842084969,1.7148777375980244,1.854022233859085,1.9634231677932867
2015-10-27T00:00:00.000,2.6011744010660767,2.337136245891893,-1.832029038570248,-0.12688822230840835,-0.6384047811525069,3.921686880792226,3.657648725618043,3.789667803205134,-0.2640381551741835,2.119058445657781,2.153543665628453,1.6447992863610175,1.8191722351702564,2.0353183452801717,2.1723850784900103,2.6011744010660767,2.4342245692986277,-1.380636606966212,-0.12688822230840835,-0.5897320923696797,3.5189671379710172,3.3520173062035683,3.435492222087293,-0.16694983176744893,1.716338702836572,1.7871327727988717,1.3471518178377853,1.5481798778036895,1.7091086311157495,1.8260813496695039
2015-11-03T00:00:00.000,2.6011744010660767,2.337136245891893,-1.832029038570248,-0.12688822230840835,-0.7651634459162416,3.794928216028491,3.530890060854308,3.662909138441399,-0.2640381551741835,1.992299780894046,1.992299780894046,1.5100566707060405,1.677320115452869,1.8805938135630185,2.023905179332081,2.6011744010660767,2.337136245891893,-1.832029038570248,-0.12688822230840835,-0.6384047811525069,3.921686880792226,3.657648725618043,3.789667803205134,-0.2640381551741835,2.119058445657781,2.153543665628453,1.6447992863610175,1.8191722351702564,2.0353183452801717,2.1723850784900103
2015-11-10T00:00:00.000,2.6011744010660767,2.337136245891893,-1.832029038570248,0.03340792380409339,0.5386907496412531,4.938486265473484,4.674448110299301,4.806467187886392,-0.2640381551741835,3.0967668472935763,3.0967668472935763,2.6536147201510336,2.8050092617219198,2.9839380049458635,3.151388003490664,2.6011744010660767,2.337136245891893,-1.832029038570248,-0.12688822230840835,-0.7651634459162416,3.794928216028491,3.530890060854308,3.662909138441399,-0.2640381551741835,1.992299780894046,1.992299780894046,1.5100566707060405,1.677320115452869,1.8805938135630185,2.023905179332081
2015-11-17T00:00:00.000,2.6011744010660767,2.337136245891893,-1.832029038570248,0.6306581728831036,1.2357820471686292,5.03832731392185,4.774289158747667,4.906308236334758,-0.2640381551741835,3.157516912696479,3.155926054217919,2.7534557685993994,2.8713057624398237,3.0435651953320817,3.2336230256596075,2.6011744010660767,2.337136245891893,-1.832029038570248,0.03340792380409339,0.5386907496412531,4.938486265473484,4.674448110299301,4.806467187886392,-0.2640381551741835,3.0967668472935763,3.0967668472935763,2.6536147201510336,2.8050092617219198,2.9839380049458635,3.151388003490664
2015-11-24T00:00:00.000,2.1746503844863025,1.5771530227917494,-1.832029038570248,0.6306581728831036,1.9534433423387203,5.329464592512167,4.731967230817615,5.03071591166489,-0.5974973616945531,3.447063332808236,3.4185553424953365,2.691570285179103,2.7766673671024296,3.164907168633312,3.2552199141314198,2.6011744010660767,2.337136245891893,-1.832029038570248,0.6306581728831036,1.2357820471686292,5.03832731392185,4.774289158747667,4.906308236334758,-0.2640381551741835,3.157516912696479,3.155926054217919,2.7534557685993994,2.8713057624398237,3.0435651953320817,3.2336230256596075
2015-12-01T00:00:00.000,2.1746503844863025,1.3046051221859347,-1.832029038570248,0.6306581728831036,1.9534433423387203,5.329464592512167,4.4594193302118,4.894441961361983,-0.8700452623003678,3.4454724743296756,3.386573993862047,2.3994588290830436,2.4694786436437925,3.0255675163015034,3.0286332183304054,2.1746503844863025,1.5771530227917494,-1.832029038570248,0.6306581728831036,1.9534433423387203,5.329464592512167,4.731967230817615,5.03071591166489,-0.5974973616945531,3.447063332808236,3.4185553424953365,2.691570285179103,2.7766673671024296,3.164907168633312,3.2552199141314198
2015-12-08T00:00:00.000,2.1746503844863025,1.3046051221859347,-1.832029038570248,0.6306581728831036,1.9534433423387203,5.329464592512167,4.4594193302118,4.894441961361983,-0.8700452623003678,3.4374878347275044,3.3627498407558,2.3941150363439156,2.4635518094689886,3.0128543515126958,3.0128543515126958,2.1746503844863025,1.3046051221859347,-1.832029038570248,0.6306581728831036,1.9534433423387203,5.329464592512167,4.4594193302118,4.894441961361983,-0.8700452623003678,3.4454724743296756,3.386573993862047,2.3994588290830436,2.4694786436437925,3.0255675163015034,3.0286332183304054
2015-12-15T00:00:00.000,2.1006717651932814,1.097836477852602,-0.6680808100880904,0.6306581728831036,1.9534433423387203,4.091537744736989,3.088702457396309,3.5901201010666486,-1.0028352873406794,2.1915763473501553,2.0726068377287272,1.0180543707892964,1.0853725357546096,1.6958193264285535,1.688833645211369,2.1746503844863025,1.3046051221859347,-1.832029038570248,0.6306581728831036,1.9534433423387203,5.329464592512167,4.4594193302118,4.894441961361983,-0.8700452623003678,3.4374878347275044,3.3627498407558,2.3941150363439156,2.4635518094689886,3.0128543515126958,3.0128543515126958
2015-12-22T00:00:00.000,1.349699808562537,0.2703699800201096,-0.9210127417109459,0.6306581728831036,1.9534433423387203,3.5934977197290996,2.5141678911866725,3.053832805457886,-1.0793298285424273,1.682868362814879,1.5279595508891202,0.44229819698236206,0.48175489643940317,1.1525463496026065,1.124178675116346,2.1006717651932814,1.097836477852602,-0.6680808100880904,0.6306581728831036,1.9534433423387203,4.091537744736989,3.088702457396309,3.5901201010666486,-1.0028352873406794,2.1915763473501553,2.0726068377287272,1.0180543707892964,1.0853725357546096,1.6958193264285535,1.688833645211369
2015-12-29T00:00:00.000,1.1287419025787124,0.2703699800201096,-0.9210127417109459,0.6306581728831036,1.9534433423387203,3.372539813745275,2.5141678911866725,2.9433538524659735,-0.8583719225586028,1.4512424973036677,1.2690402736932769,0.4410765893850641,0.44886359731878844,1.0350817153935097,0.9572538375304487,1.349699808562537,0.2703699800201096,-0.9210127417109459,0.6306581728831036,1.9534433423387203,3.5934977197290996,2.5141678911866725,3.053832805457886,-1.0793298285424273,1.682868362814879,1.5279595508891202,0.44229819698236206,0.48175489643940317,1.1525463496026065,1.124178675116346
2016-01-05T00:00:00.000,1.1287419025787124,0.28642623709312975,-1.1703141124041665,0.28230171258835707,1.9534433423387203,3.9701976447332425,3.1278819792476593,3.5490398119904505,-0.8423156654855827,2.046981537537515,1.7972078921635792,1.0490992056625652,1.0560122850433489,1.6347456368868292,1.5172874059517039,1.1287419025787124,0.2703699800201096,-0.9210127417109459,0.6306581728831036,1.9534433423387203,3.372539813745275,2.5141678911866725,2.9433538524659735,-0.8583719225586028,1.4512424973036677,1.2690402736932769,0.4410765893850641,0.44886359731878844,1.0350817153935097,0.9572538375304487
2016-01-12T00:00:00.000,1.0222650216373523,0.28642623709312975,-1.1703141124041665,0.23333423387430866,1.5928594032996313,3.552104303466841,2.816265518922619,3.18418491119473,-0.7358387845442226,1.6269694055169932,1.2142802451085002,0.7317912735540393,0.7317801177890386,1.2638686980599512,1.1372701111572616,1.1287419025787124,0.28642623709312975,-1.1703141124041665,0.28230171258835707,1.9534433423387203,3.9701976447332425,3.1278819792476593,3.5490398119904505,-0.8423156654855827,2.046981537537515,1.7972078921635792,1.0490992056625652,1.0560122850433489,1.6347456368868292,1.5172874059517039
2016-01-19T00:00:00.000,0.39960058421976624,0.28642623709312975,-1.1703141124041665,0.23333423387430866,1.5928594032996313,2.9294398660492553,2.816265518922619,2.872852692485937,-0.11317434712663649,0.9979592261487469,0.45886971712360003,0.7260886460055529,0.7179465338165096,0.9371765241132395,0.7706931141144353,1.0222650216373523,0.28642623709312975,-1.1703141124041665,0.23333423387430866,1.5928594032996313,3.552104303466841,2.816265518922619,3.18418491119473,-0.7358387845442226,1.6269694055169932,1.2142802451085002,0.7317912735540393,0.7317801177890386,1.2638686980599512,1.1372701111572616
2016-01-26T00:00:00.000,0.39960058421976624,1.0467003727657962,-1.1703141124041665,-0.3133093993731789,1.5928594032996313,3.4760834992967427,4.123183287842773,3.7996333935697577,0.6470997885460299,1.5382571174455735,0.9466227414762365,2.0273037873772197,2.015844720015153,1.8485972699591415,1.6468029310846308,0.39960058421976624,0.28642623709312975,-1.1703141124041665,0.23333423387430866,1.5928594032996313,2.9294398660492553,2.816265518922619,2.872852692485937,-0.11317434712663649,0.9979592261487469,0.45886971712360003,0.7260886460055529,0.7179465338165096,0.9371765241132395,0.7706931141144353
2016-02-02T00:00:00.000,0.9294028916474445,1.7772541145841894,-1.1703141124041665,-0.43686866285674053,1.5928594032996313,4.129445070207983,4.977296293144727,4.5533706816763555,0.8478512229367449,2.186554471557863,1.5536853724640305,2.8789773080386176,2.8613284337099056,2.5672706667408307,2.3583694315826,0.39960058421976624,1.0467003727657962,-1.1703141124041665,-0.3133093993731789,1.5928594032996313,3.4760834992967427,4.123183287842773,3.7996333935697577,0.6470997885460299,1.5382571174455735,0.9466227414762365,2.0273037873772197,2.015844720015153,1.8485972699591415,1.6468029310846308
2016-02-09T00:00:00.000,0.9294028916474445,1.7772541145841894,-1.1703141124041665,-0.43686866285674053,1.5928594032996313,4.129445070207983,4.977296293144727,4.5533706816763555,0.8478512229367449,2.181490254758913,1.5536853724640305,2.8765378233980616,2.830345669164711,2.532206775415922,2.3161986439739715,0.9294028916474445,1.7772541145841894,-1.1703141124041665,-0.43686866285674053,1.5928594032996313,4.129445070207983,4.977296293144727,4.5533706816763555,0.8478512229367449,2.186554471557863,1.5536853724640305,2.8789773080386176,2.8613284337099056,2.5672706667408307,2.3583694315826
2016-02-16T00:00:00.000,0.9294028916474445,2.415820475854927,-1.1703141124041665,-0.6556903189708118,1.3719844069452976,4.12739172996772,5.613809314175203,4.870600522071461,1.4864175842074827,2.1641864000203035,1.5291248160940794,3.506470746347583,3.4247538191884663,2.8452428549501114,2.607254173629616,0.9294028916474445,1.7772541145841894,-1.1703141124041665,-0.43686866285674053,1.5928594032996313,4.129445070207983,4.977296293144727,4.5533706816763555,0.8478512229367449,2.181490254758913,1.5536853724640305,2.8765378233980616,2.830345669164711,2.532206775415922,2.3161986439739715
2016-02-23T00:00:00.000,1.6008523271133601,2.6605827490666023,-1.2485606503736884,-0.6556903189708118,1.2447508130955702,4.74985410955343,5.8095845315066725,5.279719320530052,1.0597304219532422,2.771398265107667,2.129079979550101,3.695665865598098,3.6047461892368613,3.2501678925477866,2.9898026944119653,0.9294028916474445,2.415820475854927,-1.1703141124041665,-0.6556903189708118,1.3719844069452976,4.12739172996772,5.613809314175203,4.870600522071461,1.4864175842074827,2.1641864000203035,1.5291248160940794,3.506470746347583,3.4247538191884663,2.8452428549501114,2.607254173629616
2016-03-01T00:00:00.000,1.6008523271133601,2.6605827490666023,-1.2485606503736884,-0.6556903189708118,-0.9668737262663715,2.538229570191489,3.597959992144731,3.06809478116811,1.0597304219532422,0.5597737257457258,-0.08254455981184039,1.4819921327099097,1.3898700731339204,1.0353477151110333,0.7696107556004224,1.6008523271133601,2.6605827490666023,-1.2485606503736884,-0.6556903189708118,1.2447508130955702,4.74985410955343,5.8095845315066725,5.279719320530052,1.0597304219532422,2.771398265107667,2.129079979550101,3.695665865598098,3.6047461892368613,3.2501678925477866,2.9898026944119653
2016-03-08T00:00:00.000,1.6008523271133601,2.6605827490666023,-1.5507022740312317,-0.6556903189708118,-0.9668737262663715,2.840371193849032,3.9001016158022743,3.3702364048256532,1.0597304219532422,0.861915349403269,0.19690470572822338,1.7820845628412063,1.6784093212698394,1.334293700693765,1.0499203754964235,1.6008523271133601,2.6605827490666023,-1.2485606503736884,-0.6556903189708118,-0.9668737262663715,2.538229570191489,3.597959992144731,3.06809478116811,1.0597304219532422,0.5597737257457258,-0.08254455981184039,1.4819921327099097,1.3898700731339204,1.0353477151110333,0.7696107556004224
2016-03-15T00:00:00.000,1.6008523271133601,2.6605827490666023,-1.5507022740312317,-0.6556903189708118,-1.2090943403121177,2.598150579803286,3.657881001756528,3.128015790779907,1.0597304219532422,0.6161853135485722,-0.04531590831752297,1.5366119497300277,1.4168445047519356,1.0888739858054328,0.7662686136012535,1.6008523271133601,2.6605827490666023,-1.5507022740312317,-0.6556903189708118,-0.9668737262663715,2.840371193849032,3.9001016158022743,3.3702364048256532,1.0597304219532422,0.861915349403269,0.19690470572822338,1.7820845628412063,1.6784093212698394,1.334293700693765,1.0499203754964235
2016-03-22T00:00:00.000,2.044372161624952,2.6605827490666023,-1.5507022740312317,-0.695409900423255,-1.059322921831087,3.2311614142483522,3.847372001690002,3.539266707969177,0.6162105874416501,1.2456867261846885,0.5385444879142307,1.7228509505980694,1.5931819193492358,1.4969258021521172,1.1214573752950439,1.6008523271133601,2.6605827490666023,-1.5507022740312317,-0.6556903189708118,-1.2090943403121177,2.598150579803286,3.657881001756528,3.128015790779907,1.0597304219532422,0.6161853135485722,-0.04531590831752297,1.5366119497300277,1.4168445047519356,1.0888739858054328,0.7662686136012535
2016-03-29T00:00:00.000,2.044372161624952,2.6605827490666023,-1.5507022740312317,-0.7253502317615402,-1.059322921831087,3.2611017455866373,3.8773123330282875,3.5692070393074626,0.6162105874416501,1.2733569325684422,0.5129984632405278,1.752791281936355,1.6024490337652928,1.5222922392699942,1.1223694307171734,2.044372161624952,2.6605827490666023,-1.5507022740312317,-0.695409900423255,-1.059322921831087,3.2311614142483522,3.847372001690002,3.539266707969177,0.6162105874416501,1.2456867261846885,0.5385444879142307,1.7228509505980694,1.5931819193492358,1.4969258021521172,1.1214573752950439
2016-04-05T00:00:00.000,2.044372161624952,2.6605827490666023,-1.5507022740312317,-0.7498324068681289,-1.059322921831087,3.285583920693226,3.901794508134876,3.5936892144140513,0.6162105874416501,1.2955689827204997,0.5078765629474691,1.7772734570429436,1.6030223294415817,1.5422005201561748,1.1427769721542393,2.044372161624952,2.6605827490666023,-1.5507022740312317,-0.7253502317615402,-1.059322921831087,3.2611017455866373,3.8773123330282875,3.5692070393074626,0.6162105874416501,1.2733569325684422,0.5129984632405278,1.752791281936355,1.6024490337652928,1.5222922392699942,1.1223694307171734
2016-04-12T00:00:00.000,2.044372161624952,1.758590935333542,-1.5507022740312317,-0.639966888609796,-0.9226559150767027,3.312385409189277,3.026604182897867,3.169494796043572,-0.2857812262914101,1.2911843772264837,0.5340717811030116,0.8909684021949364,0.7161874070685061,1.1096245514016734,0.6959212094624943,2.044372161624952,2.6605827490666023,-1.5507022740312317,-0.7498324068681289,-1.059322921831087,3.285583920693226,3.901794508134876,3.5936892144140513,0.6162105874416501,1.2955689827204997,0.5078765629474691,1.7772734570429436,1.6030223294415817,1.5422005201561748,1.1427769721542393
2016-04-19T00:00:00.000,2.044372161624952,1.538999011165024,-1.5507022740312317,-0.639966888609796,-0.9226559150767027,3.312385409189277,2.807012258729349,3.0596988339593127,-0.5053731504599281,1.259998283236417,0.5303964884780763,0.660261748415421,0.49495827721193564,0.9914470389333916,0.5549873128622282,2.044372161624952,1.758590935333542,-1.5507022740312317,-0.639966888609796,-0.9226559150767027,3.312385409189277,3.026604182897867,3.169494796043572,-0.2857812262914101,1.2911843772264837,0.5340717811030116,0.8909684021949364,0.7161874070685061,1.1096245514016734,0.6959212094624943
2016-04-26T00:00:00.000,2.044372161624952,1.3338805883029141,-1.2908472301122789,-0.639966888609796,-0.4113132670995787,3.5638730132474485,2.8533814399254105,3.2086272265864295,-0.710491573322038,1.5094925990230355,0.7693984197869792,0.7066309296114826,0.5413274584079972,1.1356836917218773,0.649527816183125,2.044372161624952,1.538999011165024,-1.5507022740312317,-0.639966888609796,-0.9226559150767027,3.312385409189277,2.807012258729349,3.0596988339593127,-0.5053731504599281,1.259998283236417,0.5303964884780763,0.660261748415421,0.49495827721193564,0.9914470389333916,0.5549873128622282
2016-05-03T00:00:00.000,2.044372161624952,1.2380360460400088,-1.2908472301122789,-0.639966888609796,-0.4113132670995787,3.5638730132474485,2.757536897662505,3.1607049554549764,-0.8063361155849433,1.5074993107514825,0.7529522645761082,0.6107863873485773,0.44247338225197375,1.0830696807517932,0.5342447378623261,2.044372161624952,1.3338805883029141,-1.2908472301122789,-0.639966888609796,-0.4113132670995787,3.5638730132474485,2.8533814399254105,3.2086272265864295,-0.710491573322038,1.5094925990230355,0.7693984197869792,0.7066309296114826,0.5413274584079972,1.1356836917218773,0.649527816183125
2016-05-10T00:00:00.000,1.4865247742197012,0.7872690449993704,-1.2908472301122789,-0.639966888609796,-0.4113132670995787,3.006025625842197,2.3067698966218666,2.656397761232032,-0.6992557292203307,0.9384941687306645,0.1853476714583846,0.14545254396542084,-0.008293618788664858,0.578762486528849,0.0025750494566851856,2.044372161624952,1.2380360460400088,-1.2908472301122789,-0.639966888609796,-0.4113132670995787,3.5638730132474485,2.757536897662505,3.1607049554549764,-0.8063361155849433,1.5074993107514825,0.7529522645761082,0.6107863873485773,0.44247338225197375,1.0830696807517932,0.5342447378623261
2016-05-17T00:00:00.000,1.4865247742197012,1.7829386065291424,-1.2189574981632891,-0.639966888609796,-0.4113132670995787,2.934135893893208,3.230549726202649,3.082342810047928,0.2964138323094412,0.8554466821661095,0.1037948303553744,1.054665531203685,0.8800113968599224,1.0047075353447448,0.40330635862961417,1.4865247742197012,0.7872690449993704,-1.2908472301122789,-0.639966888609796,-0.4113132670995787,3.006025625842197,2.3067698966218666,2.656397761232032,-0.6992557292203307,0.9384941687306645,0.1853476714583846,0.14545254396542084,-0.008293618788664858,0.578762486528849,0.0025750494566851856
2016-05-24T00:00:00.000,1.4865247742197012,1.7829386065291424,-1.2189574981632891,-0.639966888609796,0.14410766152504348,3.4895568225178297,3.785970654827271,3.6377637386725503,0.2964138323094412,1.4093959578756006,0.6504450899888625,1.5969151598405342,1.4354323254845442,1.5541522442806115,0.9349086965844924,1.4865247742197012,1.7829386065291424,-1.2189574981632891,-0.639966888609796,-0.4113132670995787,2.934135893893208,3.230549726202649,3.082342810047928,0.2964138323094412,0.8554466821661095,0.1037948303553744,1.054665531203685,0.8800113968599224,1.0047075353447448,0.40330635862961417
2016-05-31T00:00:00.000,1.5050466377669478,1.7829386065291424,-1.3079040598302134,-0.8737747362140177,0.14410766152504348,3.8308330953362226,4.108725064098417,3.96977907971732,0.2778919687621946,1.7492005777788622,0.9917213628072554,1.9064982691239076,1.7581867347556903,1.8801913656366254,1.2669240376292619,1.4865247742197012,1.7829386065291424,-1.2189574981632891,-0.639966888609796,0.14410766152504348,3.4895568225178297,3.785970654827271,3.6377637386725503,0.2964138323094412,1.4093959578756006,0.6504450899888625,1.5969151598405342,1.4354323254845442,1.5541522442806115,0.9349086965844924
2016-06-07T00:00:00.000,1.5050466377669478,1.7829386065291424,-1.4427122703663318,-0.8869417194023459,0.14410766152504348,3.9788082890606686,4.256700257822864,4.117754273441766,0.2778919687621946,1.8738370960935398,1.130441791655005,2.0518619155530526,1.9061619284801372,2.022512546843787,1.4073952769631424,1.5050466377669478,1.7829386065291424,-1.3079040598302134,-0.8737747362140177,0.14410766152504348,3.8308330953362226,4.108725064098417,3.96977907971732,0.2778919687621946,1.7492005777788622,0.9917213628072554,1.9064982691239076,1.7581867347556903,1.8801913656366254,1.2669240376292619
2016-06-14T00:00:00.000,1.5050466377669478,1.7829386065291424,-1.4427122703663318,-0.8869417194023459,0.14410766152504348,3.9788082890606686,4.256700257822864,4.117754273441766,0.2778919687621946,1.8504984206837714,1.1049816064715898,2.0492503682577503,1.8698852454396637,2.016858534326503,1.401071223056039,1.5050466377669478,1.7829386065291424,-1.4427122703663318,-0.8869417194023459,0.14410766152504348,3.9788082890606686,4.256700257822864,4.117754273441766,0.2778919687621946,1.8738370960935398,1.130441791655005,2.0518619155530526,1.9061619284801372,2.022512546843787,1.4073952769631424
2016-06-21T00:00:00.000,1.5050466377669478,1.7829386065291424,-1.4427122703663318,-0.8896869445508317,0.14410766152504348,3.9815535142091547,4.2594454829713495,4.120499498590252,0.2778919687621946,1.8501800003916569,1.079868939776349,2.0513555639605388,1.8586769983053166,2.0196037594749896,1.3870156879992428,1.5050466377669478,1.7829386065291424,-1.4427122703663318,-0.8869417194023459,0.14410766152504348,3.9788082890606686,4.256700257822864,4.117754273441766,0.2778919687621946,1.8504984206837714,1.1049816064715898,2.0492503682577503,1.8698852454396637,2.016858534326503,1.401071223056039
2016-06-28T00:00:00.000,1.5050466377669478,1.7829386065291424,-1.4427122703663318,-0.8689860482680476,0.14410766152504348,3.9608526179263706,4.238744586688565,4.099798602307468,0.2778919687621946,1.8264154586682717,1.0400938925768681,2.030014638232057,1.8278340327410962,1.998902863192205,1.3481196734243586,1.5050466377669478,1.7829386065291424,-1.4427122703663318,-0.8896869445508317,0.14410766152504348,3.9815535142091547,4.2594454829713495,4.120499498590252,0.2778919687621946,1.8501800003916569,1.079868939776349,2.0513555639605388,1.8586769983053166,2.0196037594749896,1.3870156879992428
2016-07-05T00:00:00.000,1.5050466377669478,1.6765023365122687,-1.4427122703663318,-0.3402771956150443,0.14410766152504348,3.4321437652733673,3.603599464018688,3.517871614646028,0.17145569874532085,1.2977066060152684,0.5003558853021355,1.381907169486253,1.1892739969682347,1.3940506240459714,0.7647983276761017,1.5050466377669478,1.7829386065291424,-1.4427122703663318,-0.8689860482680476,0.14410766152504348,3.9608526179263706,4.238744586688565,4.099798602307468,0.2778919687621946,1.8264154586682717,1.0400938925768681,2.030014638232057,1.8278340327410962,1.998902863192205,1.3481196734243586
2016-07-12T00:00:00.000,1.5050466377669478,1.6765023365122687,-1.4427122703663318,0.836126926849839,-0.34949731102276427,1.7621346702606764,1.933590369005997,1.847862519633337,0.17145569874532085,-0.37230248899742246,-1.1696532097105554,-0.27513957945051093,-0.48073509804445624,-0.2530332194819258,-0.9052107673365892,1.5050466377669478,1.6765023365122687,-1.4427122703663318,-0.3402771956150443,0.14410766152504348,3.4321437652733673,3.603599464018688,3.517871614646028,0.17145569874532085,1.2977066060152684,0.5003558853021355,1.381907169486253,1.1892739969682347,1.3940506240459714,0.7647983276761017
2016-07-19T00:00:00.000,1.087510040489411,1.6765023365122687,-1.4427122703663318,0.836126926849839,-0.34949731102276427,1.3445980729831395,1.933590369005997,1.6390942209945685,0.5889922960228577,-0.7867754408343584,-1.5871898069880923,-0.27449955000481374,-0.48073509804445624,-0.46180151812069425,-1.1139790659753577,1.5050466377669478,1.6765023365122687,-1.4427122703663318,0.836126926849839,-0.34949731102276427,1.7621346702606764,1.933590369005997,1.847862519633337,0.17145569874532085,-0.37230248899742246,-1.1696532097105554,-0.27513957945051093,-0.48073509804445624,-0.2530332194819258,-0.9052107673365892
2016-07-26T00:00:00.000,1.087510040489411,1.6765023365122687,-1.3588528889126466,0.836126926849839,-0.6771490463963352,0.933086956155883,1.522079252178741,1.2275831041673124,0.5889922960228577,-1.1952229122210143,-1.9987009238153488,-0.6853706373863726,-0.8922462148717123,-0.8733126349479503,-1.5254901828026137,1.087510040489411,1.6765023365122687,-1.4427122703663318,0.836126926849839,-0.34949731102276427,1.3445980729831395,1.933590369005997,1.6390942209945685,0.5889922960228577,-0.7867754408343584,-1.5871898069880923,-0.27449955000481374,-0.48073509804445624,-0.46180151812069425,-1.1139790659753577
2016-08-02T00:00:00.000,1.087510040489411,1.6765023365122687,-0.8896869445508317,0.9357140950265407,-0.6904257758408657,0.35105711417283625,0.940049410195694,0.6455532621842655,0.5889922960228577,-1.7539140787942926,-2.5807307657983953,-1.2647889320741172,-1.4742760568547593,-1.4496884644137134,-2.1075200247856607,1.087510040489411,1.6765023365122687,-1.3588528889126466,0.836126926849839,-0.6771490463963352,0.933086956155883,1.522079252178741,1.2275831041673124,0.5889922960228577,-1.1952229122210143,-1.9987009238153488,-0.6853706373863726,-0.8922462148717123,-0.8733126349479503,-1.5254901828026137
2016-08-09T00:00:00.000,1.087510040489411,1.6765023365122687,-0.8689860482680476,0.9357140950265407,-0.6904257758408657,0.3303562178900521,0.9193485139129098,0.6248523659014809,0.5889922960228577,-1.7512762996673084,-2.60143166208118,-1.2828782810615995,-1.4949769531375434,-1.4647353481792136,-2.1282209210684453,1.087510040489411,1.6765023365122687,-0.8896869445508317,0.9357140950265407,-0.6904257758408657,0.35105711417283625,0.940049410195694,0.6455532621842655,0.5889922960228577,-1.7539140787942926,-2.5807307657983953,-1.2647889320741172,-1.4742760568547593,-1.4496884644137134,-2.1075200247856607
2016-08-16T00:00:00.000,1.087510040489411,1.6765023365122687,-0.5630231077585036,0.9357140950265407,-0.6904257758408657,0.024393277380508227,0.6133855734033657,0.3188894253919372,0.5889922960228577,-2.055767587261721,-2.9073946025907236,-1.575669921583371,-1.8009398936470875,-1.7647220690000016,-2.434183861577989,1.087510040489411,1.6765023365122687,-0.8689860482680476,0.9357140950265407,-0.6904257758408657,0.3303562178900521,0.9193485139129098,0.6248523659014809,0.5889922960228577,-1.7512762996673084,-2.60143166208118,-1.2828782810615995,-1.4949769531375434,-1.4647353481792136,-2.1282209210684453
2016-08-23T00:00:00.000,0.40740260861199146,0.14449081835796723,-0.5630231077585036,0.9357140950265407,-0.16815776315108227,-0.133446141807128,-0.3963579320611521,-0.26490203693414005,-0.2629117902540242,-2.2121353535342263,-3.06523402177836,-2.5722421270601163,-2.810683399111605,-2.342537311637323,-3.017975323904066,1.087510040489411,1.6765023365122687,-0.5630231077585036,0.9357140950265407,-0.6904257758408657,0.024393277380508227,0.6133855734033657,0.3188894253919372,0.5889922960228577,-2.055767587261721,-2.9073946025907236,-1.575669921583371,-1.8009398936470875,-1.7647220690000016,-2.434183861577989
2016-08-30T00:00:00.000,0.3860062251039825,-0.2826247203194274,-0.5630231077585036,0.9357140950265407,0.35950970052988196,0.3728249383658274,-0.29580600705758253,0.03850946565412239,-0.66863094542341,-1.694706518745705,-2.5589629416054045,-2.4571233597140285,-2.710131474108036,-2.039125809049061,-2.714563821315804,0.40740260861199146,0.14449081835796723,-0.5630231077585036,0.9357140950265407,-0.16815776315108227,-0.133446141807128,-0.3963579320611521,-0.26490203693414005,-0.2629117902540242,-2.2121353535342263,-3.06523402177836,-2.5722421270601163,-2.810683399111605,-2.342537311637323,-3.017975323904066
2016-09-06T00:00:00.000,0.36523313044460465,0.10171131956758465,-0.5630231077585036,0.9357140950265407,0.35950970052988196,0.3520518437064496,0.0885300328294295,0.22029093826793955,-0.26352181087702,-1.7043218587895166,-2.5797360362647823,-2.0582204774844985,-2.325795434221024,-1.8573443364352435,-2.5327823487019865,0.3860062251039825,-0.2826247203194274,-0.5630231077585036,0.9357140950265407,0.35950970052988196,0.3728249383658274,-0.29580600705758253,0.03850946565412239,-0.66863094542341,-1.694706518745705,-2.5589629416054045,-2.4571233597140285,-2.710131474108036,-2.039125809049061,-2.714563821315804
2016-09-13T00:00:00.000,0.36523313044460465,0.10171131956758465,-0.5630231077585036,0.9357140950265407,0.7428018788202254,0.735344021996793,0.47182221111977296,0.603583116558283,-0.26352181087702,-1.31903639222762,-2.1964438579744385,-1.674928299194155,-1.9425032559306803,-1.4693604183062692,-2.149490170411643,0.36523313044460465,0.10171131956758465,-0.5630231077585036,0.9357140950265407,0.35950970052988196,0.3520518437064496,0.0885300328294295,0.22029093826793955,-0.26352181087702,-1.7043218587895166,-2.5797360362647823,-2.0582204774844985,-2.325795434221024,-1.8573443364352435,-2.5327823487019865
2016-09-20T00:00:00.000,0.36523313044460465,0.10171131956758465,-1.2528125703833524,0.019580565180841687,0.7428018788202254,2.3412670144673404,2.0777452035903208,2.2095061090288306,-0.26352181087702,0.28489331197137435,-0.5905208655038914,-0.06900530672360716,-0.3365802634601325,0.1318708343256474,-0.5435671779410955,0.36523313044460465,0.10171131956758465,-0.5630231077585036,0.9357140950265407,0.7428018788202254,0.735344021996793,0.47182221111977296,0.603583116558283,-0.26352181087702,-1.31903639222762,-2.1964438579744385,-1.674928299194155,-1.9425032559306803,-1.4693604183062692,-2.149490170411643
2016-09-27T00:00:00.000,0.36523313044460465,0.10171131956758465,-1.2905072533258808,-0.011039503733251032,0.7428018788202254,2.409581766323962,2.146059955446942,2.277820860885452,-0.26352181087702,0.3420503092124294,-0.52220611364727,-0.0003452774334928854,-0.2682655116035111,0.20018558618226878,-0.47525242608447416,0.36523313044460465,0.10171131956758465,-1.2528125703833524,0.019580565180841687,0.7428018788202254,2.3412670144673404,2.0777452035903208,2.2095061090288306,-0.26352181087702,0.28489331197137435,-0.5905208655038914,-0.06900530672360716,-0.3365802634601325,0.1318708343256474,-0.5435671779410955
2016-10-04T00:00:00.000,0.7431995068055158,0.10171131956758465,-1.2905072533258808,-0.011039503733251032,0.7428018788202254,2.787548142684873,2.146059955446942,2.4668040490659076,-0.6414881872379312,0.7088589309577746,-0.14423973728635886,0.0,-0.2682655116035111,0.38916877436272435,-0.2862692379040186,0.36523313044460465,0.10171131956758465,-1.2905072533258808,-0.011039503733251032,0.7428018788202254,2.409581766323962,2.146059955446942,2.277820860885452,-0.26352181087702,0.3420503092124294,-0.52220611364727,-0.0003452774334928854,-0.2682655116035111,0.20018558618226878,-0.47525242608447416
2016-10-11T00:00:00.000,0.7431995068055158,0.10171131956758465,-1.2905072533258808,-0.011039503733251032,0.7428018788202254,2.787548142684873,2.146059955446942,2.4668040490659076,-0.6414881872379312,0.7073872780426438,-0.14423973728635886,0.0,-0.2682655116035111,0.38319255467396873,-0.2862692379040186,0.7431995068055158,0.10171131956758465,-1.2905072533258808,-0.011039503733251032,0.7428018788202254,2.787548142684873,2.146059955446942,2.4668040490659076,-0.6414881872379312,0.7088589309577746,-0.14423973728635886,0.0,-0.2682655116035111,0.38916877436272435,-0.2862692379040186
2016-10-18T00:00:00.000,0.7431995068055158,0.10171131956758465,-1.2905072533258808,1.0922985083706576,1.3906506384912856,2.3320588902520245,1.6905707030140935,2.011314796633059,-0.6414881872379312,0.25042637269466406,-0.5997289897192073,-0.45548925243284866,-0.7237547640363597,-0.06632047807012409,-0.741758490336867,0.7431995068055158,0.10171131956758465,-1.2905072533258808,-0.011039503733251032,0.7428018788202254,2.787548142684873,2.146059955446942,2.4668040490659076,-0.6414881872379312,0.7073872780426438,-0.14423973728635886,0.0,-0.2682655116035111,0.38319255467396873,-0.2862692379040186
2016-10-25T00:00:00.000,0.7431995068055158,0.08430781770766356,-1.2905072533258808,1.326535762050154,1.3906506384912856,2.0978216365725277,1.4389299474746757,1.7683757920236018,-0.6588916890978522,0.008094559507583643,-0.8339662433987041,-0.7071300079722664,-0.9753955195757775,-0.30925948267958137,-0.9846974949463243,0.7431995068055158,0.10171131956758465,-1.2905072533258808,1.0922985083706576,1.3906506384912856,2.3320588902520245,1.6905707030140935,2.011314796633059,-0.6414881872379312,0.25042637269466406,-0.5997289897192073,-0.45548925243284866,-0.7237547640363597,-0.06632047807012409,-0.741758490336867
2016-11-01T00:00:00.000,0.7431995068055158,0.31383431034411174,-1.2905072533258808,3.0760698962728505,1.3906506384912856,0.3482875023498315,-0.08107769411157251,0.13360490411912962,-0.4293651964614041,-1.733345015207529,-2.5835003776214003,-2.2271376495585145,-2.4954031611620255,-1.9440303705840536,-2.6194683828507968,0.7431995068055158,0.08430781770766356,-1.2905072533258808,1.326535762050154,1.3906506384912856,2.0978216365725277,1.4389299474746757,1.7683757920236018,-0.6588916890978522,0.008094559507583643,-0.8339662433987041,-0.7071300079722664,-0.9753955195757775,-0.30925948267958137,-0.9846974949463243
2016-11-08T00:00:00.000,0.7431995068055158,0.31383431034411174,-1.2905072533258808,3.0760698962728505,1.3906506384912856,0.3482875023498315,-0.08107769411157251,0.13360490411912962,-0.4293651964614041,-1.7318733622923976,-2.5835003776214003,-2.2163681973810094,-2.4954031611620255,-1.9393386307454226,-2.6194683828507968,0.7431995068055158,0.31383431034411174,-1.2905072533258808,3.0760698962728505,1.3906506384912856,0.3482875023498315,-0.08107769411157251,0.13360490411912962,-0.4293651964614041,-1.733345015207529,-2.5835003776214003,-2.2271376495585145,-2.4954031611620255,-1.9440303705840536,-2.6194683828507968
2016-11-15T00:00:00.000,0.7431995068055158,0.31383431034411174,-0.7807927488843345,3.0760698962728505,1.3906506384912856,-0.16142700209171457,-0.5907921985531188,-0.3761096003224167,-0.4293651964614041,-2.240116213818813,-3.0932148820629464,-2.7153132496450514,-3.005117665603572,-2.444361395348338,-3.129182887292343,0.7431995068055158,0.31383431034411174,-1.2905072533258808,3.0760698962728505,1.3906506384912856,0.3482875023498315,-0.08107769411157251,0.13360490411912962,-0.4293651964614041,-1.7318733622923976,-2.5835003776214003,-2.2163681973810094,-2.4954031611620255,-1.9393386307454226,-2.6194683828507968
2016-11-22T00:00:00.000,0.8346023663217059,0.31383431034411174,-0.6812981724073323,3.20610284952696,1.3906506384912856,-0.29955167230663626,-0.8203197282842303,-0.5599357002954333,-0.5207680559775942,-2.3670831294181687,-3.231339552277868,-2.944840779376163,-3.2346451953346835,-2.6198059449373323,-3.313008987265359,0.7431995068055158,0.31383431034411174,-0.7807927488843345,3.0760698962728505,1.3906506384912856,-0.16142700209171457,-0.5907921985531188,-0.3761096003224167,-0.4293651964614041,-2.240116213818813,-3.0932148820629464,-2.7153132496450514,-3.005117665603572,-2.444361395348338,-3.129182887292343
2016-11-29T00:00:00.000,0.8346023663217059,0.31383431034411174,1.0922985083706576,3.20610284952696,2.1383794622089325,-1.325419529366979,-1.8461875853445733,-1.585803557355776,-0.5207680559775942,-3.381793231862945,-4.257207409338211,-3.970708636436506,-4.2605130523950265,-3.6372922516136525,-4.338876844325702,0.8346023663217059,0.31383431034411174,-0.6812981724073323,3.20610284952696,1.3906506384912856,-0.29955167230663626,-0.8203197282842303,-0.5599357002954333,-0.5207680559775942,-2.3670831294181687,-3.231339552277868,-2.944840779376163,-3.2346451953346835,-2.6198059449373323,-3.313008987265359
2016-12-06T00:00:00.000,0.8346023663217059,0.6042690917501924,1.326535762050154,3.20610284952696,2.1804829520747053,-1.5175532931807028,-1.7478865677522162,-1.6327199304664595,-0.23033327457151354,-3.571933707405116,-4.449341173151934,-3.8691556197787165,-4.158797121699685,-3.6796347305039276,-4.385793217436386,0.8346023663217059,0.31383431034411174,1.0922985083706576,3.20610284952696,2.1383794622089325,-1.325419529366979,-1.8461875853445733,-1.585803557355776,-0.5207680559775942,-3.381793231862945,-4.257207409338211,-3.970708636436506,-4.2605130523950265,-3.6372922516136525,-4.338876844325702
2016-12-13T00:00:00.000,0.8346023663217059,0.6042690917501924,2.491215369525558,3.20610284952696,2.1804829520747053,-2.682232900656107,-2.9125661752276204,-2.7973995379418635,-0.23033327457151354,-4.734620026608967,-5.614020780627339,-5.030583228188688,-5.3234767291750895,-4.839740443758924,-5.55047282491179,0.8346023663217059,0.6042690917501924,1.326535762050154,3.20610284952696,2.1804829520747053,-1.5175532931807028,-1.7478865677522162,-1.6327199304664595,-0.23033327457151354,-3.571933707405116,-4.449341173151934,-3.8691556197787165,-4.158797121699685,-3.6796347305039276,-4.385793217436386
2016-12-20T00:00:00.000,0.8346023663217059,0.6042690917501924,2.0247656050758183,3.20610284952696,2.1804829520747053,-2.215783136206367,-2.4461164107778806,-2.3309497734921236,-0.23033327457151354,-4.23698416816916,-5.147571016177599,-4.5620842702127025,-4.85702696472535,-4.370091578466598,-5.08402306046205,0.8346023663217059,0.6042690917501924,2.491215369525558,3.20610284952696,2.1804829520747053,-2.682232900656107,-2.9125661752276204,-2.7973995379418635,-0.23033327457151354,-4.734620026608967,-5.614020780627339,-5.030583228188688,-5.3234767291750895,-4.839740443758924,-5.55047282491179
2016-12-27T00:00:00.000,0.8346023663217059,0.6042690917501924,2.0247656050758183,3.20610284952696,2.1938784277458825,-2.20238766053519,-2.4327209351067034,-2.3175542978209465,-0.23033327457151354,-4.1924025985079165,-5.134175540506422,-4.546639601015277,-4.843631489054172,-4.353497001952835,-5.070627584790873,0.8346023663217059,0.6042690917501924,2.0247656050758183,3.20610284952696,2.1804829520747053,-2.215783136206367,-2.4461164107778806,-2.3309497734921236,-0.23033327457151354,-4.23698416816916,-5.147571016177599,-4.5620842702127025,-4.85702696472535,-4.370091578466598,-5.08402306046205
2017-01-03T00:00:00.000,0.8346023663217059,0.6042690917501924,2.0247656050758183,3.20610284952696,2.1938784277458825,-2.20238766053519,-2.4327209351067034,-2.3175542978209465,-0.23033327457151354,-4.190132473553385,-5.134175540506422,-4.540059502934323,-4.843631489054172,-4.350301363878023,-5.070627584790873,0.8346023663217059,0.6042690917501924,2.0247656050758183,3.20610284952696,2.1938784277458825,-2.20238766053519,-2.4327209351067034,-2.3175542978209465,-0.23033327457151354,-4.1924025985079165,-5.134175540506422,-4.546639601015277,-4.843631489054172,-4.353497001952835,-5.070627584790873
2017-01-10T00:00:00.000,0.424381791590121,0.6042690917501924,2.0247656050758183,2.838817169308505,2.698589501896341,-1.7406114808978614,-1.56072418073779,-1.6506678308178255,0.17988730016007137,-3.7260861689615252,-4.672399360869093,-3.6614826504844555,-3.9716347346852587,-3.6802192588000913,-4.403741117787751,0.8346023663217059,0.6042690917501924,2.0247656050758183,3.20610284952696,2.1938784277458825,-2.20238766053519,-2.4327209351067034,-2.3175542978209465,-0.23033327457151354,-4.190132473553385,-5.134175540506422,-4.540059502934323,-4.843631489054172,-4.350301363878023,-5.070627584790873
2017-01-17T00:00:00.000,-0.03225079043070208,0.6042690917501924,2.0247656050758183,2.6436949554071285,2.698589501896341,-2.002121849017308,-1.3656019668364134,-1.6838619079268606,0.6365198821808945,-3.9840871152720214,-4.93390972898854,-3.463920951942523,-3.776512520783882,-3.7092195750482104,-4.436935194896787,0.424381791590121,0.6042690917501924,2.0247656050758183,2.838817169308505,2.698589501896341,-1.7406114808978614,-1.56072418073779,-1.6506678308178255,0.17988730016007137,-3.7260861689615252,-4.672399360869093,-3.6614826504844555,-3.9716347346852587,-3.6802192588000913,-4.403741117787751
2017-01-24T00:00:00.000,-0.03225079043070208,0.6939990906600236,1.7178864557682656,2.6436949554071285,2.698589501896341,-1.6952426997097552,-0.9689928186190295,-1.3321177591643922,0.7262498810907257,-3.6736985441555183,-4.627030579680987,-3.0648723190845826,-3.379903372566498,-3.3532816654248254,-4.085191046134319,-0.03225079043070208,0.6042690917501924,2.0247656050758183,2.6436949554071285,2.698589501896341,-2.002121849017308,-1.3656019668364134,-1.6838619079268606,0.6365198821808945,-3.9840871152720214,-4.93390972898854,-3.463920951942523,-3.776512520783882,-3.7092195750482104,-4.436935194896787
2017-01-31T00:00:00.000,-0.3485546931429965,0.6939990906600236,1.7178864557682656,2.6436949554071285,2.698589501896341,-2.0115466024220496,-0.9689928186190295,-1.4902697105205394,1.04255378380302,-3.9900024468678126,-4.943334482393281,-3.0591696915360957,-3.379903372566498,-3.5065090619672854,-4.2433429974904655,-0.03225079043070208,0.6939990906600236,1.7178864557682656,2.6436949554071285,2.698589501896341,-1.6952426997097552,-0.9689928186190295,-1.3321177591643922,0.7262498810907257,-3.6736985441555183,-4.627030579680987,-3.0648723190845826,-3.379903372566498,-3.3532816654248254,-4.085191046134319
2017-02-07T00:00:00.000,-0.37876239177830207,0.6939990906600236,1.7178864557682656,2.6436949554071285,2.698589501896341,-2.041754301057355,-0.9689928186190295,-1.5053735598381923,1.0727614824383256,-4.0202101455031185,-4.973542181028587,-3.0534670639876094,-3.379903372566498,-3.5166883564712514,-4.258446846808118,-0.3485546931429965,0.6939990906600236,1.7178864557682656,2.6436949554071285,2.698589501896341,-2.0115466024220496,-0.9689928186190295,-1.4902697105205394,1.04255378380302,-3.9900024468678126,-4.943334482393281,-3.0591696915360957,-3.379903372566498,-3.5065090619672854,-4.2433429974904655
2017-02-14T00:00:00.000,0.5091143915193064,1.2796191150637501,1.7178864557682656,2.5337781194614304,2.698589501896341,-1.0439606818140486,-0.2734559582696048,-0.6587083200418267,0.7705047235444438,-3.0071660117614654,-3.9757485617852804,-2.354565682749055,-2.6843665122170735,-2.6398837801636645,-3.411781607011753,-0.37876239177830207,0.6939990906600236,1.7178864557682656,2.6436949554071285,2.698589501896341,-2.041754301057355,-0.9689928186190295,-1.5053735598381923,1.0727614824383256,-4.0202101455031185,-4.973542181028587,-3.0534670639876094,-3.379903372566498,-3.5166883564712514,-4.258446846808118
2017-02-21T00:00:00.000,0.5091143915193064,1.358012426949857,1.1461509465524184,2.5337781194614304,2.698589501896341,-0.4722251725982014,0.37667286283234924,-0.04777615488292608,0.8488980354305506,-2.4201799880472716,-3.404013052569433,-1.7010723407579715,-2.0342376911151194,-1.9988122784935423,-2.8008494418528525,0.5091143915193064,1.2796191150637501,1.7178864557682656,2.5337781194614304,2.698589501896341,-1.0439606818140486,-0.2734559582696048,-0.6587083200418267,0.7705047235444438,-3.0071660117614654,-3.9757485617852804,-2.354565682749055,-2.6843665122170735,-2.6398837801636645,-3.411781607011753
2017-02-28T00:00:00.000,0.5091143915193064,1.358012426949857,0.9146488086768801,2.3126484332582353,1.9717638119908665,-0.7464190384249426,0.10247899700560803,-0.3219700207096673,0.8488980354305506,-2.689309637075062,-3.6782069183961745,-1.9729392556903567,-2.3084315569418608,-2.2576461890823647,-3.0750433076795933,0.5091143915193064,1.358012426949857,1.1461509465524184,2.5337781194614304,2.698589501896341,-0.4722251725982014,0.37667286283234924,-0.04777615488292608,0.8488980354305506,-2.4201799880472716,-3.404013052569433,-1.7010723407579715,-2.0342376911151194,-1.9988122784935423,-2.8008494418528525
2017-03-07T00:00:00.000,0.5091143915193064,1.358012426949857,0.9146488086768801,2.168944022049671,1.5935806678541948,-0.9808977713530501,-0.13199973592249947,-0.5564487536377748,0.8488980354305506,-2.918724153204219,-3.912685651324282,-2.2050910377241077,-2.542910289869968,-2.4767649667725538,-3.309522040607701,0.5091143915193064,1.358012426949857,0.9146488086768801,2.3126484332582353,1.9717638119908665,-0.7464190384249426,0.10247899700560803,-0.3219700207096673,0.8488980354305506,-2.689309637075062,-3.6782069183961745,-1.9729392556903567,-2.3084315569418608,-2.2576461890823647,-3.0750433076795933
2017-03-14T00:00:00.000,0.5091143915193064,1.358012426949857,0.9146488086768801,2.168944022049671,1.5935806678541948,-0.9808977713530501,-0.13199973592249947,-0.5564487536377748,0.8488980354305506,-2.9123784112535587,-3.912685651324282,-2.20386943012681,-2.542910289869968,-2.4707429287413962,-3.309522040607701,0.5091143915193064,1.358012426949857,0.9146488086768801,2.168944022049671,1.5935806678541948,-0.9808977713530501,-0.13199973592249947,-0.5564487536377748,0.8488980354305506,-2.918724153204219,-3.912685651324282,-2.2050910377241077,-2.542910289869968,-2.4767649667725538,-3.309522040607701
2017-03-21T00:00:00.000,0.5091143915193064,1.358012426949857,0.9146488086768801,2.168944022049671,1.5935806678541948,-0.9808977713530501,-0.13199973592249947,-0.5564487536377748,0.8488980354305506,-2.9060326693028977,-3.912685651324282,-2.202647822529512,-2.542910289869968,-2.4647208907102387,-3.309522040607701,0.5091143915193064,1.358012426949857,0.9146488086768801,2.168944022049671,1.5935806678541948,-0.9808977713530501,-0.13199973592249947,-0.5564487536377748,0.8488980354305506,-2.9123784112535587,-3.912685651324282,-2.20386943012681,-2.542910289869968,-2.4707429287413962,-3.309522040607701
2017-03-28T00:00:00.000,0.5091143915193064,1.358012426949857,0.8921388548387995,2.168944022049671,1.5604359925161673,-0.991532492852997,-0.1426344574224464,-0.5670834751377217,0.8488980354305506,-2.9147486000487244,-3.9122912182024994,-2.2079387512903303,-2.5071262590480057,-2.4683699309930014,-3.318762404020831,0.5091143915193064,1.358012426949857,0.9146488086768801,2.168944022049671,1.5935806678541948,-0.9808977713530501,-0.13199973592249947,-0.5564487536377748,0.8488980354305506,-2.9060326693028977,-3.912685651324282,-2.202647822529512,-2.542910289869968,-2.4647208907102387,-3.309522040607701
2017-04-04T00:00:00.000,0.33562743762651254,1.358012426949857,0.5325676025646382,1.2219973161009117,1.5604359925161673,0.14149851147712994,1.1638835008004744,0.6526910061388022,1.0223849893233445,-1.7797988049644773,-2.760186062955676,-0.8960770003282816,-1.151180014610057,-1.241609768499293,-2.0807928044522073,0.5091143915193064,1.358012426949857,0.8921388548387995,2.168944022049671,1.5604359925161673,-0.991532492852997,-0.1426344574224464,-0.5670834751377217,0.8488980354305506,-2.9147486000487244,-3.9122912182024994,-2.2079387512903303,-2.5071262590480057,-2.4683699309930014,-3.318762404020831
2017-04-11T00:00:00.000,-0.41465663968719724,0.8598750703924966,0.5325676025646382,1.2219973161009117,1.5604359925161673,-0.6087855658365798,0.665746144243114,0.028480289203267062,1.2745317100796938,-2.5194149227508005,-3.474616944869027,-1.374650801395398,-1.6463078372742994,-1.8531073206460205,-2.6882027611824597,0.33562743762651254,1.358012426949857,0.5325676025646382,1.2219973161009117,1.5604359925161673,0.14149851147712994,1.1638835008004744,0.6526910061388022,1.0223849893233445,-1.7797988049644773,-2.760186062955676,-0.8960770003282816,-1.151180014610057,-1.241609768499293,-2.0807928044522073
2017-04-18T00:00:00.000,-1.1529177212091026,0.8598750703924966,0.41796609138899943,1.2219973161009117,1.5604359925161673,-1.2324451361828463,0.7803476554187527,-0.2260487403820468,2.012792791601599,-3.1324065335696805,-4.071556868711814,-1.2404857347295148,-1.5317063260986605,-2.0949231854425268,-2.9364077368606702,-0.41465663968719724,0.8598750703924966,0.5325676025646382,1.2219973161009117,1.5604359925161673,-0.6087855658365798,0.665746144243114,0.028480289203267062,1.2745317100796938,-2.5194149227508005,-3.474616944869027,-1.374650801395398,-1.6463078372742994,-1.8531073206460205,-2.6882027611824597
2017-04-25T00:00:00.000,-0.4608820091441654,0.8598750703924966,0.2291511012545788,1.2219973161009117,1.4900150746178582,-0.4220153518817976,0.8987417276548643,0.23836318788653332,1.3207570795366619,-2.31399210966646,-3.252356415419631,-1.1220916624934034,-1.4106702114147756,-1.6274455551450449,-2.4644918542015244,-1.1529177212091026,0.8598750703924966,0.41796609138899943,1.2219973161009117,1.5604359925161673,-1.2324451361828463,0.7803476554187527,-0.2260487403820468,2.012792791601599,-3.1324065335696805,-4.071556868711814,-1.2404857347295148,-1.5317063260986605,-2.0949231854425268,-2.9364077368606702
2017-05-02T00:00:00.000,0.8543609535812775,0.9517002487138781,0.2291511012545788,1.080993042622731,1.4900150746178582,1.034231884321826,1.1315711794544265,1.082901531888126,0.09733929513260065,-0.8497602338606656,-1.7788407658324672,-0.889262210693841,-1.1661961624791468,-0.7798415091145503,-1.5961349195301877,-0.4608820091441654,0.8598750703924966,0.2291511012545788,1.2219973161009117,1.4900150746178582,-0.4220153518817976,0.8987417276548643,0.23836318788653332,1.3207570795366619,-2.31399210966646,-3.252356415419631,-1.1220916624934034,-1.4106702114147756,-1.6274455551450449,-2.4644918542015244
2017-05-09T00:00:00.000,0.8543609535812775,1.1891042756506516,0.20610536355003278,1.080993042622731,1.1495573550006601,0.7168199024091739,1.051563224478548,0.8841915634438609,0.33474332206937407,-1.1655813572947573,-2.078611891154173,-0.9612862147784775,-1.2165283458445035,-0.9711112168741458,-1.7448437036054747,0.8543609535812775,0.9517002487138781,0.2291511012545788,1.080993042622731,1.4900150746178582,1.034231884321826,1.1315711794544265,1.082901531888126,0.09733929513260065,-0.8497602338606656,-1.7788407658324672,-0.889262210693841,-1.1661961624791468,-0.7798415091145503,-1.5961349195301877
2017-05-16T00:00:00.000,0.8543609535812775,1.421607926574908,0.0398386600658187,1.080993042622731,0.9696209814654008,0.7031502323581286,1.2703972053517592,0.9867737188549438,0.5672469729936305,-1.1776601688672423,-2.0843979103267443,-0.7344682830140239,-0.9544253688359068,-0.8610888007783931,-1.5723256915483605,0.8543609535812775,1.1891042756506516,0.20610536355003278,1.080993042622731,1.1495573550006601,0.7168199024091739,1.051563224478548,0.8841915634438609,0.33474332206937407,-1.1655813572947573,-2.078611891154173,-0.9612862147784775,-1.2165283458445035,-0.9711112168741458,-1.7448437036054747
2017-05-23T00:00:00.000,1.2235154395690577,1.421607926574908,-0.011367466229421886,1.080993042622731,0.9696209814654008,1.1235108446411495,1.3216033316469997,1.2225570881440744,0.19809248700585025,-0.7182085735387587,-1.663080097940846,-0.6817265899946996,-0.8525400435637258,-0.5925318341117845,-1.2691079603588644,0.8543609535812775,1.421607926574908,0.0398386600658187,1.080993042622731,0.9696209814654008,0.7031502323581286,1.2703972053517592,0.9867737188549438,0.5672469729936305,-1.1776601688672423,-2.0843979103267443,-0.7344682830140239,-0.9544253688359068,-0.8610888007783931,-1.5723256915483605
2017-05-30T00:00:00.000,1.7571080004346402,1.421607926574908,-0.660486591532626,0.5148905431216838,0.9696209814654008,2.872325030310983,2.536824956451251,2.704574993381117,-0.33550007385973224,0.991514629085612,0.0857340877289876,0.5319594680854678,0.3626815812405253,0.85671247374778,0.21290994487817816,1.2235154395690577,1.421607926574908,-0.011367466229421886,1.080993042622731,0.9696209814654008,1.1235108446411495,1.3216033316469997,1.2225570881440744,0.19809248700585025,-0.7182085735387587,-1.663080097940846,-0.6817265899946996,-0.8525400435637258,-0.5925318341117845,-1.2691079603588644
2017-06-06T00:00:00.000,1.7571080004346402,1.421607926574908,-0.660486591532626,0.5148905431216838,0.9696209814654008,2.872325030310983,2.536824956451251,2.704574993381117,-0.33550007385973224,0.9899237706070518,0.0857340877289876,0.5239755171942253,0.3626815812405253,0.8492722130631103,0.21290994487817816,1.7571080004346402,1.421607926574908,-0.660486591532626,0.5148905431216838,0.9696209814654008,2.872325030310983,2.536824956451251,2.704574993381117,-0.33550007385973224,0.991514629085612,0.0857340877289876,0.5319594680854678,0.3626815812405253,0.85671247374778,0.21290994487817816
2017-06-13T00:00:00.000,1.7571080004346402,1.421607926574908,-0.9516157002458561,0.5148905431216838,0.9696209814654008,3.1634541390242132,2.827954065164481,2.995704102094347,-0.33550007385973224,1.2794620208417218,0.3768631964422178,0.8071206750162134,0.6538106899537555,1.1329610610916707,0.5040390535914083,1.7571080004346402,1.421607926574908,-0.660486591532626,0.5148905431216838,0.9696209814654008,2.872325030310983,2.536824956451251,2.704574993381117,-0.33550007385973224,0.9899237706070518,0.0857340877289876,0.5239755171942253,0.3626815812405253,0.8492722130631103,0.21290994487817816
2017-06-20T00:00:00.000,1.7571080004346402,1.421607926574908,-1.3332961085938546,0.20610536355003278,0.9696209814654008,3.8539197269438628,3.5184196530841305,3.6861696900139966,-0.33550007385973224,1.9619429691592,1.0673287843618673,1.497586262935863,1.344276277873405,1.8203609469824185,1.1945046415110578,1.7571080004346402,1.421607926574908,-0.9516157002458561,0.5148905431216838,0.9696209814654008,3.1634541390242132,2.827954065164481,2.995704102094347,-0.33550007385973224,1.2794620208417218,0.3768631964422178,0.8071206750162134,0.6538106899537555,1.1329610610916707,0.5040390535914083
2017-06-27T00:00:00.000,1.7571080004346402,1.421607926574908,-1.3332961085938546,0.0398386600658187,0.7536708464123368,3.8042362953750133,3.468736221515281,3.636486258445147,-0.33550007385973224,1.9042748979881794,1.0176453527930178,1.4479028313670135,1.2945928463045555,1.7676118133846672,1.1448212099422084,1.7571080004346402,1.421607926574908,-1.3332961085938546,0.20610536355003278,0.9696209814654008,3.8539197269438628,3.5184196530841305,3.6861696900139966,-0.33550007385973224,1.9619429691592,1.0673287843618673,1.497586262935863,1.344276277873405,1.8203609469824185,1.1945046415110578
2017-07-03T00:00:00.000,1.7571080004346402,1.2239512095110103,-1.3332961085938546,-0.011367466229421886,0.39863243558618155,3.5004040108440986,2.9672472199204685,3.2338256153822833,-0.5331567909236299,1.589774653929878,0.7138130682621031,0.9268502742819567,0.7931038447097429,1.3522380055329957,0.7421605668793445,1.7571080004346402,1.421607926574908,-1.3332961085938546,0.0398386600658187,0.7536708464123368,3.8042362953750133,3.468736221515281,3.636486258445147,-0.33550007385973224,1.9042748979881794,1.0176453527930178,1.4479028313670135,1.2945928463045555,1.7676118133846672,1.1448212099422084
2017-07-11T00:00:00.000,1.7571080004346402,1.9815291336060745,-1.3332961085938546,0.18837935919785959,0.7651870295034491,3.6672117793340844,3.8916329125055187,3.7794223459198015,0.2244211331714343,1.7459144628924772,0.8806208367520889,1.8316724113767626,1.7174895372947931,1.8851215712817064,1.2877572974168627,1.7571080004346402,1.2239512095110103,-1.3332961085938546,-0.011367466229421886,0.39863243558618155,3.5004040108440986,2.9672472199204685,3.2338256153822833,-0.5331567909236299,1.589774653929878,0.7138130682621031,0.9268502742819567,0.7931038447097429,1.3522380055329957,0.7421605668793445
2017-07-18T00:00:00.000,1.7323116932030707,2.113511706734753,-1.3332961085938546,0.5141225272680915,0.7651870295034491,3.316672304032283,3.697872317563965,3.507272310798124,0.3812000135316822,1.3934561968365555,0.5300813614502875,1.6325680236960811,1.5237289423532396,1.6059858549428445,1.0156072622951853,1.7571080004346402,1.9815291336060745,-1.3332961085938546,0.18837935919785959,0.7651870295034491,3.6672117793340844,3.8916329125055187,3.7794223459198015,0.2244211331714343,1.7459144628924772,0.8806208367520889,1.8316724113767626,1.7174895372947931,1.8851215712817064,1.2877572974168627
2017-07-25T00:00:00.000,0.8149430826080728,2.113511706734753,-1.3332961085938546,0.5141225272680915,0.7651870295034491,2.399303693437285,3.697872317563965,3.0485880055006254,1.29856862412668,0.4741687954874374,-0.30390024280393835,1.6272242309569527,1.5237289423532396,1.1403158684281616,0.5569229569976866,1.7323116932030707,2.113511706734753,-1.3332961085938546,0.5141225272680915,0.7651870295034491,3.316672304032283,3.697872317563965,3.507272310798124,0.3812000135316822,1.3934561968365555,0.5300813614502875,1.6325680236960811,1.5237289423532396,1.6059858549428445,1.0156072622951853
2017-08-01T00:00:00.000,0.8149430826080728,2.113511706734753,-1.3332961085938546,0.5141225272680915,0.7651870295034491,2.399303693437285,3.697872317563965,3.0485880055006254,1.29856862412668,0.46782305353677667,-0.22147043656604426,1.6260026233596547,1.5237289423532396,1.134293830397004,0.5569229569976866,0.8149430826080728,2.113511706734753,-1.3332961085938546,0.5141225272680915,0.7651870295034491,2.399303693437285,3.697872317563965,3.0485880055006254,1.29856862412668,0.4741687954874374,-0.30390024280393835,1.6272242309569527,1.5237289423532396,1.1403158684281616,0.5569229569976866
2017-08-08T00:00:00.000,1.446584146346763,2.113511706734753,-1.1560320721239308,0.5141225272680915,0.7651870295034491,2.8536807207060515,3.5206082810940416,3.1871445009000468,0.6669275603879898,0.9158543388548823,0.23290659070272213,1.4475169792924332,1.346464905883316,1.266828287765268,0.695479452397108,0.8149430826080728,2.113511706734753,-1.3332961085938546,0.5141225272680915,0.7651870295034491,2.399303693437285,3.697872317563965,3.0485880055006254,1.29856862412668,0.46782305353677667,-0.22147043656604426,1.6260026233596547,1.5237289423532396,1.134293830397004,0.5569229569976866
2017-08-15T00:00:00.000,1.446584146346763,2.428183293382195,-0.5990618432014335,0.5141225272680915,0.7651870295034491,2.2967104917835544,3.2783096388189863,2.7875100653012703,0.9815991470354322,0.35381989313343465,-0.312751863119753,1.2028913861230217,1.1041662636082608,0.8518338969285728,0.29584501679833153,1.446584146346763,2.113511706734753,-1.1560320721239308,0.5141225272680915,0.7651870295034491,2.8536807207060515,3.5206082810940416,3.1871445009000468,0.6669275603879898,0.9158543388548823,0.23290659070272213,1.4475169792924332,1.346464905883316,1.266828287765268,0.695479452397108
2017-08-22T00:00:00.000,1.446584146346763,2.428183293382195,-0.8620353845905525,0.5141225272680915,0.7651870295034491,2.5596840331726733,3.5412831802081053,3.0504836066903893,0.9815991470354322,0.6117292177236031,-0.01923327331530622,1.4635379766177845,1.3671398049973797,1.0994474830797731,0.5588185581874505,1.446584146346763,2.428183293382195,-0.5990618432014335,0.5141225272680915,0.7651870295034491,2.2967104917835544,3.2783096388189863,2.7875100653012703,0.9815991470354322,0.35381989313343465,-0.312751863119753,1.2028913861230217,1.1041662636082608,0.8518338969285728,0.29584501679833153
2017-08-29T00:00:00.000,1.5351683254872948,2.428183293382195,-0.8620353845905525,0.5141225272680915,0.5804031655142438,2.4634843483239997,3.3564993162189,2.9099918322714498,0.8930149678949004,0.5002790183765828,-0.08547245335808151,1.2753895917394495,1.1823559410081743,0.9288163721496121,0.41832678376851096,1.446584146346763,2.428183293382195,-0.8620353845905525,0.5141225272680915,0.7651870295034491,2.5596840331726733,3.5412831802081053,3.0504836066903893,0.9815991470354322,0.6117292177236031,-0.01923327331530622,1.4635379766177845,1.3671398049973797,1.0994474830797731,0.5588185581874505
2017-09-05T00:00:00.000,1.5351683254872948,2.428183293382195,-0.8620353845905525,0.23361413300386275,0.5804031655142438,2.7439927425882282,3.6370077104831284,3.1905002265356783,0.8930149678949004,0.7655368981424651,0.19503594090614707,1.5525334651145486,1.462864335272403,1.1791854299026192,0.6988351780327395,1.5351683254872948,2.428183293382195,-0.8620353845905525,0.5141225272680915,0.5804031655142438,2.4634843483239997,3.3564993162189,2.9099918322714498,0.8930149678949004,0.5002790183765828,-0.08547245335808151,1.2753895917394495,1.1823559410081743,0.9288163721496121,0.41832678376851096
2017-09-12T00:00:00.000,1.6028796389024942,2.428183293382195,-1.0525647862033751,0.23361413300386275,0.3630113386234343,2.784841630725441,3.610145285205142,3.197493457965291,0.825303654479701,0.8063857862796777,0.23588482904335972,1.5199684122880757,1.4360019099944163,1.1812541065185451,0.7058284094623524,1.5351683254872948,2.428183293382195,-0.8620353845905525,0.23361413300386275,0.5804031655142438,2.7439927425882282,3.6370077104831284,3.1905002265356783,0.8930149678949004,0.7655368981424651,0.19503594090614707,1.5525334651145486,1.462864335272403,1.1791854299026192,0.6988351780327395
2017-09-19T00:00:00.000,1.6028796389024942,2.428183293382195,-1.0689343650535912,0.23361413300386275,0.3630113386234343,2.801211209575657,3.6265148640553577,3.2138630368155074,0.825303654479701,0.822755365129894,0.252254407893576,1.5306353635898047,1.4523714888446322,1.192699130555074,0.7221979883125687,1.6028796389024942,2.428183293382195,-1.0525647862033751,0.23361413300386275,0.3630113386234343,2.784841630725441,3.610145285205142,3.197493457965291,0.825303654479701,0.8063857862796777,0.23588482904335972,1.5199684122880757,1.4360019099944163,1.1812541065185451,0.7058284094623524
2017-09-26T00:00:00.000,1.6028796389024942,2.428183293382195,-1.0689343650535912,-0.3536909171944009,-0.28177094799690133,2.743733973153585,3.5690376276332856,3.1563858003934353,0.825303654479701,0.7617687068988714,0.19477717147150386,1.470718642527176,1.39489425242256,1.1310281332720855,0.6647207518904965,1.6028796389024942,2.428183293382195,-1.0689343650535912,0.23361413300386275,0.3630113386234343,2.801211209575657,3.6265148640553577,3.2138630368155074,0.825303654479701,0.822755365129894,0.252254407893576,1.5306353635898047,1.4523714888446322,1.192699130555074,0.7221979883125687
2017-10-03T00:00:00.000,1.6028796389024942,1.8605489387042546,-1.0689343650535912,-0.3536909171944009,0.36811887742420885,3.393623798574695,3.6512930983764553,3.522458448475575,0.25766929980176045,1.4081491105110313,0.8446669968926139,1.5505346286297899,1.4771497231657298,1.4929070204933095,1.0307933999726364,1.6028796389024942,2.428183293382195,-1.0689343650535912,-0.3536909171944009,-0.28177094799690133,2.743733973153585,3.5690376276332856,3.1563858003934353,0.825303654479701,0.7617687068988714,0.19477717147150386,1.470718642527176,1.39489425242256,1.1310281332720855,0.6647207518904965
2017-10-10T00:00:00.000,1.6028796389024942,1.8605489387042546,-1.0689343650535912,-0.3536909171944009,1.085557499349751,4.111062420500238,4.368731720301998,4.239897070401118,0.25766929980176045,2.1233176074820426,1.5621056188181566,2.261393152474378,2.1945883450912724,2.207150004344041,1.748232021898179,1.6028796389024942,1.8605489387042546,-1.0689343650535912,-0.3536909171944009,0.36811887742420885,3.393623798574695,3.6512930983764553,3.522458448475575,0.25766929980176045,1.4081491105110313,0.8446669968926139,1.5505346286297899,1.4771497231657298,1.4929070204933095,1.0307933999726364
2017-10-17T00:00:00.000,1.6028796389024942,1.8605489387042546,-1.0689343650535912,-0.3536909171944009,1.1684785644171378,4.193983485567625,4.451652785369385,4.322818135468505,0.25766929980176045,2.203968547594898,1.6450266838855434,2.3377341194608103,2.2775094101586593,2.2868754313366164,1.831153086965566,1.6028796389024942,1.8605489387042546,-1.0689343650535912,-0.3536909171944009,1.085557499349751,4.111062420500238,4.368731720301998,4.239897070401118,0.25766929980176045,2.1233176074820426,1.5621056188181566,2.261393152474378,2.1945883450912724,2.207150004344041,1.748232021898179
2017-10-24T00:00:00.000,1.6028796389024942,1.4280446781066323,-1.0689343650535912,-0.031598987199337965,1.4771505941937042,4.180563585349128,4.0057286245532655,4.093146104951196,-0.17483496079586192,2.1593625533863343,1.6316067836670465,1.889760765118444,1.83158524934254,2.054004299976722,1.6014810564482573,1.6028796389024942,1.8605489387042546,-1.0689343650535912,-0.3536909171944009,1.1684785644171378,4.193983485567625,4.451652785369385,4.322818135468505,0.25766929980176045,2.203968547594898,1.6450266838855434,2.3377341194608103,2.2775094101586593,2.2868754313366164,1.831153086965566
2017-10-31T00:00:00.000,1.538094976845961,1.4239262918851938,-1.0689343650535912,-0.025796906869726334,2.485482869593725,5.118309118363003,5.004140433402236,5.06122477588262,-0.11416868496076726,3.065921992410143,2.569352316680922,2.8861233804411683,2.829997058191511,3.01888387006556,2.569559727379681,1.6028796389024942,1.4280446781066323,-1.0689343650535912,-0.031598987199337965,1.4771505941937042,4.180563585349128,4.0057286245532655,4.093146104951196,-0.17483496079586192,2.1593625533863343,1.6316067836670465,1.889760765118444,1.83158524934254,2.054004299976722,1.6014810564482573
2017-11-07T00:00:00.000,1.2039486167886155,1.4239262918851938,-0.8305511280537158,-0.025796906869726334,2.485482869593725,4.545779521305782,4.765757196402361,4.655768358854072,0.21997767509657828,2.491399107081369,1.996822719623701,2.6444881443758605,2.5916138211916353,2.6088535588166035,2.164103310351133,1.538094976845961,1.4239262918851938,-1.0689343650535912,-0.025796906869726334,2.485482869593725,5.118309118363003,5.004140433402236,5.06122477588262,-0.11416868496076726,3.065921992410143,2.569352316680922,2.8861233804411683,2.829997058191511,3.01888387006556,2.569559727379681
2017-11-14T00:00:00.000,1.2039486167886155,1.4239262918851938,-0.49145015822179444,-0.025796906869726334,2.485482869593725,4.206678551473861,4.42665622657044,4.31666738902215,0.21997767509657828,2.1503048489778953,1.6577217497917802,2.3021351754785075,2.2525128513597146,2.265178694764274,1.8250023405192115,1.2039486167886155,1.4239262918851938,-0.8305511280537158,-0.025796906869726334,2.485482869593725,4.545779521305782,4.765757196402361,4.655768358854072,0.21997767509657828,2.491399107081369,1.996822719623701,2.6444881443758605,2.5916138211916353,2.6088535588166035,2.164103310351133
2017-11-21T00:00:00.000,0.8621942272795509,1.4239262918851938,-1.1259185710028161,-0.025796906869726334,2.485482869593725,4.499392574745818,5.061124639351462,4.78025860704864,0.561732064605643,2.431861117634286,1.9504357730637372,2.9366035882595294,2.8869812641407364,2.720388362406741,2.288593558545701,1.2039486167886155,1.4239262918851938,-0.49145015822179444,-0.025796906869726334,2.485482869593725,4.206678551473861,4.42665622657044,4.31666738902215,0.21997767509657828,2.1503048489778953,1.6577217497917802,2.3021351754785075,2.2525128513597146,2.265178694764274,1.8250023405192115
2017-11-28T00:00:00.000,0.83063476363122,1.4239262918851938,-1.245236704471965,-0.025796906869726334,2.485482869593725,4.587151244566636,5.18044277282061,4.883797008693623,0.5932915282539738,2.5084620328395375,2.0082339380786562,3.055921721728678,2.9556201986329445,2.815545213667702,2.3246975982903186,0.8621942272795509,1.4239262918851938,-1.1259185710028161,-0.025796906869726334,2.485482869593725,4.499392574745818,5.061124639351462,4.78025860704864,0.561732064605643,2.431861117634286,1.9504357730637372,2.9366035882595294,2.8869812641407364,2.720388362406741,2.288593558545701
2017-12-05T00:00:00.000,0.6778657741482743,0.7907312839500042,-1.245236704471965,-0.025796906869726334,2.485482869593725,4.43438225508369,4.547247764885421,4.490815009984556,0.11286550980172994,2.3542213904414613,1.8554649485957109,2.411957261615984,2.2701536398740765,2.4178714751200037,1.8617797429352203,0.83063476363122,1.4239262918851938,-1.245236704471965,-0.025796906869726334,2.485482869593725,4.587151244566636,5.18044277282061,4.883797008693623,0.5932915282539738,2.5084620328395375,2.0082339380786562,3.055921721728678,2.9556201986329445,2.815545213667702,2.3246975982903186
2017-12-12T00:00:00.000,0.6778657741482743,0.7907312839500042,-1.245236704471965,-0.025796906869726334,2.485482869593725,4.43438225508369,4.547247764885421,4.490815009984556,0.11286550980172994,2.35274973752633,1.8554649485957109,2.401187809438479,2.2378358258157816,2.4131797352813726,1.8103286326779813,0.6778657741482743,0.7907312839500042,-1.245236704471965,-0.025796906869726334,2.485482869593725,4.43438225508369,4.547247764885421,4.490815009984556,0.11286550980172994,2.3542213904414613,1.8554649485957109,2.411957261615984,2.2701536398740765,2.4178714751200037,1.8617797429352203
2017-12-19T00:00:00.000,0.6778657741482743,0.7907312839500042,-1.245236704471965,-0.35163487891198086,1.9069942909229518,4.181731648455172,4.294597158256902,4.238164403356037,0.11286550980172994,2.092004571390228,1.6028143419671927,2.14853720280996,1.982543176739489,2.1605291286528536,1.5335894099749199,0.6778657741482743,0.7907312839500042,-1.245236704471965,-0.025796906869726334,2.485482869593725,4.43438225508369,4.547247764885421,4.490815009984556,0.11286550980172994,2.35274973752633,1.8554649485957109,2.401187809438479,2.2378358258157816,2.4131797352813726,1.8103286326779813
2017-12-26T00:00:00.000,-0.18886431085160088,0.7095330468690701,-1.245236704471965,-0.24640681496609862,0.7556301440254836,2.058409352611946,2.956806710332617,2.507608031472282,0.898397357720671,-0.023223164945414432,-0.49054744907013514,0.8107467548856748,0.6447527288152037,0.42997275676909874,-0.17287834583429262,0.6778657741482743,0.7907312839500042,-1.245236704471965,-0.35163487891198086,1.9069942909229518,4.181731648455172,4.294597158256902,4.238164403356037,0.11286550980172994,2.092004571390228,1.6028143419671927,2.14853720280996,1.982543176739489,2.1605291286528536,1.5335894099749199
2018-01-02T00:00:00.000,-0.18886431085160088,0.47712128574918766,-1.245236704471965,-0.24640681496609862,1.0883897429767126,2.3911689515631753,3.057154548163964,2.72416174986357,0.6659855966007886,0.30144187449823123,-0.11952674248109885,0.911094592717022,0.7451005666465509,0.6405502554716311,0.043675372556995384,-0.18886431085160088,0.7095330468690701,-1.245236704471965,-0.24640681496609862,0.7556301440254836,2.058409352611946,2.956806710332617,2.507608031472282,0.898397357720671,-0.023223164945414432,-0.49054744907013514,0.8107467548856748,0.6447527288152037,0.42997275676909874,-0.17287834583429262
2018-01-09T00:00:00.000,-0.18886431085160088,0.3985653156885666,-1.245236704471965,-0.24640681496609862,1.4779834534862735,2.7807626620727364,3.368192288612904,3.07447747534282,0.5874296265401675,0.6829410255002086,0.2700669680284622,1.2221323331659617,1.0561383070954906,0.9848897612621257,0.36990248196170317,-0.18886431085160088,0.47712128574918766,-1.245236704471965,-0.24640681496609862,1.0883897429767126,2.3911689515631753,3.057154548163964,2.72416174986357,0.6659855966007886,0.30144187449823123,-0.11952674248109885,0.911094592717022,0.7451005666465509,0.6405502554716311,0.043675372556995384
2018-01-16T00:00:00.000,-0.7516706899410417,-0.10035011446985347,-0.8321052288686293,-0.12865761583622412,1.4779834534862735,1.687075608250085,2.3383961837212732,2.012735895985679,0.6513205754711883,-0.402651468814859,-0.813781351007659,0.19199095084083817,0.013171101101930205,-0.07087559840625968,-0.6918390973954378,-0.18886431085160088,0.3985653156885666,-1.245236704471965,-0.24640681496609862,1.4779834534862735,2.7807626620727364,3.368192288612904,3.07447747534282,0.5874296265401675,0.6829410255002086,0.2700669680284622,1.2221323331659617,1.0561383070954906,0.9848897612621257,0.36990248196170317
2018-01-23T00:00:00.000,-0.7516706899410417,-0.10035011446985347,-0.7779396349062082,0.377828487727046,1.7387916536796262,1.3872321109177466,2.0385526863889347,1.7128923986533406,0.6513205754711883,-0.6944004066396139,-1.1136248483399975,-0.10750726905800745,-0.2866723962304083,-0.36474287604984257,-0.9916825947277763,-0.7516706899410417,-0.10035011446985347,-0.8321052288686293,-0.12865761583622412,1.4779834534862735,1.687075608250085,2.3383961837212732,2.012735895985679,0.6513205754711883,-0.402651468814859,-0.813781351007659,0.19199095084083817,0.013171101101930205,-0.07087559840625968,-0.6918390973954378
2018-01-30T00:00:00.000,-1.4004677921283548,-0.10035011446985347,-0.7779396349062082,0.377828487727046,1.754616365182068,0.7542597202328756,2.054377397891377,1.4043185590621263,1.3001176776585013,-1.3259011444093536,-1.7465972390248685,-0.09168255755556531,-0.27084768472796616,-0.6733167156410569,-1.3002564343189906,-0.7516706899410417,-0.10035011446985347,-0.7779396349062082,0.377828487727046,1.7387916536796262,1.3872321109177466,2.0385526863889347,1.7128923986533406,0.6513205754711883,-0.6944004066396139,-1.1136248483399975,-0.10750726905800745,-0.2866723962304083,-0.36474287604984257,-0.9916825947277763
2018-02-06T00:00:00.000,-1.4004677921283548,-0.10035011446985347,-0.7779396349062082,1.2210144556683145,1.754616365182068,-0.08892624770839297,1.2111914299501083,0.5611325911208577,1.3001176776585013,-2.167615459435491,-2.5897832069661373,-0.9348685254968339,-1.1140336526692347,-1.5165026835823254,-2.143442402260259,-1.4004677921283548,-0.10035011446985347,-0.7779396349062082,0.377828487727046,1.754616365182068,0.7542597202328756,2.054377397891377,1.4043185590621263,1.3001176776585013,-1.3259011444093536,-1.7465972390248685,-0.09168255755556531,-0.27084768472796616,-0.6733167156410569,-1.3002564343189906
2018-02-13T00:00:00.000,-1.4705440996035428,-0.10035011446985347,-0.7779396349062082,2.352796187698234,1.754616365182068,-1.2907842872135005,0.07940969792018893,-0.6056872946466558,1.3701939851336893,-3.359333569383023,-3.7916412464712446,-2.0666502575267534,-2.245815384699154,-2.6786308295112082,-3.310262288027773,-1.4004677921283548,-0.10035011446985347,-0.7779396349062082,1.2210144556683145,1.754616365182068,-0.08892624770839297,1.2111914299501083,0.5611325911208577,1.3001176776585013,-2.167615459435491,-2.5897832069661373,-0.9348685254968339,-1.1140336526692347,-1.5165026835823254,-2.143442402260259
2018-02-20T00:00:00.000,-1.2054367362694844,1.071876434116919,-0.5199738051762535,2.352796187698234,1.754616365182068,-1.2836427536093968,0.9936704167770065,-0.14498616841619516,2.277313170386403,-3.3420521062213426,-3.7844997128671407,-1.1523895386699357,-1.3315546658423365,-2.213237963442116,-2.849561161797312,-1.4705440996035428,-0.10035011446985347,-0.7779396349062082,2.352796187698234,1.754616365182068,-1.2907842872135005,0.07940969792018893,-0.6056872946466558,1.3701939851336893,-3.359333569383023,-3.7916412464712446,-2.0666502575267534,-2.245815384699154,-2.6786308295112082,-3.310262288027773
2018-02-27T00:00:00.000,-0.9472713901326626,1.071876434116919,-0.5199738051762535,2.352796187698234,1.754616365182068,-1.025477407472575,0.9936704167770065,-0.015903495347784236,2.0191478242495817,-3.0828689350265313,-3.5263343667303193,-1.1416200864924306,-1.3315546658423365,-2.075773739989683,-2.7204784887289013,-1.2054367362694844,1.071876434116919,-0.5199738051762535,2.352796187698234,1.754616365182068,-1.2836427536093968,0.9936704167770065,-0.14498616841619516,2.277313170386403,-3.3420521062213426,-3.7844997128671407,-1.1523895386699357,-1.3315546658423365,-2.213237963442116,-2.849561161797312
2018-03-06T00:00:00.000,-0.9472713901326626,1.071876434116919,-0.5199738051762535,2.352796187698234,1.754616365182068,-1.025477407472575,0.9936704167770065,-0.015903495347784236,2.0191478242495817,-3.0818511099685413,-3.5263343667303193,-1.130850634314926,-1.3315546658423365,-2.067392189605661,-2.7204784887289013,-0.9472713901326626,1.071876434116919,-0.5199738051762535,2.352796187698234,1.754616365182068,-1.025477407472575,0.9936704167770065,-0.015903495347784236,2.0191478242495817,-3.0828689350265313,-3.5263343667303193,-1.1416200864924306,-1.3315546658423365,-2.075773739989683,-2.7204784887289013
2018-03-13T00:00:00.000,-0.4806271748505961,1.071876434116919,-0.5199738051762535,2.756420541259594,1.754616365182068,-0.9624575457518685,0.5900460632156466,-0.18620574126811096,1.552503608967515,-3.0168379599762813,-3.4633145050096124,-1.534474987876286,-1.7351790194036965,-2.2331205413055795,-2.890780734649228,-0.9472713901326626,1.071876434116919,-0.5199738051762535,2.352796187698234,1.754616365182068,-1.025477407472575,0.9936704167770065,-0.015903495347784236,2.0191478242495817,-3.0818511099685413,-3.5263343667303193,-1.130850634314926,-1.3315546658423365,-2.067392189605661,-2.7204784887289013
2018-03-20T00:00:00.000,-0.4806271748505961,1.071876434116919,1.2210144556683145,2.756420541259594,1.469092346728256,-2.9889698250502486,-1.4364662160827335,-2.212718020566491,1.552503608967515,-5.041356951003109,-5.489826784307993,-3.5609872671746663,-3.7616912987020763,-4.255058926383551,-4.917293013947608,-0.4806271748505961,1.071876434116919,-0.5199738051762535,2.756420541259594,1.754616365182068,-0.9624575457518685,0.5900460632156466,-0.18620574126811096,1.552503608967515,-3.0168379599762813,-3.4633145050096124,-1.534474987876286,-1.7351790194036965,-2.2331205413055795,-2.890780734649228
2018-03-27T00:00:00.000,-0.4806271748505961,1.071876434116919,1.581785601836656,2.756420541259594,1.469092346728256,-3.3497409712185897,-1.797237362251075,-2.5734891667348325,1.552503608967515,-5.3709420031813835,-5.850597930476334,-3.9185064142775756,-4.122462444870418,-4.612630971709306,-5.2780641601159495,-0.4806271748505961,1.071876434116919,1.2210144556683145,2.756420541259594,1.469092346728256,-2.9889698250502486,-1.4364662160827335,-2.212718020566491,1.552503608967515,-5.041356951003109,-5.489826784307993,-3.5609872671746663,-3.7616912987020763,-4.255058926383551,-4.917293013947608
2018-04-03T00:00:00.000,-0.4806271748505961,1.071876434116919,1.4833751406079363,2.756420541259594,1.469092346728256,-3.25133050998987,-1.6988269010223553,-2.475078705506113,1.552503608967515,-5.241345447962597,-5.752187469247614,-3.8168439539834234,-4.024051983641698,-4.511021409638001,-5.17965369888723,-0.4806271748505961,1.071876434116919,1.581785601836656,2.756420541259594,1.469092346728256,-3.3497409712185897,-1.797237362251075,-2.5734891667348325,1.552503608967515,-5.3709420031813835,-5.850597930476334,-3.9185064142775756,-4.122462444870418,-4.612630971709306,-5.2780641601159495
2018-04-10T00:00:00.000,-0.4806271748505961,0.9759865590713552,1.4833751406079363,2.756420541259594,1.469092346728256,-3.25133050998987,-1.794716776067919,-2.5230236430288944,1.4566137339219514,-5.239075323008065,-5.752187469247614,-3.9106846355027405,-4.1199418586872625,-4.555770709085971,-5.227598636410011,-0.4806271748505961,1.071876434116919,1.4833751406079363,2.756420541259594,1.469092346728256,-3.25133050998987,-1.6988269010223553,-2.475078705506113,1.552503608967515,-5.241345447962597,-5.752187469247614,-3.8168439539834234,-4.024051983641698,-4.511021409638001,-5.17965369888723
2018-04-17T00:00:00.000,-0.4806271748505961,0.3546826694518834,0.9779419771251868,2.756420541259594,0.8298331330232555,-3.3851565602121214,-2.549846715909642,-2.967501638060882,0.8353098443024796,-5.370631248275785,-5.8860135194698655,-4.663765381818216,-4.875071798528985,-4.997053066043147,-5.672076631441999,-0.4806271748505961,0.9759865590713552,1.4833751406079363,2.756420541259594,1.469092346728256,-3.25133050998987,-1.794716776067919,-2.5230236430288944,1.4566137339219514,-5.239075323008065,-5.752187469247614,-3.9106846355027405,-4.1199418586872625,-4.555770709085971,-5.227598636410011
2018-04-24T00:00:00.000,-0.4806271748505961,0.3546826694518834,0.9779419771251868,2.756420541259594,0.8264217076187526,-3.388567985616624,-2.553258141314145,-2.9709130634653844,0.8353098443024796,-5.370533251871338,-5.825101042940605,-4.660596709141765,-4.878483223933488,-4.996270730586734,-5.651399440771959,-0.4806271748505961,0.3546826694518834,0.9779419771251868,2.756420541259594,0.8298331330232555,-3.3851565602121214,-2.549846715909642,-2.967501638060882,0.8353098443024796,-5.370631248275785,-5.8860135194698655,-4.663765381818216,-4.875071798528985,-4.997053066043147,-5.672076631441999
2018-05-01T00:00:00.000,-1.2582306176406042,0.3546826694518834,0.9779419771251868,2.109605821876616,0.6247078734644771,-3.72107054317793,-2.108157256085442,-2.9146138996316857,1.6129132870924876,-5.699526387623693,-6.125513273058553,-4.2089157258321075,-4.420211237602855,-4.935777805892119,-5.543649166681021,-0.4806271748505961,0.3546826694518834,0.9779419771251868,2.756420541259594,0.8264217076187526,-3.388567985616624,-2.553258141314145,-2.9709130634653844,0.8353098443024796,-5.370533251871338,-5.825101042940605,-4.660596709141765,-4.878483223933488,-4.996270730586734,-5.651399440771959
2018-05-08T00:00:00.000,-1.2582306176406042,0.6642017670607837,0.9779419771251868,2.109605821876616,0.5167849185802398,-3.828993498062167,-1.9065611133607792,-2.8677773057114733,1.9224323847013878,-5.8074493425079305,-6.228297191499452,-4.004880098466889,-4.218615094878192,-4.88472720683453,-5.44978020206363,-1.2582306176406042,0.3546826694518834,0.9779419771251868,2.109605821876616,0.6247078734644771,-3.72107054317793,-2.108157256085442,-2.9146138996316857,1.6129132870924876,-5.699526387623693,-6.125513273058553,-4.2089157258321075,-4.420211237602855,-4.935777805892119,-5.543649166681021
2018-05-15T00:00:00.000,-1.1513207879641771,2.2716878680797623,0.9779419771251868,2.109605821876616,0.1887988475856243,-4.050069739380356,-0.6270610833364161,-2.3385654113583856,3.4230086560439394,-6.028525583826119,-6.445306061880586,-2.722940583801969,-2.936473022406056,-4.351301307344064,-4.82577145162748,-1.2582306176406042,0.6642017670607837,0.9779419771251868,2.109605821876616,0.5167849185802398,-3.828993498062167,-1.9065611133607792,-2.8677773057114733,1.9224323847013878,-5.8074493425079305,-6.228297191499452,-4.004880098466889,-4.218615094878192,-4.88472720683453,-5.44978020206363
2018-05-22T00:00:00.000,-1.1513207879641771,2.2716878680797623,0.9779419771251868,2.109605821876616,0.46242714500112925,-3.7764414419648507,-0.3534327859209112,-2.064937113942881,3.4230086560439394,-5.739646771912268,-6.142659424980108,-2.4436096588379774,-2.5798477119553156,-4.0769624602522505,-4.531741163008789,-1.1513207879641771,2.2716878680797623,0.9779419771251868,2.109605821876616,0.1887988475856243,-4.050069739380356,-0.6270610833364161,-2.3385654113583856,3.4230086560439394,-6.028525583826119,-6.445306061880586,-2.722940583801969,-2.936473022406056,-4.351301307344064,-4.82577145162748
2018-05-29T00:00:00.000,-1.1513207879641771,2.2716878680797623,0.9779419771251868,2.109605821876616,0.46242714500112925,-3.7764414419648507,-0.3534327859209112,-2.064937113942881,3.4230086560439394,-5.724396257413921,-6.142659424980108,-2.437907031289491,-2.5798477119553156,-4.07625191057594,-4.531741163008789,-1.1513207879641771,2.2716878680797623,0.9779419771251868,2.109605821876616,0.46242714500112925,-3.7764414419648507,-0.3534327859209112,-2.064937113942881,3.4230086560439394,-5.739646771912268,-6.142659424980108,-2.4436096588379774,-2.5798477119553156,-4.0769624602522505,-4.531741163008789
2018-06-05T00:00:00.000,-0.9142827265105253,2.2716878680797623,0.5448023615962683,2.109605821876616,0.46242714500112925,-3.1062637649822804,0.07970682960800746,-1.5132784676871363,3.1859705945902874,-5.0491543636324,-5.472481747997538,-2.001402894871443,-2.146708096426397,-3.4944539278089737,-3.980082516753044,-1.1513207879641771,2.2716878680797623,0.9779419771251868,2.109605821876616,0.46242714500112925,-3.7764414419648507,-0.3534327859209112,-2.064937113942881,3.4230086560439394,-5.724396257413921,-6.142659424980108,-2.437907031289491,-2.5798477119553156,-4.07625191057594,-4.531741163008789
2018-06-12T00:00:00.000,-0.9142827265105253,2.2716878680797623,0.5448023615962683,2.109605821876616,0.46242714500112925,-3.1062637649822804,0.07970682960800746,-1.5132784676871363,3.1859705945902874,-5.044090146833449,-5.472481747997538,-1.9980383739823133,-2.146708096426397,-3.4643145912977524,-3.980082516753044,-0.9142827265105253,2.2716878680797623,0.5448023615962683,2.109605821876616,0.46242714500112925,-3.1062637649822804,0.07970682960800746,-1.5132784676871363,3.1859705945902874,-5.0491543636324,-5.472481747997538,-2.001402894871443,-2.146708096426397,-3.4944539278089737,-3.980082516753044
2018-06-19T00:00:00.000,-0.08648814642472474,2.2716878680797623,0.5448023615962683,1.660979919748529,0.46242714500112925,-1.8298432827683928,0.5283327317360942,-0.6507552755161494,2.358176014504487,-3.7613239226689013,-4.1960612657836505,-1.5470855209598704,-1.6980821942983102,-2.5864314438888467,-3.117559324582057,-0.9142827265105253,2.2716878680797623,0.5448023615962683,2.109605821876616,0.46242714500112925,-3.1062637649822804,0.07970682960800746,-1.5132784676871363,3.1859705945902874,-5.044090146833449,-5.472481747997538,-1.9980383739823133,-2.146708096426397,-3.4643145912977524,-3.980082516753044
2018-06-26T00:00:00.000,-0.08648814642472474,2.2716878680797623,0.5448023615962683,1.660979919748529,0.46242714500112925,-1.8298432827683928,0.5283327317360942,-0.6507552755161494,2.358176014504487,-3.7549781807182407,-4.1960612657836505,-1.5447585700655142,-1.6980821942983102,-2.5710714886509285,-3.117559324582057,-0.08648814642472474,2.2716878680797623,0.5448023615962683,1.660979919748529,0.46242714500112925,-1.8298432827683928,0.5283327317360942,-0.6507552755161494,2.358176014504487,-3.7613239226689013,-4.1960612657836505,-1.5470855209598704,-1.6980821942983102,-2.5864314438888467,-3.117559324582057
2018-07-03T00:00:00.000,-0.08648814642472474,0.5510661873405703,0.3183074452708165,1.660979919748529,0.46242714500112925,-1.603348366442941,-0.965794032677646,-1.2845711995602935,0.6375543337652951,-3.5265644736386683,-3.9695663494581988,-3.0376637268819566,-3.19220895871205,-3.1988653746639146,-3.751375248626201,-0.08648814642472474,2.2716878680797623,0.5448023615962683,1.660979919748529,0.46242714500112925,-1.8298432827683928,0.5283327317360942,-0.6507552755161494,2.358176014504487,-3.7549781807182407,-4.1960612657836505,-1.5447585700655142,-1.6980821942983102,-2.5710714886509285,-3.117559324582057
2018-07-10T00:00:00.000,0.3682069701849632,0.5510661873405703,0.22324656969875925,0.9996600523467095,-0.1415780734976932,-0.9962777253581987,-0.8134185082025915,-0.9048481167803951,0.18285921715560716,-2.9175750417998056,-3.362495708373457,-2.884066594809604,-3.039833434236996,-2.813120253852859,-3.3716521658463026,-0.08648814642472474,0.5510661873405703,0.3183074452708165,1.660979919748529,0.46242714500112925,-1.603348366442941,-0.965794032677646,-1.2845711995602935,0.6375543337652951,-3.5265644736386683,-3.9695663494581988,-3.0376637268819566,-3.19220895871205,-3.1988653746639146,-3.751375248626201
2018-07-17T00:00:00.000,0.5552021513297192,0.5510661873405703,0.05459696454128052,0.9801944028478197,-0.1415780734976932,-0.6211672895570741,-0.625303253546223,-0.6232352715516485,-0.004135963989148839,-2.5317966464712947,-2.987385272572332,-2.690607547414107,-2.8517181795806272,-2.524521727406928,-3.090039320617556,0.3682069701849632,0.5510661873405703,0.22324656969875925,0.9996600523467095,-0.1415780734976932,-0.9962777253581987,-0.8134185082025915,-0.9048481167803951,0.18285921715560716,-2.9175750417998056,-3.362495708373457,-2.884066594809604,-3.039833434236996,-2.813120253852859,-3.3716521658463026
2018-07-24T00:00:00.000,0.5552021513297192,0.5510661873405703,0.05459696454128052,0.9801944028478197,-0.1415780734976932,-0.6211672895570741,-0.625303253546223,-0.6232352715516485,-0.004135963989148839,-2.521128686943908,-2.987385272572332,-2.685263754674979,-2.8517181795806272,-2.5175360461897434,-3.090039320617556,0.5552021513297192,0.5510661873405703,0.05459696454128052,0.9801944028478197,-0.1415780734976932,-0.6211672895570741,-0.625303253546223,-0.6232352715516485,-0.004135963989148839,-2.5317966464712947,-2.987385272572332,-2.690607547414107,-2.8517181795806272,-2.524521727406928,-3.090039320617556
2018-07-31T00:00:00.000,0.5552021513297192,0.5510661873405703,0.05459696454128052,0.91460672829477,-0.5279510344585537,-0.941952575964885,-0.9460885399540339,-0.9440205579594594,-0.004135963989148839,-2.8339293337495475,-3.3081705589801427,-3.0032574894641004,-3.1725034659884384,-2.8256081678087472,-3.4108246070253667,0.5552021513297192,0.5510661873405703,0.05459696454128052,0.9801944028478197,-0.1415780734976932,-0.6211672895570741,-0.625303253546223,-0.6232352715516485,-0.004135963989148839,-2.521128686943908,-2.987385272572332,-2.685263754674979,-2.8517181795806272,-2.5175360461897434,-3.090039320617556
2018-08-07T00:00:00.000,0.5552021513297192,1.0973191913705986,0.05459696454128052,0.6393059261777904,-0.6279493303163455,-0.766650069705697,-0.22453302966481758,-0.4955915496852573,0.5421170400408795,-2.6506421878881885,-3.132868052720955,-2.2789104275561947,-2.450947955699222,-2.3644659947457374,-2.962395598751165,0.5552021513297192,0.5510661873405703,0.05459696454128052,0.91460672829477,-0.5279510344585537,-0.941952575964885,-0.9460885399540339,-0.9440205579594594,-0.004135963989148839,-2.8339293337495475,-3.3081705589801427,-3.0032574894641004,-3.1725034659884384,-2.8256081678087472,-3.4108246070253667
2018-08-14T00:00:00.000,0.5552021513297192,1.4574897959972457,-0.22381289408087368,0.4944579516518879,-0.6279493303163455,-0.3433922365576405,0.558895408109886,0.10775158577612265,0.9022876446675265,-2.2257934962615717,-2.709610219572898,-1.4875696340302698,-1.6675195179245184,-1.7580571572554555,-2.359052463289785,0.5552021513297192,1.0973191913705986,0.05459696454128052,0.6393059261777904,-0.6279493303163455,-0.766650069705697,-0.22453302966481758,-0.4955915496852573,0.5421170400408795,-2.6506421878881885,-3.132868052720955,-2.2789104275561947,-2.450947955699222,-2.3644659947457374,-2.962395598751165
2018-08-21T00:00:00.000,0.5552021513297192,1.4574897959972457,-0.6446723401141192,0.4944579516518879,-0.6279493303163455,0.07746720947560504,0.9797548541431313,0.5286110318093682,0.9022876446675265,-1.803343191749766,-2.288750773539653,-1.0587978322458034,-1.246660071891273,-1.3341320091933082,-1.9381930172565394,0.5552021513297192,1.4574897959972457,-0.22381289408087368,0.4944579516518879,-0.6279493303163455,-0.3433922365576405,0.558895408109886,0.10775158577612265,0.9022876446675265,-2.2257934962615717,-2.709610219572898,-1.4875696340302698,-1.6675195179245184,-1.7580571572554555,-2.359052463289785
2018-08-28T00:00:00.000,0.5552021513297192,1.4574897959972457,-0.7987271589966305,0.4944579516518879,-0.6279493303163455,0.2315220283581163,1.1338096730256428,0.6826658506918795,0.9022876446675265,-1.6101973898217918,-2.1346959546571416,-0.8958833652429583,-1.0926052530087615,-1.1726369296261272,-1.784138198374028,0.5552021513297192,1.4574897959972457,-0.6446723401141192,0.4944579516518879,-0.6279493303163455,0.07746720947560504,0.9797548541431313,0.5286110318093682,0.9022876446675265,-1.803343191749766,-2.288750773539653,-1.0587978322458034,-1.246660071891273,-1.3341320091933082,-1.9381930172565394
2018-09-04T00:00:00.000,0.2184587151182374,1.4574897959972457,-0.7987271589966305,0.4944579516518879,-0.6279493303163455,-0.10522140785336553,1.1338096730256428,0.5142941325861388,1.2390310808790084,-1.9078498429878108,-2.4418843602130478,-0.8870237171226247,-1.0122502824212993,-1.3335683870471982,-1.858018322389541,0.5552021513297192,1.4574897959972457,-0.7987271589966305,0.4944579516518879,-0.6279493303163455,0.2315220283581163,1.1338096730256428,0.6826658506918795,0.9022876446675265,-1.6101973898217918,-2.1346959546571416,-0.8958833652429583,-1.0926052530087615,-1.1726369296261272,-1.784138198374028
2018-09-11T00:00:00.000,0.0442034109186465,1.4574897959972457,-0.7987271589966305,0.4944579516518879,-0.6279493303163455,-0.2794767120529563,1.1338096730256428,0.4271664804863431,1.4132863850785993,-2.0821051471874017,-2.5938614030707456,-0.8870237171226247,-1.0122502824212993,-1.3879224417695157,-1.8164970044707982,0.2184587151182374,1.4574897959972457,-0.7987271589966305,0.4944579516518879,-0.6279493303163455,-0.10522140785336553,1.1338096730256428,0.5142941325861388,1.2390310808790084,-1.9078498429878108,-2.4418843602130478,-0.8870237171226247,-1.0122502824212993,-1.3335683870471982,-1.858018322389541
2018-09-18T00:00:00.000,0.0442034109186465,1.4574897959972457,-0.7987271589966305,0.31363022584022154,-0.8331316797711953,-0.30383133569613985,1.1094550493824593,0.40281185684315957,1.4132863850785993,-2.106459770830585,-2.501097399874181,-0.9113783407658083,-1.0024475301361722,-1.3795034680352212,-1.708309145664095,0.0442034109186465,1.4574897959972457,-0.7987271589966305,0.4944579516518879,-0.6279493303163455,-0.2794767120529563,1.1338096730256428,0.4271664804863431,1.4132863850785993,-2.0821051471874017,-2.5938614030707456,-0.8870237171226247,-1.0122502824212993,-1.3879224417695157,-1.8164970044707982
2018-09-25T00:00:00.000,0.0442034109186465,1.4574897959972457,-0.7987271589966305,0.2255387746043833,-1.9917903514455706,-1.3743985561346768,0.03888782894392229,-0.6677553635953775,1.4132863850785993,-3.156780108832238,-3.4525140507269136,-1.9739616103131032,-2.0271734717969263,-2.443100922046369,-2.6797807099047466,0.0442034109186465,1.4574897959972457,-0.7987271589966305,0.31363022584022154,-0.8331316797711953,-0.30383133569613985,1.1094550493824593,0.40281185684315957,1.4132863850785993,-2.106459770830585,-2.501097399874181,-0.9113783407658083,-1.0024475301361722,-1.3795034680352212,-1.708309145664095
2018-10-02T00:00:00.000,0.012974520909999825,1.1562185525873905,-0.7987271589966305,0.2255387746043833,-1.9917903514455706,-1.4056274461433236,-0.26238341446593294,-0.8340054303046283,1.1432440316773906,-3.167762116404,-3.3158994575796346,-2.267248902831716,-2.3088484566060887,-2.60238122232823,-2.7635940884378263,0.0442034109186465,1.4574897959972457,-0.7987271589966305,0.2255387746043833,-1.9917903514455706,-1.3743985561346768,0.03888782894392229,-0.6677553635953775,1.4132863850785993,-3.156780108832238,-3.4525140507269136,-1.9739616103131032,-2.0271734717969263,-2.443100922046369,-2.6797807099047466
2018-10-09T00:00:00.000,0.012974520909999825,1.1562185525873905,-0.7987271589966305,0.29357117655418397,-1.699996167390898,-1.1818656640384517,-0.03862163236106109,-0.6102436481997564,1.1432440316773906,-2.9297619967653405,-2.9064708032938325,-2.04195155400276,-2.024693160058527,-2.357623339697329,-2.4183628040282255,0.012974520909999825,1.1562185525873905,-0.7987271589966305,0.2255387746043833,-1.9917903514455706,-1.4056274461433236,-0.26238341446593294,-0.8340054303046283,1.1432440316773906,-3.167762116404,-3.3158994575796346,-2.267248902831716,-2.3088484566060887,-2.60238122232823,-2.7635940884378263
2018-10-16T00:00:00.000,-0.05804446213125493,1.1562185525873905,-0.3801132201369518,0.4696797911743107,-1.699996167390898,-1.8476072005595119,-0.6333441858408664,-1.2404756932001892,1.2142630147186455,-3.5812651957526134,-3.3847610601434277,-2.635138540758482,-2.5669345548468634,-2.9668592841717327,-2.9811097885386606,0.012974520909999825,1.1562185525873905,-0.7987271589966305,0.29357117655418397,-1.699996167390898,-1.1818656640384517,-0.03862163236106109,-0.6102436481997564,1.1432440316773906,-2.9297619967653405,-2.9064708032938325,-2.04195155400276,-2.024693160058527,-2.357623339697329,-2.4183628040282255
2018-10-23T00:00:00.000,-0.05804446213125493,1.111748443257713,-0.3801132201369518,0.4696797911743107,-1.699996167390898,-1.8476072005595119,-0.6778142951705441,-1.262710747865028,1.169792905388968,-3.579441565731657,-3.213522292509955,-2.6736818159133557,-2.4898948311805893,-2.9823487426774697,-2.9387040576889825,-0.05804446213125493,1.1562185525873905,-0.3801132201369518,0.4696797911743107,-1.699996167390898,-1.8476072005595119,-0.6333441858408664,-1.2404756932001892,1.2142630147186455,-3.5812651957526134,-3.3847610601434277,-2.635138540758482,-2.5669345548468634,-2.9668592841717327,-2.9811097885386606
2018-10-30T00:00:00.000,-0.05804446213125493,1.111748443257713,-0.3801132201369518,0.4696797911743107,-1.699996167390898,-1.8476072005595119,-0.6778142951705441,-1.262710747865028,1.169792905388968,-3.577617935710702,-3.0816616593716564,-2.6677549817385513,-2.2841392727669616,-2.9756031465183685,-2.7844171378933753,-0.05804446213125493,1.111748443257713,-0.3801132201369518,0.4696797911743107,-1.699996167390898,-1.8476072005595119,-0.6778142951705441,-1.262710747865028,1.169792905388968,-3.579441565731657,-3.213522292509955,-2.6736818159133557,-2.4898948311805893,-2.9823487426774697,-2.9387040576889825
2018-11-06T00:00:00.000,-0.30009077277412527,1.111748443257713,-0.3801132201369518,0.4696797911743107,-1.380116831683432,-1.7697741754949161,-0.3579349594630781,-1.0638545674789972,1.4118392160318383,-3.4817205010483256,-2.8486455399764035,-2.3478756460310852,-1.8384395592897864,-2.7720598591947314,-2.3798053990937165,-0.05804446213125493,1.111748443257713,-0.3801132201369518,0.4696797911743107,-1.699996167390898,-1.8476072005595119,-0.6778142951705441,-1.262710747865028,1.169792905388968,-3.577617935710702,-3.0816616593716564,-2.6677549817385513,-2.2841392727669616,-2.9756031465183685,-2.7844171378933753
2018-11-13T00:00:00.000,-0.16152406206944986,1.3049699513173185,-0.3801132201369518,0.6395082367048927,-1.380116831683432,-1.8010359103208229,-0.33454189693405434,-1.0677889036274386,1.4664940133867683,-3.4949178262764526,-2.7846953305596776,-2.3244825835020615,-1.7148085364948922,-2.771307088405566,-2.2928589997831317,-0.30009077277412527,1.111748443257713,-0.3801132201369518,0.4696797911743107,-1.380116831683432,-1.7697741754949161,-0.3579349594630781,-1.0638545674789972,1.4118392160318383,-3.4817205010483256,-2.8486455399764035,-2.3478756460310852,-1.8384395592897864,-2.7720598591947314,-2.3798053990937165
2018-11-20T00:00:00.000,-0.16152406206944986,1.3049699513173185,0.18641010290636795,0.6395082367048927,-1.380116831683432,-2.3675592333641426,-0.9010652199773741,-1.6343122266707584,1.4664940133867683,-4.058037995467,-3.211232571558522,-2.890289533227076,-2.1970654884767535,-3.330195796091954,-2.787041536686859,-0.16152406206944986,1.3049699513173185,-0.3801132201369518,0.6395082367048927,-1.380116831683432,-1.8010359103208229,-0.33454189693405434,-1.0677889036274386,1.4664940133867683,-3.4949178262764526,-2.7846953305596776,-2.3244825835020615,-1.7148085364948922,-2.771307088405566,-2.2928589997831317
2018-11-27T00:00:00.000,-0.16152406206944986,1.3049699513173185,0.18641010290636795,0.6395082367048927,-0.9528914376953705,-1.940333839376081,-0.4738398259893124,-1.2070868326826967,1.4664940133867683,-3.627409447626166,-2.6851357104909153,-2.4623477659207085,-1.7146341436402461,-2.8953357867469607,-2.241924458054232,-0.16152406206944986,1.3049699513173185,0.18641010290636795,0.6395082367048927,-1.380116831683432,-2.3675592333641426,-0.9010652199773741,-1.6343122266707584,1.4664940133867683,-4.058037995467,-3.211232571558522,-2.890289533227076,-2.1970654884767535,-3.330195796091954,-2.787041536686859
2018-12-04T00:00:00.000,-0.16152406206944986,1.3049699513173185,0.10702244530981625,0.6395082367048927,-0.9528914376953705,-1.8609461817795292,-0.39445216839276087,-1.127699175086145,1.4664940133867683,-3.543680144472839,-2.5870281439825127,-2.3555013228614574,-1.5819896337680524,-2.807857600300768,-2.0631818162355473,-0.16152406206944986,1.3049699513173185,0.18641010290636795,0.6395082367048927,-0.9528914376953705,-1.940333839376081,-0.4738398259893124,-1.2070868326826967,1.4664940133867683,-3.627409447626166,-2.6851357104909153,-2.4623477659207085,-1.7146341436402461,-2.8953357867469607,-2.241924458054232
2018-12-11T00:00:00.000,-0.16152406206944986,1.3049699513173185,-0.9952713339487284,0.6395082367048927,-0.9528914376953705,-0.7586524025209846,0.7078416108657839,-0.025405395827600374,1.4664940133867683,-2.437044719657519,-1.4686374699046358,-1.2257487581402131,-0.44100497604727473,-1.6974732921925828,-0.8088341028954705,-0.16152406206944986,1.3049699513173185,0.10702244530981625,0.6395082367048927,-0.9528914376953705,-1.8609461817795292,-0.39445216839276087,-1.127699175086145,1.4664940133867683,-3.543680144472839,-2.5870281439825127,-2.3555013228614574,-1.5819896337680524,-2.807857600300768,-2.0631818162355473
2018-12-18T00:00:00.000,-0.16152406206944986,1.3049699513173185,-1.6163233509254864,0.6395082367048927,-0.9528914376953705,-0.1376003855442265,1.3288936278425418,0.5956466211491578,1.4664940133867683,-1.815992702680761,-0.6755879709062045,-0.6046967411634552,0.1800470409294832,-1.0689480606763522,-0.07203180726618297,-0.16152406206944986,1.3049699513173185,-0.9952713339487284,0.6395082367048927,-0.9528914376953705,-0.7586524025209846,0.7078416108657839,-0.025405395827600374,1.4664940133867683,-2.437044719657519,-1.4686374699046358,-1.2257487581402131,-0.44100497604727473,-1.6974732921925828,-0.8088341028954705
2018-12-24T00:00:00.000,-0.16152406206944986,1.3049699513173185,-1.6163233509254864,0.6395082367048927,-0.9528914376953705,-0.1376003855442265,1.3288936278425418,0.5956466211491578,1.4664940133867683,-1.815992702680761,-0.500038776580365,-0.6046967411634552,0.1800470409294832,-1.0614748461368797,-0.053475513012376075,-0.16152406206944986,1.3049699513173185,-1.6163233509254864,0.6395082367048927,-0.9528914376953705,-0.1376003855442265,1.3288936278425418,0.5956466211491578,1.4664940133867683,-1.815992702680761,-0.6755879709062045,-0.6046967411634552,0.1800470409294832,-1.0689480606763522,-0.07203180726618297
2018-12-31T00:00:00.000,-0.4995376113738896,0.9279653911719742,-2.0128750510399986,0.6113366309259185,-0.9528914376953705,-0.05089062895518004,1.376612373590684,0.662860872317752,1.4275030025458637,-1.7237963790508288,-0.40244510789482296,-0.5505123313434965,0.22776578667762526,-0.9922183120779762,0.013738738156218178,-0.16152406206944986,1.3049699513173185,-1.6163233509254864,0.6395082367048927,-0.9528914376953705,-0.1376003855442265,1.3288936278425418,0.5956466211491578,1.4664940133867683,-1.815992702680761,-0.500038776580365,-0.6046967411634552,0.1800470409294832,-1.0614748461368797,-0.053475513012376075
2019-01-08T00:00:00.000,0.21354738312909038,4.22247923438138,-2.8723905391014477,0.2562088389287438,-0.9528914376953705,1.8768376456064237,5.885769496858713,3.8813035712325687,4.00893185125229,0.19844532846988927,1.5252831666667808,3.952179127852716,4.736922909945655,2.2241821039465313,3.232181437071035,-0.4995376113738896,0.9279653911719742,-2.0128750510399986,0.6113366309259185,-0.9528914376953705,-0.05089062895518004,1.376612373590684,0.662860872317752,1.4275030025458637,-1.7237963790508288,-0.40244510789482296,-0.5505123313434965,0.22776578667762526,-0.9922183120779762,0.013738738156218178
2019-01-15T00:00:00.000,1.0652671365913151,4.22247923438138,-2.8723905391014477,0.10702244530981625,-1.4956713051181723,2.3349639252647743,5.492176023054839,3.913569974159806,3.157212097790065,0.6565716081282398,1.9834094463251313,3.5585856540488416,4.34332943614178,2.248975292334296,3.2644478399982724,0.21354738312909038,4.22247923438138,-2.8723905391014477,0.2562088389287438,-0.9528914376953705,1.8768376456064237,5.885769496858713,3.8813035712325687,4.00893185125229,0.19844532846988927,1.5252831666667808,3.952179127852716,4.736922909945655,2.2241821039465313,3.232181437071035
2019-01-22T00:00:00.000,1.5948255778551192,4.22247923438138,-2.8723905391014477,-0.9952713339487284,-1.8165638201673158,3.6459236307379794,6.2735772872642395,4.95975045900111,2.6276536565262605,1.967531313601445,3.2943691517983367,4.3399869182582425,5.124730700351181,3.2876825626361272,4.310628324839576,1.0652671365913151,4.22247923438138,-2.8723905391014477,0.10702244530981625,-1.4956713051181723,2.3349639252647743,5.492176023054839,3.913569974159806,3.157212097790065,0.6565716081282398,1.9834094463251313,3.5585856540488416,4.34332943614178,2.248975292334296,3.2644478399982724
2019-01-29T00:00:00.000,1.5948255778551192,4.22247923438138,-2.8723905391014477,-1.494689755776252,-1.8165638201673158,4.145342052565503,6.772995709091763,5.459168880828633,2.6276536565262605,2.4626080898721936,3.7937875736258606,4.811946554623066,5.6241491221787046,3.77901045561401,4.8100467466670995,1.5948255778551192,4.22247923438138,-2.8723905391014477,-0.9952713339487284,-1.8165638201673158,3.6459236307379794,6.2735772872642395,4.95975045900111,2.6276536565262605,1.967531313601445,3.2943691517983367,4.3399869182582425,5.124730700351181,3.2876825626361272,4.310628324839576
2019-02-05T00:00:00.000,1.73451711008447,4.22247923438138,-2.8723905391014477,-1.4631937069778191,-1.8165638201673158,4.253537535996421,6.74149966029333,5.497518598144875,2.48796212429691,2.566461927746336,3.9019830570567784,4.752991720361934,5.592653073380272,3.8092696440806115,4.848396463983342,1.5948255778551192,4.22247923438138,-2.8723905391014477,-1.494689755776252,-1.8165638201673158,4.145342052565503,6.772995709091763,5.459168880828633,2.6276536565262605,2.4626080898721936,3.7937875736258606,4.811946554623066,5.6241491221787046,3.77901045561401,4.8100467466670995
2019-02-12T00:00:00.000,2.480955318054371,4.22247923438138,-2.8723905391014477,-1.4631937069778191,-1.8162787039715398,5.000260860162099,6.741784776489107,5.871022818325603,1.7415239163270089,3.3097820980592414,4.648706381222456,4.752560463239405,5.592938189576048,4.175139248904407,5.221900684164069,1.73451711008447,4.22247923438138,-2.8723905391014477,-1.4631937069778191,-1.8165638201673158,4.253537535996421,6.74149966029333,5.497518598144875,2.48796212429691,2.566461927746336,3.9019830570567784,4.752991720361934,5.592653073380272,3.8092696440806115,4.848396463983342
2019-02-19T00:00:00.000,2.480955318054371,4.22247923438138,-2.8723905391014477,-1.4631937069778191,-1.601828886840518,5.21471067729312,6.956234593620128,6.085472635456624,1.7415239163270089,3.5208287613374907,4.863156198353478,4.966293907052121,5.80738800670707,4.381954450678497,5.436350501295091,2.480955318054371,4.22247923438138,-2.8723905391014477,-1.4631937069778191,-1.8162787039715398,5.000260860162099,6.741784776489107,5.871022818325603,1.7415239163270089,3.3097820980592414,4.648706381222456,4.752560463239405,5.592938189576048,4.175139248904407,5.221900684164069
2019-02-26T00:00:00.000,2.480955318054371,3.9167214993017714,-2.647159009564919,-1.4631937069778191,-1.601828886840518,4.989479147756591,6.4252453290039915,5.707362238380291,1.4357661812474003,3.2775328222031814,4.637924668816948,4.435304642435984,5.276398742090933,3.999156946664557,5.058240104218758,2.480955318054371,4.22247923438138,-2.8723905391014477,-1.4631937069778191,-1.601828886840518,5.21471067729312,6.956234593620128,6.085472635456624,1.7415239163270089,3.5208287613374907,4.863156198353478,4.966293907052121,5.80738800670707,4.381954450678497,5.436350501295091
2019-03-05T00:00:00.000,2.480955318054371,2.7334239945681884,-2.647159009564919,-1.4631937069778191,-1.4675115957496474,5.123796438847462,5.37626511536128,5.250030777104371,0.2524686765138173,3.393785703696272,4.772241959907819,3.3863244287932726,4.227418528448221,3.53713837845103,4.600908642942837,2.480955318054371,3.9167214993017714,-2.647159009564919,-1.4631937069778191,-1.601828886840518,4.989479147756591,6.4252453290039915,5.707362238380291,1.4357661812474003,3.2775328222031814,4.637924668816948,4.435304642435984,5.276398742090933,3.999156946664557,5.058240104218758
2019-03-12T00:00:00.000,2.480955318054371,2.7334239945681884,-2.568200851185389,-1.4631937069778191,-1.4675115957496474,5.044838280467932,5.29730695698175,5.171072618724841,0.2524686765138173,3.3130039152957864,4.693283801528289,3.3014394362389385,4.148460370068691,3.451434623912399,4.521950484563307,2.480955318054371,2.7334239945681884,-2.647159009564919,-1.4631937069778191,-1.4675115957496474,5.123796438847462,5.37626511536128,5.250030777104371,0.2524686765138173,3.393785703696272,4.772241959907819,3.3863244287932726,4.227418528448221,3.53713837845103,4.600908642942837
2019-03-19T00:00:00.000,2.480955318054371,2.7334239945681884,-2.4804620150431798,-1.4631937069778191,-1.4675115957496474,4.957099444325722,5.20956812083954,5.083333782582631,0.2524686765138173,3.223441449132621,4.60554496538608,3.2077737659219245,4.060721533926482,3.3569501916110878,4.434211648421098,2.480955318054371,2.7334239945681884,-2.568200851185389,-1.4631937069778191,-1.4675115957496474,5.044838280467932,5.29730695698175,5.171072618724841,0.2524686765138173,3.3130039152957864,4.693283801528289,3.3014394362389385,4.148460370068691,3.451434623912399,4.521950484563307
2019-03-26T00:00:00.000,2.480955318054371,2.2665540598448657,-2.4804620150431798,-1.626145069539528,-1.4573220556715363,5.130240346965542,4.915839088756037,5.023039717860789,-0.2144012582095054,3.3823440142386536,4.7786858680258995,2.912509167114338,3.766992501842979,3.2756600263632167,4.373917583699256,2.480955318054371,2.7334239945681884,-2.4804620150431798,-1.4631937069778191,-1.4675115957496474,4.957099444325722,5.20956812083954,5.083333782582631,0.2524686765138173,3.223441449132621,4.60554496538608,3.2077737659219245,4.060721533926482,3.3569501916110878,4.434211648421098
2019-04-02T00:00:00.000,2.017683467011331,1.991415752631554,-2.4804620150431798,-1.7115393082062333,-1.44044948407335,4.769235306187395,4.742967591807617,4.756101448997506,-0.02626771437977693,3.0071006359267183,4.417680827247752,2.7381021034418342,3.594121004894559,2.987725656973904,4.106979314835972,2.480955318054371,2.2665540598448657,-2.4804620150431798,-1.626145069539528,-1.4573220556715363,5.130240346965542,4.915839088756037,5.023039717860789,-0.2144012582095054,3.3823440142386536,4.7786858680258995,2.912509167114338,3.766992501842979,3.2756600263632167,4.373917583699256
2019-04-09T00:00:00.000,2.017683467011331,1.9210898734517188,-2.4804620150431798,-1.5648100901637298,-1.3019907020095984,4.7609648702086425,4.66437127664903,4.712668073428836,-0.09659359355961206,2.978583317511082,4.409410391269,2.6515218373920044,3.5155246897359715,2.937322514977845,4.063545939267303,2.017683467011331,1.991415752631554,-2.4804620150431798,-1.7115393082062333,-1.44044948407335,4.769235306187395,4.742967591807617,4.756101448997506,-0.02626771437977693,3.0071006359267183,4.417680827247752,2.7381021034418342,3.594121004894559,2.987725656973904,4.106979314835972
2019-04-16T00:00:00.000,2.017683467011331,1.9210898734517188,-2.4804620150431798,-1.5648100901637298,-0.9061548940980311,5.156800678120209,5.060207084560597,5.108503881340404,-0.09659359355961206,3.354172242985764,4.805246199180567,3.0393736944123293,3.9113604976475385,3.3261885564620233,4.45938174717887,2.017683467011331,1.9210898734517188,-2.4804620150431798,-1.5648100901637298,-1.3019907020095984,4.7609648702086425,4.66437127664903,4.712668073428836,-0.09659359355961206,2.978583317511082,4.409410391269,2.6515218373920044,3.5155246897359715,2.937322514977845,4.063545939267303
2019-04-23T00:00:00.000,1.9398893541191768,1.559869510478954,-2.4804620150431798,-1.5648100901637298,-0.9061548940980311,5.079006565228056,4.698986721587833,4.888996643407944,-0.3800198436402229,3.276378130093611,4.727452086288413,2.678153331439565,3.5501401346747743,3.0739077211520858,4.239874509246411,2.017683467011331,1.9210898734517188,-2.4804620150431798,-1.5648100901637298,-0.9061548940980311,5.156800678120209,5.060207084560597,5.108503881340404,-0.09659359355961206,3.354172242985764,4.805246199180567,3.0393736944123293,3.9113604976475385,3.3261885564620233,4.45938174717887
2019-04-30T00:00:00.000,1.5786708095915118,1.0271802750802561,-2.0905137620572622,-1.5648100901637298,-0.9061548940980311,4.327839767714472,3.776349233203217,4.0520945004588445,-0.5514905345112557,2.525211332580027,3.9762852887748297,1.7555158430549493,2.627502646290158,2.2042319808255075,3.402972366297311,1.9398893541191768,1.559869510478954,-2.4804620150431798,-1.5648100901637298,-0.9061548940980311,5.079006565228056,4.698986721587833,4.888996643407944,-0.3800198436402229,3.276378130093611,4.727452086288413,2.678153331439565,3.5501401346747743,3.0739077211520858,4.239874509246411
2019-05-07T00:00:00.000,1.5786708095915118,0.8786530609046019,-2.0736803289985595,-1.4728510695143577,-0.9061548940980311,4.2190473140063975,3.5190295653194883,3.869038439662943,-0.7000177486869099,2.379314273635963,3.867492835066755,1.4893365270508871,2.3701829784064294,2.0137356593449365,3.2199163055014095,1.5786708095915118,1.0271802750802561,-2.0905137620572622,-1.5648100901637298,-0.9061548940980311,4.327839767714472,3.776349233203217,4.0520945004588445,-0.5514905345112557,2.525211332580027,3.9762852887748297,1.7555158430549493,2.627502646290158,2.2042319808255075,3.402972366297311
2019-05-14T00:00:00.000,1.4717449343013165,0.8786530609046019,-1.952078877014219,-1.4728510695143577,-0.9061548940980311,3.990519986731862,3.3974281133351476,3.6939740500335048,-0.5930918733967145,2.113682341125438,3.638965507792219,1.3588754269462129,2.2485815264220887,1.8312310090308284,3.0448519158719707,1.5786708095915118,0.8786530609046019,-2.0736803289985595,-1.4728510695143577,-0.9061548940980311,4.2190473140063975,3.5190295653194883,3.869038439662943,-0.7000177486869099,2.379314273635963,3.867492835066755,1.4893365270508871,2.3701829784064294,2.0137356593449365,3.2199163055014095
2019-05-21T00:00:00.000,1.4717449343013165,0.8786530609046019,-2.0308252223343732,-1.4728510695143577,-0.9061548940980311,4.069266332052017,3.476174458655302,3.772720395353659,-0.5930918733967145,2.1904423086361193,3.717711853112374,1.4297094165151463,2.327327871742243,1.906911652322081,3.123598261192125,1.4717449343013165,0.8786530609046019,-1.952078877014219,-1.4728510695143577,-0.9061548940980311,3.990519986731862,3.3974281133351476,3.6939740500335048,-0.5930918733967145,2.113682341125438,3.638965507792219,1.3588754269462129,2.2485815264220887,1.8312310090308284,3.0448519158719707
2019-05-28T00:00:00.000,1.0739293680929944,0.8786530609046019,-2.3477202059456372,-1.4728510695143577,-0.9061548940980311,3.9883457494549583,3.793069442266566,3.890707595860762,-0.1952763071883925,2.1075353482295873,3.6367912705153156,1.7386920443751892,2.644222855353507,2.021833150800282,3.241585461699228,1.4717449343013165,0.8786530609046019,-2.0308252223343732,-1.4728510695143577,-0.9061548940980311,4.069266332052017,3.476174458655302,3.772720395353659,-0.5930918733967145,2.1904423086361193,3.717711853112374,1.4297094165151463,2.327327871742243,1.906911652322081,3.123598261192125
2019-06-04T00:00:00.000,2.022921327148661,0.6704959985749553,-2.3477202059456372,-1.4728510695143577,-0.9016017424738066,4.9418908601348495,3.5894655315611437,4.265678195847997,-1.3524253285737053,3.0594896004309184,4.590336381195207,1.5322965820510772,2.440618944648085,2.384090585998709,3.616556061686463,1.0739293680929944,0.8786530609046019,-2.3477202059456372,-1.4728510695143577,-0.9061548940980311,3.9883457494549583,3.793069442266566,3.890707595860762,-0.1952763071883925,2.1075353482295873,3.6367912705153156,1.7386920443751892,2.644222855353507,2.021833150800282,3.241585461699228
2019-06-11T00:00:00.000,2.022921327148661,0.2939530089054184,-2.3477202059456372,-1.4623452529441603,-0.9016017424738066,4.931385043564652,3.202416725321409,4.06690088444303,-1.7289683182432425,3.0473929253821606,4.579830564625009,1.142456224192653,2.0535701384083502,2.172600109804935,3.4177787502814967,2.022921327148661,0.6704959985749553,-2.3477202059456372,-1.4728510695143577,-0.9016017424738066,4.9418908601348495,3.5894655315611437,4.265678195847997,-1.3524253285737053,3.0594896004309184,4.590336381195207,1.5322965820510772,2.440618944648085,2.384090585998709,3.616556061686463
2019-06-18T00:00:00.000,2.022921327148661,0.2682757648056167,-2.3477202059456372,-1.4623452529441603,-0.9016017424738066,4.931385043564652,3.1767394812216074,4.0540622623931295,-1.7546455623430441,3.0394082857799893,4.579830564625009,1.1114351873537234,2.0278928943085486,2.15277580653785,3.404940128231596,2.022921327148661,0.2939530089054184,-2.3477202059456372,-1.4623452529441603,-0.9016017424738066,4.931385043564652,3.202416725321409,4.06690088444303,-1.7289683182432425,3.0473929253821606,4.579830564625009,1.142456224192653,2.0535701384083502,2.172600109804935,3.4177787502814967
2019-06-25T00:00:00.000,2.022921327148661,0.2682757648056167,-2.3477202059456372,-1.4314176444703353,-0.9016017424738066,4.900457435090827,3.1458118727477826,4.023134653919304,-1.7546455623430441,3.000496037703993,4.548902956151184,1.0751637861407701,1.996965285834724,2.1148625168468405,3.3740125197577706,2.022921327148661,0.2682757648056167,-2.3477202059456372,-1.4623452529441603,-0.9016017424738066,4.931385043564652,3.1767394812216074,4.0540622623931295,-1.7546455623430441,3.0394082857799893,4.579830564625009,1.1114351873537234,2.0278928943085486,2.15277580653785,3.404940128231596
2019-07-02T00:00:00.000,2.022921327148661,0.21770819132893673,-2.3477202059456372,-1.2807506253428615,-0.6091237526412363,5.042268405795924,3.2370552699761994,4.139661837886061,-1.805213135819724,3.1316390488817034,4.690713926856281,1.165185575771889,2.088208683063141,2.22536766278244,3.4905397037245276,2.022921327148661,0.2682757648056167,-2.3477202059456372,-1.4314176444703353,-0.9016017424738066,4.900457435090827,3.1458118727477826,4.023134653919304,-1.7546455623430441,3.000496037703993,4.548902956151184,1.0751637861407701,1.996965285834724,2.1148625168468405,3.3740125197577706
2019-07-09T00:00:00.000,2.022921327148661,0.21770819132893673,-2.3477202059456372,-1.2807506253428615,-0.6091237526412363,5.042268405795924,3.2370552699761994,4.139661837886061,-1.805213135819724,3.1209710893543168,4.690713926856281,1.163963968174591,2.088208683063141,2.2193456247512824,3.4905397037245276,2.022921327148661,0.21770819132893673,-2.3477202059456372,-1.2807506253428615,-0.6091237526412363,5.042268405795924,3.2370552699761994,4.139661837886061,-1.805213135819724,3.1316390488817034,4.690713926856281,1.165185575771889,2.088208683063141,2.22536766278244,3.4905397037245276
2019-07-16T00:00:00.000,2.022921327148661,0.21770819132893673,-1.6559262469936136,-1.2043384011639118,-0.6091237526412363,4.27406222266495,2.4688490868452257,3.371455654755088,-1.805213135819724,2.350846115469223,3.9225077437253075,0.39343083414926117,1.3200024999321671,1.4357794863823905,2.722333520593554,2.022921327148661,0.21770819132893673,-2.3477202059456372,-1.2807506253428615,-0.6091237526412363,5.042268405795924,3.2370552699761994,4.139661837886061,-1.805213135819724,3.1209710893543168,4.690713926856281,1.163963968174591,2.088208683063141,2.2193456247512824,3.4905397037245276
2019-07-23T00:00:00.000,1.1185831601314449,0.21770819132893673,-1.55828680462281,-1.128164679508202,-0.6091237526412363,3.195910891621221,2.2950359228187125,2.7454734072199667,-0.9008749688025082,1.2707759936713732,2.844356412681578,0.21729071922839172,1.1461893359056539,0.7944372836093505,2.096351273058433,2.022921327148661,0.21770819132893673,-1.6559262469936136,-1.2043384011639118,-0.6091237526412363,4.27406222266495,2.4688490868452257,3.371455654755088,-1.805213135819724,2.350846115469223,3.9225077437253075,0.39343083414926117,1.3200024999321671,1.4357794863823905,2.722333520593554
2019-07-30T00:00:00.000,0.7680320995891327,0.1783276655302262,-1.55828680462281,-0.903968178021476,-0.6091237526412363,2.6211633295921826,2.0314588955332757,2.3263111125627294,-0.5897044340589065,0.6896826896916741,2.258724938556044,-0.04395935716268884,0.8439214301579843,0.3451356524408917,1.6685351733344522,1.1185831601314449,0.21770819132893673,-1.55828680462281,-1.128164679508202,-0.6091237526412363,3.195910891621221,2.2950359228187125,2.7454734072199667,-0.9008749688025082,1.2707759936713732,2.844356412681578,0.21729071922839172,1.1461893359056539,0.7944372836093505,2.096351273058433
2019-08-06T00:00:00.000,1.2617432539500446,0.6966939454175795,-1.4314176444703353,-0.8076721637517252,-0.6091237526412363,2.8917093095308686,2.3266600009984035,2.6091846552646363,-0.5650493085324652,0.9538829276796994,2.3537217241688904,0.24891479740808276,1.0858656833474698,0.5978698586315772,1.9364212937598206,0.7680320995891327,0.1783276655302262,-1.55828680462281,-0.903968178021476,-0.6091237526412363,2.6211633295921826,2.0314588955332757,2.3263111125627294,-0.5897044340589065,0.6896826896916741,2.258724938556044,-0.04395935716268884,0.8439214301579843,0.3451356524408917,1.6685351733344522
2019-08-13T00:00:00.000,1.2617432539500446,0.6966939454175795,-1.3809493983218704,-0.8076721637517252,-0.6091237526412363,2.841241063382404,2.276191754849939,2.558716409116171,-0.5650493085324652,0.8983504647322842,2.1312559959987527,0.19508203037048855,0.9801914863505594,0.546691062806802,1.7752877020483009,1.2617432539500446,0.6966939454175795,-1.4314176444703353,-0.8076721637517252,-0.6091237526412363,2.8917093095308686,2.3266600009984035,2.6091846552646363,-0.5650493085324652,0.9538829276796994,2.3537217241688904,0.24891479740808276,1.0858656833474698,0.5978698586315772,1.9364212937598206
2019-08-20T00:00:00.000,1.2617432539500446,0.8443768118654488,-1.3809493983218704,-0.557281139434098,-0.8041813668333614,2.3957924248726514,1.9784259827880555,2.1871092038303535,-0.41736644208459583,0.4478376094235812,1.669710462669668,-0.0993192208022653,0.6531775030432847,0.1743733078446743,1.251626562680951,1.2617432539500446,0.6966939454175795,-1.3809493983218704,-0.8076721637517252,-0.6091237526412363,2.841241063382404,2.276191754849939,2.558716409116171,-0.5650493085324652,0.8983504647322842,2.1312559959987527,0.19508203037048855,0.9801914863505594,0.546691062806802,1.7752877020483009
2019-08-27T00:00:00.000,1.2617432539500446,1.0748984030568485,-1.2043384011639118,-0.557281139434098,-0.8041813668333614,2.219181427714693,2.0323365768214967,2.125759002268095,-0.18684485089319613,0.25597609776727603,1.4743795565998585,-0.04308167587446787,0.7034429489789549,0.1088091011450385,1.09092137689656,1.2617432539500446,0.8443768118654488,-1.3809493983218704,-0.557281139434098,-0.8041813668333614,2.3957924248726514,1.9784259827880555,2.1871092038303535,-0.41736644208459583,0.4478376094235812,1.669710462669668,-0.0993192208022653,0.6531775030432847,0.1743733078446743,1.251626562680951
2019-09-03T00:00:00.000,1.2617432539500446,1.0748984030568485,-1.128164679508202,-0.557281139434098,-0.35459593756898594,2.5925931353233587,2.4057482844301625,2.4991707098767604,-0.18684485089319613,0.6141372908775955,1.698347333046008,0.32800308083984175,1.0529952837135497,0.47800680361632697,1.3464413998606601,1.2617432539500446,1.0748984030568485,-1.2043384011639118,-0.557281139434098,-0.8041813668333614,2.219181427714693,2.0323365768214967,2.125759002268095,-0.18684485089319613,0.25597609776727603,1.4743795565998585,-0.04308167587446787,0.7034429489789549,0.1088091011450385,1.09092137689656
2019-09-10T00:00:00.000,1.2617432539500446,1.0748984030568485,-0.9313790127224275,-0.557281139434098,-0.35459593756898594,2.3958074685375843,2.2089626176443877,2.302385043090986,-0.18684485089319613,0.41735162409182114,1.3169361040560967,0.12785289316493742,0.8011914571117078,0.2770273759696362,0.9889472194878857,1.2617432539500446,1.0748984030568485,-1.128164679508202,-0.557281139434098,-0.35459593756898594,2.5925931353233587,2.4057482844301625,2.4991707098767604,-0.18684485089319613,0.6141372908775955,1.698347333046008,0.32800308083984175,1.0529952837135497,0.47800680361632697,1.3464413998606601
2019-09-17T00:00:00.000,1.2617432539500446,1.0748984030568485,-0.9313790127224275,-0.557281139434098,-0.35459593756898594,2.3958074685375843,2.2089626176443877,2.302385043090986,-0.18684485089319613,0.41735162409182114,1.3169361040560967,0.12448837227580789,0.8011914571117078,0.2728336151087203,0.9889472194878857,1.2617432539500446,1.0748984030568485,-0.9313790127224275,-0.557281139434098,-0.35459593756898594,2.3958074685375843,2.2089626176443877,2.302385043090986,-0.18684485089319613,0.41735162409182114,1.3169361040560967,0.12785289316493742,0.8011914571117078,0.2770273759696362,0.9889472194878857
2019-09-24T00:00:00.000,1.1057518579818364,1.0748984030568485,-0.9313790127224275,-0.4415204799462727,-0.35459593756898594,2.1240554130815505,2.0932019581565626,2.108628685619057,-0.030853454924987922,0.14209014682683696,1.045184048600063,0.004363856393991394,0.6854307976238827,0.07588161956198025,0.7951908620159567,1.2617432539500446,1.0748984030568485,-0.9313790127224275,-0.557281139434098,-0.35459593756898594,2.3958074685375843,2.2089626176443877,2.302385043090986,-0.18684485089319613,0.41735162409182114,1.3169361040560967,0.12448837227580789,0.8011914571117078,0.2728336151087203,0.9889472194878857
2019-10-01T00:00:00.000,1.1057518579818364,1.0748984030568485,-0.7940081163313366,-0.4415204799462727,-0.35459593756898594,1.9866845166904596,1.9558310617654717,1.9712577892279657,-0.030853454924987922,0.0012098286267958613,0.9078131522089721,-0.1286431836031081,0.5480599012327918,-0.05829363875430005,0.6578199656248653,1.1057518579818364,1.0748984030568485,-0.9313790127224275,-0.4415204799462727,-0.35459593756898594,2.1240554130815505,2.0932019581565626,2.108628685619057,-0.030853454924987922,0.14209014682683696,1.045184048600063,0.004363856393991394,0.6854307976238827,0.07588161956198025,0.7951908620159567
2019-10-08T00:00:00.000,1.1057518579818364,1.0748984030568485,-0.8273168198219103,-0.4415204799462727,-0.35459593756898594,2.0199932201810333,1.9891397652560454,2.0045664927185394,-0.030853454924987922,0.03391361780397162,0.9411218556995458,-0.0919699592234049,0.5813686047233655,-0.02079117440281042,0.691128669115439,1.1057518579818364,1.0748984030568485,-0.7940081163313366,-0.4415204799462727,-0.35459593756898594,1.9866845166904596,1.9558310617654717,1.9712577892279657,-0.030853454924987922,0.0012098286267958613,0.9078131522089721,-0.1286431836031081,0.5480599012327918,-0.05829363875430005,0.6578199656248653
2019-10-15T00:00:00.000,0.46120192100700835,0.9850692028791582,-0.8273168198219103,-0.4415204799462727,-0.35459593756898594,1.3754432832062053,1.8993105650783555,1.6373769241422802,0.5238672818721499,-0.6100314048574584,0.2965719187247178,-0.17843463851196528,0.4915394045456756,-0.3837869821181532,0.32393910053917985,1.1057518579818364,1.0748984030568485,-0.8273168198219103,-0.4415204799462727,-0.35459593756898594,2.0199932201810333,1.9891397652560454,2.0045664927185394,-0.030853454924987922,0.03391361780397162,0.9411218556995458,-0.0919699592234049,0.5813686047233655,-0.02079117440281042,0.691128669115439
2019-10-22T00:00:00.000,-0.10474915290947194,0.9850692028791582,-0.8273168198219103,-0.4415204799462727,0.20963078581580338,1.3737189326745143,2.4635372884631446,1.9186281105688296,1.08981835578863,-0.6082463335801993,0.2948475681930267,0.38242756398369426,0.8255758191286249,-0.09832179055422685,0.6051902869657293,0.46120192100700835,0.9850692028791582,-0.8273168198219103,-0.4415204799462727,-0.35459593756898594,1.3754432832062053,1.8993105650783555,1.6373769241422802,0.5238672818721499,-0.6100314048574584,0.2965719187247178,-0.17843463851196528,0.4915394045456756,-0.3837869821181532,0.32393910053917985
2019-10-29T00:00:00.000,-0.10474915290947194,0.9850692028791582,-0.8273168198219103,-0.4415204799462727,0.9245396558003026,2.0886278026590137,3.178446158447644,2.6335369805533286,1.08981835578863,0.10315311459534993,0.8400129140011818,1.0939719130790642,1.2508753450257304,0.6123730742928952,1.1126892389511254,-0.10474915290947194,0.9850692028791582,-0.8273168198219103,-0.4415204799462727,0.20963078581580338,1.3737189326745143,2.4635372884631446,1.9186281105688296,1.08981835578863,-0.6082463335801993,0.2948475681930267,0.38242756398369426,0.8255758191286249,-0.09832179055422685,0.6051902869657293
2019-11-05T00:00:00.000,-0.04028233343518227,0.9850692028791582,-0.8273168198219103,-0.0895930992782316,1.0328509369786993,1.909478522643659,2.9348300589579996,2.4221542908008296,1.0253515363143404,-0.07248674361105456,0.5348974147032992,0.8459919571954284,0.967701536681236,0.39679662367947977,0.7470196294030191,-0.10474915290947194,0.9850692028791582,-0.8273168198219103,-0.4415204799462727,0.9245396558003026,2.0886278026590137,3.178446158447644,2.6335369805533286,1.08981835578863,0.10315311459534993,0.8400129140011818,1.0939719130790642,1.2508753450257304,0.6123730742928952,1.1126892389511254
2019-11-12T00:00:00.000,-0.04028233343518227,0.9850692028791582,-0.8273168198219103,-0.08242082933094302,1.6750733196626604,2.544528635380331,3.569880171694672,3.0572044035375017,1.0253515363143404,0.5590539473166674,1.1631909383183552,1.4766782135381096,1.5860972976726218,1.027652975555236,1.2414441489264165,-0.04028233343518227,0.9850692028791582,-0.8273168198219103,-0.0895930992782316,1.0328509369786993,1.909478522643659,2.9348300589579996,2.4221542908008296,1.0253515363143404,-0.07248674361105456,0.5348974147032992,0.8459919571954284,0.967701536681236,0.39679662367947977,0.7470196294030191
2019-11-19T00:00:00.000,0.24627744420592018,0.9850692028791582,-0.8273168198219103,-0.07393166254196784,1.6750733196626604,2.8225992462324587,3.5613910049056967,3.191995125569078,0.738791758673238,0.836519643855397,1.285445386648543,1.4668502755946387,1.551091674511036,1.1592480595120014,1.2470521756706805,-0.04028233343518227,0.9850692028791582,-0.8273168198219103,-0.08242082933094302,1.6750733196626604,2.544528635380331,3.569880171694672,3.0572044035375017,1.0253515363143404,0.5590539473166674,1.1631909383183552,1.4766782135381096,1.5860972976726218,1.027652975555236,1.2414441489264165
2019-11-26T00:00:00.000,0.24627744420592018,0.9850692028791582,-0.681199777545345,-0.07393166254196784,1.6750733196626604,2.6764822039558935,3.4152739626291315,3.0458780832925125,0.738791758673238,0.6897976872654339,0.8945255770276392,1.3193944621635785,1.383376226451745,1.0099353791606243,1.05796594231926,0.24627744420592018,0.9850692028791582,-0.8273168198219103,-0.07393166254196784,1.6750733196626604,2.8225992462324587,3.5613910049056967,3.191995125569078,0.738791758673238,0.836519643855397,1.285445386648543,1.4668502755946387,1.551091674511036,1.1592480595120014,1.2470521756706805
2019-12-03T00:00:00.000,0.24627744420592018,0.733715419599835,-0.681199777545345,-0.07393166254196784,1.8822292363374782,2.883638120630711,3.371076096024626,3.1273571083276686,0.4874379753939148,0.895288393299118,0.9904800365056698,1.2727571109185165,1.3356314644194103,1.0882153033531945,1.1187059139755595,0.24627744420592018,0.9850692028791582,-0.681199777545345,-0.07393166254196784,1.6750733196626604,2.6764822039558935,3.4152739626291315,3.0458780832925125,0.738791758673238,0.6897976872654339,0.8945255770276392,1.3193944621635785,1.383376226451745,1.0099353791606243,1.05796594231926
2019-12-10T00:00:00.000,0.24627744420592018,0.733715419599835,-0.7335138431273313,-0.07393166254196784,2.3083832038278853,3.3621061537031047,3.8495441290970196,3.605825141400062,0.4874379753939148,1.3720912157303784,1.4140246340360454,1.7487856593503541,1.8030790869568638,1.5634842355830023,1.5451428505976943,0.24627744420592018,0.733715419599835,-0.681199777545345,-0.07393166254196784,1.8822292363374782,2.883638120630711,3.371076096024626,3.1273571083276686,0.4874379753939148,0.895288393299118,0.9904800365056698,1.2727571109185165,1.3356314644194103,1.0882153033531945,1.1187059139755595
2019-12-17T00:00:00.000,0.24627744420592018,0.733715419599835,-0.9971740409257345,-0.07393166254196784,2.3083832038278853,3.625766351501508,4.113204326895422,3.8694853391984654,0.4874379753939148,1.6207622724246282,1.6224274830657612,2.0058657590678024,2.0394146488714524,1.822570539160997,1.7522914952548896,0.24627744420592018,0.733715419599835,-0.7335138431273313,-0.07393166254196784,2.3083832038278853,3.3621061537031047,3.8495441290970196,3.605825141400062,0.4874379753939148,1.3720912157303784,1.4140246340360454,1.7487856593503541,1.8030790869568638,1.5634842355830023,1.5451428505976943
2019-12-24T00:00:00.000,0.24627744420592018,0.7203605882700992,-0.9971740409257345,-0.07393166254196784,2.3083832038278853,3.625766351501508,4.099849495565687,3.8628079235335973,0.474083144064179,1.6057731313204746,1.586565065105018,1.9859308296571125,1.9487672076652118,1.8113192292757208,1.706373820484373,0.24627744420592018,0.733715419599835,-0.9971740409257345,-0.07393166254196784,2.3083832038278853,3.625766351501508,4.113204326895422,3.8694853391984654,0.4874379753939148,1.6207622724246282,1.6224274830657612,2.0058657590678024,2.0394146488714524,1.822570539160997,1.7522914952548896
2019-12-31T00:00:00.000,0.24627744420592018,0.7203605882700992,-0.9971740409257345,-0.07393166254196784,2.3083832038278853,3.625766351501508,4.099849495565687,3.8628079235335973,0.474083144064179,1.589576178434561,1.552247773866028,1.9838816361308655,1.8908868779212993,1.8029376788916984,1.6180608000729277,0.24627744420592018,0.7203605882700992,-0.9971740409257345,-0.07393166254196784,2.3083832038278853,3.625766351501508,4.099849495565687,3.8628079235335973,0.474083144064179,1.6057731313204746,1.586565065105018,1.9859308296571125,1.9487672076652118,1.8113192292757208,1.706373820484373
2020-01-07T00:00:00.000,-0.013536950965255926,0.5226884210372623,-1.395091965220591,-0.4495616649658111,2.3083832038278853,4.139499883049032,4.67572525505155,4.407612569050291,0.5362253720025183,2.087112757096172,2.03315827517875,2.5577082020904816,2.4331480688043863,2.3393607740243696,2.1052275259593047,0.24627744420592018,0.7203605882700992,-0.9971740409257345,-0.07393166254196784,2.3083832038278853,3.625766351501508,4.099849495565687,3.8628079235335973,0.474083144064179,1.589576178434561,1.552247773866028,1.9838816361308655,1.8908868779212993,1.8029376788916984,1.6180608000729277
2020-01-14T00:00:00.000,-0.3039659314732871,0.2084588363920835,-1.395091965220591,-0.2562994478228221,2.3083832038278853,3.6558086853980116,4.168233453263382,3.912021069330697,0.5124247678653706,1.6014282711735985,1.48419026499989,2.046964401236882,1.8826196144290566,1.8390775344661447,1.5976729915038392,-0.013536950965255926,0.5226884210372623,-1.395091965220591,-0.4495616649658111,2.3083832038278853,4.139499883049032,4.67572525505155,4.407612569050291,0.5362253720025183,2.087112757096172,2.03315827517875,2.5577082020904816,2.4331480688043863,2.3393607740243696,2.1052275259593047
2020-01-21T00:00:00.000,-0.3039659314732871,0.2084588363920835,-1.395091965220591,0.3796182585298021,2.3083832038278853,3.019890979045387,3.532315746910758,3.2761033629780725,0.5124247678653706,0.9635172765494211,0.7619450192962636,1.4077946958188252,1.2214677850021998,1.1984680882748893,0.901870661296293,-0.3039659314732871,0.2084588363920835,-1.395091965220591,-0.2562994478228221,2.3083832038278853,3.6558086853980116,4.168233453263382,3.912021069330697,0.5124247678653706,1.6014282711735985,1.48419026499989,2.046964401236882,1.8826196144290566,1.8390775344661447,1.5976729915038392
2020-01-28T00:00:00.000,-0.4444789804682227,-0.3947861107950501,-1.395091965220591,0.3796182585298021,1.9853321770782253,2.556326903300792,2.6060197729739643,2.581173338137378,0.0496928696731726,0.4989353757468358,0.24048969477662752,0.4814987218820317,0.2734916806141259,0.5035380634341946,0.12051083779858285,-0.3039659314732871,0.2084588363920835,-1.395091965220591,0.3796182585298021,2.3083832038278853,3.019890979045387,3.532315746910758,3.2761033629780725,0.5124247678653706,0.9635172765494211,0.7619450192962636,1.4077946958188252,1.2214677850021998,1.1984680882748893,0.901870661296293
2020-02-04T00:00:00.000,-0.4271807853566833,0.8637372747629686,-1.395091965220591,0.3796182585298021,1.9853321770782253,2.573625098412331,3.864543158531983,3.219084128472157,1.290918060119652,0.515215745800385,0.2105586599983562,1.7400221074400504,1.4924709244562648,1.1414488537689738,0.7156947577976358,-0.4444789804682227,-0.3947861107950501,-1.395091965220591,0.3796182585298021,1.9853321770782253,2.556326903300792,2.6060197729739643,2.581173338137378,0.0496928696731726,0.4989353757468358,0.24048969477662752,0.4814987218820317,0.2734916806141259,0.5035380634341946,0.12051083779858285
2020-02-11T00:00:00.000,-0.3983078816289329,0.8637372747629686,-1.395091965220591,0.3796182585298021,1.9853321770782253,2.6024980021400816,3.864543158531983,3.233520580336032,1.2620451563919015,0.5339487199705593,0.2090173139221685,1.7292526552625458,1.4299003720853292,1.1499090859440932,0.7003583600418057,-0.4271807853566833,0.8637372747629686,-1.395091965220591,0.3796182585298021,1.9853321770782253,2.573625098412331,3.864543158531983,3.219084128472157,1.290918060119652,0.515215745800385,0.2105586599983562,1.7400221074400504,1.4924709244562648,1.1414488537689738,0.7156947577976358
2020-02-18T00:00:00.000,-0.3983078816289329,0.8637372747629686,-1.395091965220591,0.3796182585298021,1.499342305802868,2.116508130864724,3.3785532872566257,2.7475307090606753,1.2620451563919015,0.037818919137625695,-0.27697255735318915,1.2324933318096836,0.9123600996024406,0.6579429949799809,0.17758583543390083,-0.3983078816289329,0.8637372747629686,-1.395091965220591,0.3796182585298021,1.9853321770782253,2.6024980021400816,3.864543158531983,3.233520580336032,1.2620451563919015,0.5339487199705593,0.2090173139221685,1.7292526552625458,1.4299003720853292,1.1499090859440932,0.7003583600418057
2020-02-25T00:00:00.000,-0.3983078816289329,0.8637372747629686,-0.9821996305245712,0.9408558941957742,1.3834073138843124,1.0264431685841764,2.2884883249760777,1.6574657467801273,1.2620451563919015,-1.042106113585346,-1.3670375196337368,0.1424283695291355,-0.17770486267810748,-0.42614574761181157,-0.9124791268466472,-0.3983078816289329,0.8637372747629686,-1.395091965220591,0.3796182585298021,1.499342305802868,2.116508130864724,3.3785532872566257,2.7475307090606753,1.2620451563919015,0.037818919137625695,-0.27697255735318915,1.2324933318096836,0.9123600996024406,0.6579429949799809,0.17758583543390083
2020-03-03T00:00:00.000,-0.3983078816289329,0.8637372747629686,-0.9821996305245712,1.1487258204170663,1.3834073138843124,0.8185732423628844,2.080618398754786,1.449595820558835,1.2620451563919015,-1.2398361102490616,-1.5749074458550287,-0.06544155669215623,-0.3855747888993992,-0.6280394541443481,-1.1203490530679394,-0.3983078816289329,0.8637372747629686,-0.9821996305245712,0.9408558941957742,1.3834073138843124,1.0264431685841764,2.2884883249760777,1.6574657467801273,1.2620451563919015,-1.042106113585346,-1.3670375196337368,0.1424283695291355,-0.17770486267810748,-0.42614574761181157,-0.9124791268466472
2020-03-10T00:00:00.000,1.3155296357779191,0.8637372747629686,-0.9821996305245712,1.9247640932857322,1.3834073138843124,1.7563724869010704,1.3045801258861198,1.530476306393595,-0.45179236101495057,-0.30101904065288565,-0.6371082013168428,-0.8307103773833173,-1.1616130617680653,-0.5471589683095881,-1.0394685672331794,-0.3983078816289329,0.8637372747629686,-0.9821996305245712,1.1487258204170663,1.3834073138843124,0.8185732423628844,2.080618398754786,1.449595820558835,1.2620451563919015,-1.2398361102490616,-1.5749074458550287,-0.06544155669215623,-0.3855747888993992,-0.6280394541443481,-1.1203490530679394
2020-03-17T00:00:00.000,1.3155296357779191,0.8637372747629686,-0.9821996305245712,1.9247640932857322,1.295158774943448,1.6681239479602061,1.2163315869452556,1.4422277674527308,-0.45179236101495057,-0.38824975453575994,-0.725356740257707,-0.908189464146677,-1.2498616007089296,-0.6354075072504524,-1.1277171061740436,1.3155296357779191,0.8637372747629686,-0.9821996305245712,1.9247640932857322,1.3834073138843124,1.7563724869010704,1.3045801258861198,1.530476306393595,-0.45179236101495057,-0.30101904065288565,-0.6371082013168428,-0.8307103773833173,-1.1616130617680653,-0.5471589683095881,-1.0394685672331794
2020-03-24T00:00:00.000,1.3155296357779191,-0.5286332413004486,-0.9821996305245712,2.0426852015228536,1.295158774943448,1.5502028397230847,-0.293960037355283,0.6281214011839009,-1.8441628770783678,-0.5041775745013284,-0.8432778484948285,-2.4184810884472157,-2.7601532250094682,-1.4448221336806513,-1.9418234724428736,1.3155296357779191,0.8637372747629686,-0.9821996305245712,1.9247640932857322,1.295158774943448,1.6681239479602061,1.2163315869452556,1.4422277674527308,-0.45179236101495057,-0.38824975453575994,-0.725356740257707,-0.908189464146677,-1.2498616007089296,-0.6354075072504524,-1.1277171061740436
2020-03-31T00:00:00.000,2.3501154036049945,0.40290973958108706,-0.9821996305245712,2.0426852015228536,0.5623746938502637,1.8520045264569758,-0.09520113756693172,0.8784016944450221,-1.9472056640239075,-0.20038259949588433,-0.5414761617609374,-2.2197221886588645,-2.5613943252211167,-1.189850100580899,-1.6915431791817523,1.3155296357779191,-0.5286332413004486,-0.9821996305245712,2.0426852015228536,1.295158774943448,1.5502028397230847,-0.293960037355283,0.6281214011839009,-1.8441628770783678,-0.5041775745013284,-0.8432778484948285,-2.4184810884472157,-2.7601532250094682,-1.4448221336806513,-1.9418234724428736
2020-04-07T00:00:00.000,2.3752712215864693,0.4066625337126384,0.9408558941957742,2.0426852015228536,0.5623746938502637,-0.04589518028189499,-2.014503868155726,-1.0301995242188102,-1.968608687873831,-2.082085353348842,-2.439375868499808,-4.135772920182227,-4.480697055809911,-3.090069768860709,-3.6001443978455847,2.3501154036049945,0.40290973958108706,-0.9821996305245712,2.0426852015228536,0.5623746938502637,1.8520045264569758,-0.09520113756693172,0.8784016944450221,-1.9472056640239075,-0.20038259949588433,-0.5414761617609374,-2.2197221886588645,-2.5613943252211167,-1.189850100580899,-1.6915431791817523
2020-04-14T00:00:00.000,3.0414114171260973,0.4750494775507492,0.8501001520658041,2.0426852015228536,0.26702747291925133,0.4156535364566909,-2.150708403118657,-0.8675274333309829,-2.566361939575348,-1.6043396837243424,-1.9778271517612223,-4.268725456079725,-4.616901590772843,-2.9190161275888595,-3.4374723069577575,2.3752712215864693,0.4066625337126384,0.9408558941957742,2.0426852015228536,0.5623746938502637,-0.04589518028189499,-2.014503868155726,-1.0301995242188102,-1.968608687873831,-2.082085353348842,-2.439375868499808,-4.135772920182227,-4.480697055809911,-3.090069768860709,-3.6001443978455847
2020-04-21T00:00:00.000,3.0414114171260973,0.4750494775507492,0.5084983005261005,2.0426852015228536,0.26702747291925133,0.7572553879963948,-1.8091065515789535,-0.5259255817912791,-2.566361939575348,-1.247748691080485,-1.6362253002215184,-3.925074411013775,-4.275299739233139,-2.5728403818287475,-3.0958704554180536,3.0414114171260973,0.4750494775507492,0.8501001520658041,2.0426852015228536,0.26702747291925133,0.4156535364566909,-2.150708403118657,-0.8675274333309829,-2.566361939575348,-1.6043396837243424,-1.9778271517612223,-4.268725456079725,-4.616901590772843,-2.9190161275888595,-3.4374723069577575
2020-04-28T00:00:00.000,3.0414114171260973,0.4750494775507492,0.5084983005261005,2.0426852015228536,-0.027142836897075716,0.4630850781800677,-2.1032768613952806,-0.8200958916076062,-2.566361939575348,-1.5269298597926586,-1.9303956100378454,-4.217195527303855,-4.569470049049466,-2.862436797424666,-3.3900407652343807,3.0414114171260973,0.4750494775507492,0.5084983005261005,2.0426852015228536,0.26702747291925133,0.7572553879963948,-1.8091065515789535,-0.5259255817912791,-2.566361939575348,-1.247748691080485,-1.6362253002215184,-3.925074411013775,-4.275299739233139,-2.5728403818287475,-3.0958704554180536
2020-05-05T00:00:00.000,3.0414114171260973,0.4750494775507492,0.5084983005261005,2.0455606033110834,-0.027142836897075716,0.46020967639183796,-2.1061522631835103,-0.822971293395836,-2.566361939575348,-1.5281400509397551,-1.9332710118260752,-4.21349083101113,-4.5723454508376955,-2.86211309837031,-3.3929161670226105,3.0414114171260973,0.4750494775507492,0.5084983005261005,2.0426852015228536,-0.027142836897075716,0.4630850781800677,-2.1032768613952806,-0.8200958916076062,-2.566361939575348,-1.5269298597926586,-1.9303956100378454,-4.217195527303855,-4.569470049049466,-2.862436797424666,-3.3900407652343807
2020-05-12T00:00:00.000,3.0414114171260973,0.4750494775507492,0.5084983005261005,2.0455606033110834,-0.027142836897075716,0.46020967639183796,-2.1061522631835103,-0.822971293395836,-2.566361939575348,-1.5264748402986217,-1.9332710118260752,-4.206910732930176,-4.5723454508376955,-2.8589139975277242,-3.3929161670226105,3.0414114171260973,0.4750494775507492,0.5084983005261005,2.0455606033110834,-0.027142836897075716,0.46020967639183796,-2.1061522631835103,-0.822971293395836,-2.566361939575348,-1.5281400509397551,-1.9332710118260752,-4.21349083101113,-4.5723454508376955,-2.86211309837031,-3.3929161670226105
2020-05-19T00:00:00.000,3.0414114171260973,0.4750494775507492,0.5084983005261005,2.0455606033110834,-0.027142836897075716,0.46020967639183796,-2.1061522631835103,-0.822971293395836,-2.566361939575348,-1.5258699259852238,-1.9332710118260752,-4.20447124828962,-4.5723454508376955,-2.8557183594529127,-3.3929161670226105,3.0414114171260973,0.4750494775507492,0.5084983005261005,2.0455606033110834,-0.027142836897075716,0.46020967639183796,-2.1061522631835103,-0.822971293395836,-2.566361939575348,-1.5264748402986217,-1.9332710118260752,-4.206910732930176,-4.5723454508376955,-2.8589139975277242,-3.3929161670226105
2020-05-26T00:00:00.000,3.0414114171260973,0.4750494775507492,-0.41562530483030086,2.0455606033110834,-0.5094159373759846,0.9020601812693303,-1.6643017583060178,-0.38112078851834363,-2.566361939575348,-1.0834145067943335,-1.4610062571446445,-3.7601812587715706,-4.098944544752672,-2.4106722165006094,-2.91428300881257,3.0414114171260973,0.4750494775507492,0.5084983005261005,2.0455606033110834,-0.027142836897075716,0.46020967639183796,-2.1061522631835103,-0.822971293395836,-2.566361939575348,-1.5258699259852238,-1.9332710118260752,-4.20447124828962,-4.5723454508376955,-2.8557183594529127,-3.3929161670226105
2020-06-02T00:00:00.000,2.738655996045089,-0.48538421407090465,-0.41562530483030086,2.0455606033110834,-0.37141512513802577,0.7373055724262811,-2.486734637689713,-0.8747145326317158,-3.224040210115994,-1.2446596938284324,-1.5785316360978832,-4.581275367000771,-4.858806871765431,-2.9000721997530654,-3.378103903306237,3.0414114171260973,0.4750494775507492,-0.41562530483030086,2.0455606033110834,-0.5094159373759846,0.9020601812693303,-1.6643017583060178,-0.38112078851834363,-2.566361939575348,-1.0834145067943335,-1.4610062571446445,-3.7601812587715706,-4.098944544752672,-2.4106722165006094,-2.91428300881257
2020-06-09T00:00:00.000,2.738655996045089,0.22094702503583769,-0.41562530483030086,3.7500083167570915,0.5903608417025572,-0.005366174179143979,-2.5230751451883955,-1.2642206596837697,-2.5177089710092515,-1.9838220186249071,-2.2633121339282676,-4.616277103344958,-4.855603237548234,-3.285384565944203,-3.7248831600225647,2.738655996045089,-0.48538421407090465,-0.41562530483030086,2.0455606033110834,-0.37141512513802577,0.7373055724262811,-2.486734637689713,-0.8747145326317158,-3.224040210115994,-1.2446596938284324,-1.5785316360978832,-4.581275367000771,-4.858806871765431,-2.9000721997530654,-3.378103903306237
2020-06-16T00:00:00.000,2.738655996045089,0.22094702503583769,-0.41562530483030086,3.7500083167570915,0.5903608417025572,-0.005366174179143979,-2.5230751451883955,-1.2642206596837697,-2.5177089710092515,-1.9838220186249071,-2.1769845945772657,-4.611913246950967,-4.833923107096954,-3.2811705608068262,-3.638453361365549,2.738655996045089,0.22094702503583769,-0.41562530483030086,3.7500083167570915,0.5903608417025572,-0.005366174179143979,-2.5230751451883955,-1.2642206596837697,-2.5177089710092515,-1.9838220186249071,-2.2633121339282676,-4.616277103344958,-4.855603237548234,-3.285384565944203,-3.7248831600225647
2020-06-23T00:00:00.000,2.6005379918031535,0.22094702503583769,-0.41562530483030086,3.7500083167570915,0.5903608417025572,-0.14348417842107963,-2.5230751451883955,-1.3332796618047376,-2.379590966767316,-2.121940022866843,-2.263765950394217,-4.607549390556976,-4.814837269085791,-3.346015557790417,-3.647627739631595,2.738655996045089,0.22094702503583769,-0.41562530483030086,3.7500083167570915,0.5903608417025572,-0.005366174179143979,-2.5230751451883955,-1.2642206596837697,-2.5177089710092515,-1.9838220186249071,-2.1769845945772657,-4.611913246950967,-4.833923107096954,-3.2811705608068262,-3.638453361365549
2020-06-30T00:00:00.000,2.053500298089445,0.22094702503583769,-0.9959446695828033,3.7500083167570915,0.5903608417025572,-0.1102025073822861,-1.942755780435893,-1.0264791439090897,-1.8325532730536072,-2.073407837329703,-2.212770474144155,-4.025302102497576,-4.225095820348901,-3.038504490218459,-3.3288641870000757,2.6005379918031535,0.22094702503583769,-0.41562530483030086,3.7500083167570915,0.5903608417025572,-0.14348417842107963,-2.5230751451883955,-1.3332796618047376,-2.379590966767316,-2.121940022866843,-2.263765950394217,-4.607549390556976,-4.814837269085791,-3.346015557790417,-3.647627739631595
2020-07-07T00:00:00.000,2.0241483925781436,0.22094702503583769,-0.9959446695828033,3.7500083167570915,0.5903608417025572,-0.13955441289358728,-1.942755780435893,-1.04115509666474,-1.803201367542306,-2.0875092283426575,-2.213072990529067,-4.023374179190679,-4.185332966683056,-3.052469893297799,-3.2859022201254096,2.053500298089445,0.22094702503583769,-0.9959446695828033,3.7500083167570915,0.5903608417025572,-0.1102025073822861,-1.942755780435893,-1.0264791439090897,-1.8325532730536072,-2.073407837329703,-2.212770474144155,-4.025302102497576,-4.225095820348901,-3.038504490218459,-3.3288641870000757
2020-07-14T00:00:00.000,1.8783009406602549,0.22094702503583769,-0.9959446695828033,3.7500083167570915,0.5903608417025572,-0.285401864811476,-1.942755780435893,-1.1140788226236844,-1.6573539156244173,-2.228292463461596,-2.324603151207966,-4.021937581608446,-4.1517183980802805,-3.122019467299484,-3.2705129256729086,2.0241483925781436,0.22094702503583769,-0.9959446695828033,3.7500083167570915,0.5903608417025572,-0.13955441289358728,-1.942755780435893,-1.04115509666474,-1.803201367542306,-2.0875092283426575,-2.213072990529067,-4.023374179190679,-4.185332966683056,-3.052469893297799,-3.2859022201254096
2020-07-21T00:00:00.000,1.6517339773554094,0.22094702503583769,-0.9959446695828033,3.7500083167570915,0.5903608417025572,-0.5119688281163213,-1.942755780435893,-1.2273623042761073,-1.4307869523195718,-2.4497952099674905,-2.515307696552068,-4.020500984026214,-4.093838068336368,-3.2319287969946466,-3.344556148219683,1.8783009406602549,0.22094702503583769,-0.9959446695828033,3.7500083167570915,0.5903608417025572,-0.285401864811476,-1.942755780435893,-1.1140788226236844,-1.6573539156244173,-2.228292463461596,-2.324603151207966,-4.021937581608446,-4.1517183980802805,-3.122019467299484,-3.2705129256729086
2020-07-28T00:00:00.000,1.6517339773554094,-0.544850034034798,-1.0609371808990837,1.1842113611191813,0.021527178149933823,1.5499869752852458,-0.6465970361049619,0.45169496959014177,-2.1965840113902075,-0.3814936646152627,-0.3980945443818136,-2.7220152888009266,-2.7335072145606363,-1.5362171713831108,-1.608987321212226,1.6517339773554094,0.22094702503583769,-0.9959446695828033,3.7500083167570915,0.5903608417025572,-0.5119688281163213,-1.942755780435893,-1.2273623042761073,-1.4307869523195718,-2.4497952099674905,-2.515307696552068,-4.020500984026214,-4.093838068336368,-3.2319287969946466,-3.344556148219683
2020-08-04T00:00:00.000,1.6517339773554094,-0.544850034034798,-1.232356837544675,0.9448705839631677,0.010845247054548252,1.950065477991465,-0.24651853339874252,0.8517734722963611,-2.1965840113902075,0.012239096140295835,0.020293477673902993,-2.319609835200351,-2.3140164317218237,-1.1194843169316044,-1.1568777220557478,1.6517339773554094,-0.544850034034798,-1.0609371808990837,1.1842113611191813,0.021527178149933823,1.5499869752852458,-0.6465970361049619,0.45169496959014177,-2.1965840113902075,-0.3814936646152627,-0.3980945443818136,-2.7220152888009266,-2.7335072145606363,-1.5362171713831108,-1.608987321212226
2020-08-11T00:00:00.000,1.595454841193699,-0.544850034034798,-1.232356837544675,0.3018949351667473,0.010845247054548252,2.536761990626175,0.39645711539767786,1.4666095530119263,-2.140304875228497,0.5938713919760554,0.6069899903086131,-1.6754125788066325,-1.6500079267424779,-0.49453740340736463,-0.5213025879613262,1.6517339773554094,-0.544850034034798,-1.232356837544675,0.9448705839631677,0.010845247054548252,1.950065477991465,-0.24651853339874252,0.8517734722963611,-2.1965840113902075,0.012239096140295835,0.020293477673902993,-2.319609835200351,-2.3140164317218237,-1.1194843169316044,-1.1568777220557478
2020-08-18T00:00:00.000,1.595454841193699,-0.544850034034798,-1.232356837544675,0.5073510058033773,-0.013776235790047676,2.306684437144949,0.16637956191645187,1.2365319995307003,-2.140304875228497,0.35872962169587863,0.37691243682738684,-1.9042685246905606,-1.8690650696887638,-0.7145041240799159,-0.7084109503676974,1.595454841193699,-0.544850034034798,-1.232356837544675,0.3018949351667473,0.010845247054548252,2.536761990626175,0.39645711539767786,1.4666095530119263,-2.140304875228497,0.5938713919760554,0.6069899903086131,-1.6754125788066325,-1.6500079267424779,-0.49453740340736463,-0.5213025879613262
2020-08-25T00:00:00.000,1.5227464437483227,-0.544850034034798,-1.232356837544675,1.5791632970600264,0.6693132877578988,1.8452532719908703,-0.22234320579225075,0.8114550330993097,-2.0675964777831206,-0.0976373266592494,-0.04790481213417097,-2.287647499660135,-2.254240941969637,-1.124221135273388,-1.0043052215117756,1.595454841193699,-0.544850034034798,-1.232356837544675,0.5073510058033773,-0.013776235790047676,2.306684437144949,0.16637956191645187,1.2365319995307003,-2.140304875228497,0.35872962169587863,0.37691243682738684,-1.9042685246905606,-1.8690650696887638,-0.7145041240799159,-0.7084109503676974
2020-09-01T00:00:00.000,1.038362008266477,-1.4600436436563313,-1.232356837544675,1.5791632970600264,0.9361458335936905,1.6277013823448163,-0.8707042695779923,0.3784985563834118,-2.498405651922808,-0.31012499950635286,-0.23671970368688333,-2.9306647707067484,-2.881003599972653,-1.541817656751367,-1.3066805163333222,1.5227464437483227,-0.544850034034798,-1.232356837544675,1.5791632970600264,0.6693132877578988,1.8452532719908703,-0.22234320579225075,0.8114550330993097,-2.0675964777831206,-0.0976373266592494,-0.04790481213417097,-2.287647499660135,-2.254240941969637,-1.124221135273388,-1.0043052215117756
2020-09-08T00:00:00.000,1.038362008266477,-1.5002018366489334,-1.232356837544675,1.5791632970600264,0.9361458335936905,1.6277013823448163,-0.9108624625705943,0.3584194598871109,-2.5385638449154104,-0.30377925755569213,-0.22092751687910672,-2.968031412080661,-2.894645336592645,-1.5610527019646934,-1.2890018755740928,1.038362008266477,-1.4600436436563313,-1.232356837544675,1.5791632970600264,0.9361458335936905,1.6277013823448163,-0.8707042695779923,0.3784985563834118,-2.498405651922808,-0.31012499950635286,-0.23671970368688333,-2.9306647707067484,-2.881003599972653,-1.541817656751367,-1.3066805163333222
2020-09-15T00:00:00.000,0.9780444705781797,-1.5002018366489334,-1.232356837544675,1.5791632970600264,0.9361458335936905,1.5673838446565185,-0.9108624625705943,0.3282606910429622,-2.478246307227113,-0.35775105329332924,-0.23342903478945187,-2.9652398604619714,-2.877990984847358,-1.5903674195258675,-1.2556659242249755,1.038362008266477,-1.5002018366489334,-1.232356837544675,1.5791632970600264,0.9361458335936905,1.6277013823448163,-0.9108624625705943,0.3584194598871109,-2.5385638449154104,-0.30377925755569213,-0.22092751687910672,-2.968031412080661,-2.894645336592645,-1.5610527019646934,-1.2890018755740928
2020-09-22T00:00:00.000,0.9780444705781797,-1.5002018366489334,0.3018949351667473,1.5791632970600264,0.9361458335936905,0.033132071945096486,-2.4451142352820163,-1.20599108166846,-2.478246307227113,-1.890084035250631,-1.6885919756304812,-4.491579277422172,-4.37268504870393,-3.1194412054891067,-2.7045340113712206,0.9780444705781797,-1.5002018366489334,-1.232356837544675,1.5791632970600264,0.9361458335936905,1.5673838446565185,-0.9108624625705943,0.3282606910429622,-2.478246307227113,-0.35775105329332924,-0.23342903478945187,-2.9652398604619714,-2.877990984847358,-1.5903674195258675,-1.2556659242249755
2020-09-29T00:00:00.000,0.9780444705781797,-1.5484815877160665,-0.488686400681135,1.5791632970600264,0.9361458335936905,0.8237134077929786,-1.7028126505012673,-0.4395496213541443,-2.5265260582942464,-1.0975839086486285,-0.8538863703121669,-3.741365336890202,-3.340774119835787,-2.3478217584266083,-1.8976523081395251,0.9780444705781797,-1.5002018366489334,0.3018949351667473,1.5791632970600264,0.9361458335936905,0.033132071945096486,-2.4451142352820163,-1.20599108166846,-2.478246307227113,-1.890084035250631,-1.6885919756304812,-4.491579277422172,-4.37268504870393,-3.1194412054891067,-2.7045340113712206
2020-10-06T00:00:00.000,0.9780444705781797,-1.5484815877160665,-0.488686400681135,2.3343373519207504,0.9361458335936905,0.06853935293225466,-2.457986705361991,-1.1947236762148683,-2.5265260582942464,-1.8468485666103784,-1.5793733122202565,-4.493431336967207,-3.810739706078604,-3.096010132070148,-2.6406354702206514,0.9780444705781797,-1.5484815877160665,-0.488686400681135,1.5791632970600264,0.9361458335936905,0.8237134077929786,-1.7028126505012673,-0.4395496213541443,-2.5265260582942464,-1.0975839086486285,-0.8538863703121669,-3.741365336890202,-3.340774119835787,-2.3478217584266083,-1.8976523081395251
2020-10-13T00:00:00.000,0.9780444705781797,-1.5484815877160665,-0.488686400681135,2.3343373519207504,0.9361458335936905,0.06853935293225466,-2.457986705361991,-1.1947236762148683,-2.5265260582942464,-1.8409391697114044,-1.5591620294125617,-4.490323282183487,-3.786880333204533,-3.089024450852963,-2.6179968394722968,0.9780444705781797,-1.5484815877160665,-0.488686400681135,2.3343373519207504,0.9361458335936905,0.06853935293225466,-2.457986705361991,-1.1947236762148683,-2.5265260582942464,-1.8468485666103784,-1.5793733122202565,-4.493431336967207,-3.810739706078604,-3.096010132070148,-2.6406354702206514
2020-10-20T00:00:00.000,0.9780444705781797,-1.82751318157603,-0.488686400681135,2.3343373519207504,0.616275863438997,-0.25133061722243877,-3.0568882693766484,-1.6541094432995433,-2.8055576521542096,-2.1560505772376852,-1.8488732307231062,-5.088786005554034,-4.373625146240979,-3.535697053148831,-2.9745347225959566,0.9780444705781797,-1.5484815877160665,-0.488686400681135,2.3343373519207504,0.9361458335936905,0.06853935293225466,-2.457986705361991,-1.1947236762148683,-2.5265260582942464,-1.8409391697114044,-1.5591620294125617,-4.490323282183487,-3.786880333204533,-3.089024450852963,-2.6179968394722968
2020-10-27T00:00:00.000,0.10240320448423942,-1.2381465349142697,-0.488686400681135,2.3343373519207504,1.8958964313394835,0.15264868458410752,-1.1879010548144016,-0.5176261851151471,-1.340549739398509,-1.7473127128027264,-1.406144657605694,-3.2193599503476773,-2.448356911230089,-2.386500630175627,-1.5750930321030083,0.9780444705781797,-1.82751318157603,-0.488686400681135,2.3343373519207504,0.616275863438997,-0.25133061722243877,-3.0568882693766484,-1.6541094432995433,-2.8055576521542096,-2.1560505772376852,-1.8488732307231062,-5.088786005554034,-4.373625146240979,-3.535697053148831,-2.9745347225959566
2020-11-03T00:00:00.000,0.10240320448423942,-1.224836586653539,-0.488686400681135,2.3343373519207504,1.8958964313394835,0.15264868458410752,-1.1745911065536707,-0.5109712109847817,-1.3272397911377782,-1.7393280732005552,-1.3974462229200577,-3.2007372493944426,-2.3883526150013528,-2.37677995401636,-1.3760587943554734,0.10240320448423942,-1.2381465349142697,-0.488686400681135,2.3343373519207504,1.8958964313394835,0.15264868458410752,-1.1879010548144016,-0.5176261851151471,-1.340549739398509,-1.7473127128027264,-1.406144657605694,-3.2193599503476773,-2.448356911230089,-2.386500630175627,-1.5750930321030083
2020-11-10T00:00:00.000,0.10240320448423942,-1.224836586653539,-0.488686400681135,2.3343373519207504,2.2748219682852606,0.5315742215298846,-0.7956655696078937,-0.13204567403900458,-1.3272397911377782,-1.3524178966526068,-0.9370353215716114,-2.8164989597561614,-1.9681661210957695,-1.994788715041681,-0.96365992673684,0.10240320448423942,-1.224836586653539,-0.488686400681135,2.3343373519207504,1.8958964313394835,0.15264868458410752,-1.1745911065536707,-0.5109712109847817,-1.3272397911377782,-1.7393280732005552,-1.3974462229200577,-3.2007372493944426,-2.3883526150013528,-2.37677995401636,-1.3760587943554734
2020-11-17T00:00:00.000,0.10240320448423942,-0.8322482639658552,0.8680888185162599,2.3343373519207504,2.2748219682852606,-0.8252009976675102,-1.759852466117605,-1.2925267318925575,-0.9346514684500946,-2.7076022573714416,-2.206538694729486,-3.7806858562658725,-2.893662139143248,-3.1478295122105644,-2.039587173788152,0.10240320448423942,-1.224836586653539,-0.488686400681135,2.3343373519207504,2.2748219682852606,0.5315742215298846,-0.7956655696078937,-0.13204567403900458,-1.3272397911377782,-1.3524178966526068,-0.9370353215716114,-2.8164989597561614,-1.9681661210957695,-1.994788715041681,-0.96365992673684
2020-11-24T00:00:00.000,-0.17100619657210034,-0.8322482639658552,0.8680888185162599,2.0810563638567054,2.2748219682852606,-0.845329410659805,-1.50657147805356,-1.1759504443566824,-0.6612420673937548,-2.726139811885176,-2.219910518600165,-3.5274048682018275,-2.640381151079203,-3.0238129639900193,-1.848713805861498,0.10240320448423942,-0.8322482639658552,0.8680888185162599,2.3343373519207504,2.2748219682852606,-0.8252009976675102,-1.759852466117605,-1.2925267318925575,-0.9346514684500946,-2.7076022573714416,-2.206538694729486,-3.7806858562658725,-2.893662139143248,-3.1478295122105644,-2.039587173788152
2020-12-01T00:00:00.000,-0.19882099953753005,-0.7948971975676576,0.8700733445632004,2.2388528675223327,2.4019223070761515,-0.9058249045469116,-1.5019011025770392,-1.2038630035619755,-0.5960761980301276,-2.784648927962809,-2.105905955176257,-3.514750541834065,-2.62353346378109,-3.0189519258178343,-1.849354140312802,-0.17100619657210034,-0.8322482639658552,0.8680888185162599,2.0810563638567054,2.2748219682852606,-0.845329410659805,-1.50657147805356,-1.1759504443566824,-0.6612420673937548,-2.726139811885176,-2.219910518600165,-3.5274048682018275,-2.640381151079203,-3.0238129639900193,-1.848713805861498
2020-12-08T00:00:00.000,-0.19882099953753005,-0.7642062659085432,0.8700733445632004,2.2388528675223327,2.4019223070761515,-0.9058249045469116,-1.4712101709179248,-1.1885175377324182,-0.5653852663710132,-2.7826625501533355,-1.870076579473665,-3.476075659283708,-2.522772903997658,-2.970832862610799,-1.8004015488989475,-0.19882099953753005,-0.7948971975676576,0.8700733445632004,2.2388528675223327,2.4019223070761515,-0.9058249045469116,-1.5019011025770392,-1.2038630035619755,-0.5960761980301276,-2.784648927962809,-2.105905955176257,-3.514750541834065,-2.62353346378109,-3.0189519258178343,-1.849354140312802
2020-12-15T00:00:00.000,-0.38287628661484335,-0.7642062659085432,1.033856561716536,2.2388528675223327,2.4019223070761515,-1.2536634087775607,-1.6349933880712606,-1.4443283984244104,-0.3813299792936999,-3.1180844948092603,-2.116550203308715,-3.63832330971296,-2.628663804848267,-3.219673956875402,-2.039975019573568,-0.19882099953753005,-0.7642062659085432,0.8700733445632004,2.2388528675223327,2.4019223070761515,-0.9058249045469116,-1.4712101709179248,-1.1885175377324182,-0.5653852663710132,-2.7826625501533355,-1.870076579473665,-3.476075659283708,-2.522772903997658,-2.970832862610799,-1.8004015488989475
2020-12-21T00:00:00.000,-0.9037995381404014,0.40865508668769457,1.033856561716536,2.2388528675223327,2.4019223070761515,-1.7745866603031186,-0.4621320354750227,-1.1183593478890708,1.312454624828096,-3.6265911867600944,-2.59572998538105,-2.463926390392638,-1.4558024522520292,-2.8867351399126724,-1.6967489540240785,-0.38287628661484335,-0.7642062659085432,1.033856561716536,2.2388528675223327,2.4019223070761515,-1.2536634087775607,-1.6349933880712606,-1.4443283984244104,-0.3813299792936999,-3.1180844948092603,-2.116550203308715,-3.63832330971296,-2.628663804848267,-3.219673956875402,-2.039975019573568
2020-12-29T00:00:00.000,-0.9670678063122815,0.40865508668769457,1.033856561716536,2.2388528675223327,2.4019223070761515,-1.8378549284749988,-0.4621320354750227,-1.1499934819750108,1.375722892999976,-3.686483827698922,-2.6257692436546383,-2.457999556217834,-1.4488446709350917,-2.8973731734725834,-1.6948652934401238,-0.9037995381404014,0.40865508668769457,1.033856561716536,2.2388528675223327,2.4019223070761515,-1.7745866603031186,-0.4621320354750227,-1.1183593478890708,1.312454624828096,-3.6265911867600944,-2.59572998538105,-2.463926390392638,-1.4558024522520292,-2.8867351399126724,-1.6967489540240785
2021-01-05T00:00:00.000,-0.9670678063122815,0.40865508668769457,1.033856561716536,2.2388528675223327,2.4019223070761515,-1.8378549284749988,-0.4621320354750227,-1.1499934819750108,1.375722892999976,-3.683108200465869,-2.593612482589634,-2.45207272204303,-1.3059302679794804,-2.8763770729465543,-1.6714460641727644,-0.9670678063122815,0.40865508668769457,1.033856561716536,2.2388528675223327,2.4019223070761515,-1.8378549284749988,-0.4621320354750227,-1.1499934819750108,1.375722892999976,-3.686483827698922,-2.6257692436546383,-2.457999556217834,-1.4488446709350917,-2.8973731734725834,-1.6948652934401238
2021-01-12T00:00:00.000,-0.9672089187284729,0.5748272784375036,1.033856561716536,2.5570856536673885,3.2590290389041052,-1.299122095208292,0.24291410195768426,-0.528103996625304,1.5420361971659764,-3.12306294877095,-2.0449047415378705,-1.7470265846103228,-0.406029735083031,-2.247741991437746,-1.0110985477134444,-0.9670678063122815,0.40865508668769457,1.033856561716536,2.2388528675223327,2.4019223070761515,-1.8378549284749988,-0.4621320354750227,-1.1499934819750108,1.375722892999976,-3.683108200465869,-2.593612482589634,-2.45207272204303,-1.3059302679794804,-2.8763770729465543,-1.6714460641727644
2021-01-19T00:00:00.000,-0.9672089187284729,1.2206095005122832,1.033856561716536,2.5570856536673885,3.2590290389041052,-1.299122095208292,0.8886963240324639,-0.20521288558791417,2.187818419240756,-3.1017505303427373,-1.933561992186375,-1.1012443625355433,0.23975248699174867,-1.9181052842412547,-0.6446436106261566,-0.9672089187284729,0.5748272784375036,1.033856561716536,2.5570856536673885,3.2590290389041052,-1.299122095208292,0.24291410195768426,-0.528103996625304,1.5420361971659764,-3.12306294877095,-2.0449047415378705,-1.7470265846103228,-0.406029735083031,-2.247741991437746,-1.0110985477134444
2021-01-26T00:00:00.000,-1.1285271806964592,1.2206095005122832,1.033856561716536,2.5570856536673885,3.2590290389041052,-1.4604403571762785,0.8886963240324639,-0.2858720165719073,2.3491366812087424,-3.2630687923107238,-1.9577700070312547,-1.1008439018795624,0.23975248699174867,-1.9940773082876415,-0.7008611852366586,-0.9672089187284729,1.2206095005122832,1.033856561716536,2.5570856536673885,3.2590290389041052,-1.299122095208292,0.8886963240324639,-0.20521288558791417,2.187818419240756,-3.1017505303427373,-1.933561992186375,-1.1012443625355433,0.23975248699174867,-1.9181052842412547,-0.6446436106261566
2021-02-02T00:00:00.000,-1.1395287662267697,1.2206095005122832,1.2889367793470043,2.5570856536673885,3.2590290389041052,-1.726522160337057,0.6336161064019956,-0.546453026967531,2.360138266739053,-3.5291505954715023,-2.2238518101920333,-1.3555236588540498,0.021785021593174525,-2.2499712117456587,-0.9371082335808166,-1.1285271806964592,1.2206095005122832,1.033856561716536,2.5570856536673885,3.2590290389041052,-1.4604403571762785,0.8886963240324639,-0.2858720165719073,2.3491366812087424,-3.2630687923107238,-1.9577700070312547,-1.1008439018795624,0.23975248699174867,-1.9940773082876415,-0.7008611852366586
2021-02-09T00:00:00.000,-0.9426125357495011,1.2206095005122832,1.3832073617334424,2.5570856536673885,3.2590290389041052,-1.6238765122462269,0.5393455240155576,-0.5422654941153346,2.1632220362617844,-3.4062580649437875,-2.121206162101203,-1.4494783285781634,-0.07248556079326351,-2.2381490635365306,-0.9329207007286203,-1.1395287662267697,1.2206095005122832,1.2889367793470043,2.5570856536673885,3.2590290389041052,-1.726522160337057,0.6336161064019956,-0.546453026967531,2.360138266739053,-3.5291505954715023,-2.2238518101920333,-1.3555236588540498,0.021785021593174525,-2.2499712117456587,-0.9371082335808166
2021-02-16T00:00:00.000,-0.9426125357495011,1.2206095005122832,1.7092432399584812,2.5570856536673885,3.2590290389041052,-1.9499123904712654,0.2133096457905188,-0.8683013723403734,2.1632220362617844,-3.712047060731942,-2.4472420403262416,-1.7751982941408775,-0.3611610898722475,-2.556550326404637,-1.2589565789536592,-0.9426125357495011,1.2206095005122832,1.3832073617334424,2.5570856536673885,3.2590290389041052,-1.6238765122462269,0.5393455240155576,-0.5422654941153346,2.1632220362617844,-3.4062580649437875,-2.121206162101203,-1.4494783285781634,-0.07248556079326351,-2.2381490635365306,-0.9329207007286203
2021-02-23T00:00:00.000,-0.9426125357495011,1.2206095005122832,1.7368246440209816,2.5570856536673885,3.2590290389041052,-1.9774937945337658,0.18572824172801838,-0.8958827764028738,2.1632220362617844,-3.736747373114639,-2.474823444388742,-1.7977387196317076,-0.3633922243347034,-2.576041201617497,-1.2865379830161596,-0.9426125357495011,1.2206095005122832,1.7092432399584812,2.5570856536673885,3.2590290389041052,-1.9499123904712654,0.2133096457905188,-0.8683013723403734,2.1632220362617844,-3.712047060731942,-2.4472420403262416,-1.7751982941408775,-0.3611610898722475,-2.556550326404637,-1.2589565789536592
2021-03-02T00:00:00.000,-0.9426125357495011,1.2206095005122832,1.7368246440209816,2.251573266822584,3.0026612484550017,-1.928349198138065,0.23487283812371929,-0.8467381800071729,2.1632220362617844,-3.6847216850391353,-2.425678847993041,-1.7435531446643362,-0.2989662897521066,-2.5188060763721554,-1.2373933866204587,-0.9426125357495011,1.2206095005122832,1.7368246440209816,2.5570856536673885,3.2590290389041052,-1.9774937945337658,0.18572824172801838,-0.8958827764028738,2.1632220362617844,-3.736747373114639,-2.474823444388742,-1.7977387196317076,-0.3633922243347034,-2.576041201617497,-1.2865379830161596
2021-03-09T00:00:00.000,-0.9426125357495011,1.7559838734719984,1.9087083782967784,2.251573266822584,3.0026612484550017,-2.1002329324138618,0.5983634768076376,-0.7509347278031122,2.6985964092214996,-3.8452481734609476,-2.597562582268838,-1.368765045469126,0.06452434893181169,-2.415701549375667,-1.1415899344163978,-0.9426125357495011,1.2206095005122832,1.7368246440209816,2.251573266822584,3.0026612484550017,-1.928349198138065,0.23487283812371929,-0.8467381800071729,2.1632220362617844,-3.6847216850391353,-2.425678847993041,-1.7435531446643362,-0.2989662897521066,-2.5188060763721554,-1.2373933866204587
2021-03-16T00:00:00.000,-0.9426125357495011,1.7559838734719984,1.9087083782967784,2.251573266822584,2.8172534923644674,-2.285640688504396,0.4129557207171033,-0.9363424838936465,2.6985964092214996,-4.019298683697498,-2.7829703383593722,-1.5428753410483684,-0.12088340715872259,-2.5938082306737735,-1.326997690506932,-0.9426125357495011,1.7559838734719984,1.9087083782967784,2.251573266822584,3.0026612484550017,-2.1002329324138618,0.5983634768076376,-0.7509347278031122,2.6985964092214996,-3.8452481734609476,-2.597562582268838,-1.368765045469126,0.06452434893181169,-2.415701549375667,-1.1415899344163978
2021-03-23T00:00:00.000,-0.9426125357495011,1.7559838734719984,1.7999642093570203,2.2364399775027834,2.8172534923644674,-2.1617632302448375,0.536833178976662,-0.8124650256340877,2.6985964092214996,-3.893597595416983,-2.6590928800998137,-1.4078775364090723,-0.0012561725194477624,-2.46975863266717,-1.2031202322473735,-0.9426125357495011,1.7559838734719984,1.9087083782967784,2.251573266822584,2.8172534923644674,-2.285640688504396,0.4129557207171033,-0.9363424838936465,2.6985964092214996,-4.019298683697498,-2.7829703383593722,-1.5428753410483684,-0.12088340715872259,-2.5938082306737735,-1.326997690506932
2021-03-30T00:00:00.000,-0.7878891263015517,1.7559838734719984,1.7999642093570203,2.201042061041807,2.4576522295461443,-2.3312431671542346,0.21262983261931545,-1.0593066672674596,2.54387299977355,-4.061253902305425,-2.828572817009211,-1.7209605363866816,-0.32545951887679436,-2.716428134553497,-1.4499618738807452,-0.9426125357495011,1.7559838734719984,1.7999642093570203,2.2364399775027834,2.8172534923644674,-2.1617632302448375,0.536833178976662,-0.8124650256340877,2.6985964092214996,-3.893597595416983,-2.6590928800998137,-1.4078775364090723,-0.0012561725194477624,-2.46975863266717,-1.2031202322473735
2021-04-06T00:00:00.000,-0.4462401528859595,1.7559838734719984,1.7999642093570203,2.201042061041807,2.385172147503891,-2.0620742757808954,0.14014975057706236,-0.9609622626019165,2.2022240263579578,-3.774020601334305,-2.5594039256358716,-1.7934406184289347,-0.39793960091904745,-2.6160414469976447,-1.3516174692152023,-0.7878891263015517,1.7559838734719984,1.7999642093570203,2.201042061041807,2.4576522295461443,-2.3312431671542346,0.21262983261931545,-1.0593066672674596,2.54387299977355,-4.061253902305425,-2.828572817009211,-1.7209605363866816,-0.32545951887679436,-2.716428134553497,-1.4499618738807452
2021-04-13T00:00:00.000,-0.4462401528859595,1.7559838734719984,1.7999642093570203,2.201042061041807,2.385172147503891,-2.0620742757808954,0.14014975057706236,-0.9609622626019165,2.2022240263579578,-3.755956191736525,-2.5594039256358716,-1.7934406184289347,-0.39793960091904745,-2.6139991641073355,-1.3516174692152023,-0.4462401528859595,1.7559838734719984,1.7999642093570203,2.201042061041807,2.385172147503891,-2.0620742757808954,0.14014975057706236,-0.9609622626019165,2.2022240263579578,-3.774020601334305,-2.5594039256358716,-1.7934406184289347,-0.39793960091904745,-2.6160414469976447,-1.3516174692152023
2021-04-20T00:00:00.000,-0.4462401528859595,1.7559838734719984,1.7999642093570203,1.9704539737263702,2.2176557008835944,-1.9990026350857555,0.2032213912722023,-0.8978906219067766,2.2022240263579578,-3.689481397188613,-2.4963322849407317,-1.7239033136619781,-0.3348679602239075,-2.5475586095913973,-1.2885458285200624,-0.4462401528859595,1.7559838734719984,1.7999642093570203,2.201042061041807,2.385172147503891,-2.0620742757808954,0.14014975057706236,-0.9609622626019165,2.2022240263579578,-3.755956191736525,-2.5594039256358716,-1.7934406184289347,-0.39793960091904745,-2.6139991641073355,-1.3516174692152023
2021-04-27T00:00:00.000,-0.361398647916212,1.2559973782453977,1.7999642093570203,2.1624051596107394,2.1893742521723834,-2.1343937647115885,-0.5169977385499787,-1.3256957516307835,1.6173960261616096,-3.8214693729616735,-2.6317234145665647,-2.4376567794123423,-1.0550870900460885,-2.9719948254946065,-1.7163509582440692,-0.4462401528859595,1.7559838734719984,1.7999642093570203,1.9704539737263702,2.2176557008835944,-1.9990026350857555,0.2032213912722023,-0.8978906219067766,2.2022240263579578,-3.689481397188613,-2.4963322849407317,-1.7239033136619781,-0.3348679602239075,-2.5475586095913973,-1.2885458285200624
2021-05-04T00:00:00.000,-0.361398647916212,1.2406058087200151,1.6743468047113859,2.1624051596107394,2.1893742521723834,-2.008776360065954,-0.4067719034297268,-1.2077741317478403,1.602004456636227,-3.691510322759264,-2.5061060099209302,-2.3167567064000867,-0.9448612549258366,-2.853984917788305,-1.598429338361126,-0.361398647916212,1.2559973782453977,1.7999642093570203,2.1624051596107394,2.1893742521723834,-2.1343937647115885,-0.5169977385499787,-1.3256957516307835,1.6173960261616096,-3.8214693729616735,-2.6317234145665647,-2.4376567794123423,-1.0550870900460885,-2.9719948254946065,-1.7163509582440692
2021-05-11T00:00:00.000,-0.361398647916212,1.5377460463754395,1.6743468047113859,2.1624051596107394,2.1893742521723834,-2.008776360065954,-0.10963166577430239,-1.0592040129201281,1.8991446942916514,-3.6871686772024885,-2.5061060099209302,-2.008942230852658,-0.6477210172704122,-2.705326511137234,-1.4498592195334137,-0.361398647916212,1.2406058087200151,1.6743468047113859,2.1624051596107394,2.1893742521723834,-2.008776360065954,-0.4067719034297268,-1.2077741317478403,1.602004456636227,-3.691510322759264,-2.5061060099209302,-2.3167567064000867,-0.9448612549258366,-2.853984917788305,-1.598429338361126
2021-05-18T00:00:00.000,-0.361398647916212,1.5377460463754395,1.6743468047113859,2.1624051596107394,2.1893742521723834,-2.008776360065954,-0.10963166577430239,-1.0592040129201281,1.8991446942916514,-3.6871686772024885,-2.5061060099209302,-2.0085729737605025,-0.6477210172704122,-2.7018123725259655,-1.4498592195334137,-0.361398647916212,1.5377460463754395,1.6743468047113859,2.1624051596107394,2.1893742521723834,-2.008776360065954,-0.10963166577430239,-1.0592040129201281,1.8991446942916514,-3.6871686772024885,-2.5061060099209302,-2.008942230852658,-0.6477210172704122,-2.705326511137234,-1.4498592195334137
2021-05-25T00:00:00.000,-0.361398647916212,1.5377460463754395,1.5332937936025697,2.1624051596107394,2.1893742521723834,-1.8677233489571377,0.031421345334513795,-0.9181510018113119,1.8991446942916514,-3.546115666093672,-2.365052998812114,-1.8671507055595309,-0.506668006161596,-2.5572452228058804,-1.3088062084245977,-0.361398647916212,1.5377460463754395,1.6743468047113859,2.1624051596107394,2.1893742521723834,-2.008776360065954,-0.10963166577430239,-1.0592040129201281,1.8991446942916514,-3.6871686772024885,-2.5061060099209302,-2.0085729737605025,-0.6477210172704122,-2.7018123725259655,-1.4498592195334137
2021-06-01T00:00:00.000,-0.361398647916212,1.5377460463754395,1.5036885144800296,2.1624051596107394,2.184373103727372,-1.8431192182796092,0.05602547601204244,-0.8935468711337833,1.8991446942916514,-3.5163773508279794,-2.3404488681345854,-1.8405975437402955,-0.4820638754840674,-2.5317824437022076,-1.2842020777470688,-0.361398647916212,1.5377460463754395,1.5332937936025697,2.1624051596107394,2.1893742521723834,-1.8677233489571377,0.031421345334513795,-0.9181510018113119,1.8991446942916514,-3.546115666093672,-2.365052998812114,-1.8671507055595309,-0.506668006161596,-2.5572452228058804,-1.3088062084245977
2021-06-08T00:00:00.000,-0.361398647916212,1.5377460463754395,1.2640603764361675,2.1624051596107394,2.184373103727372,-1.603491080235747,0.2956536140559045,-0.6539187330899212,1.8991446942916514,-3.271615028195953,-2.100820730090723,-1.5990203745547267,-0.2424357374402053,-2.2912956572322014,-1.044573939703207,-0.361398647916212,1.5377460463754395,1.5036885144800296,2.1624051596107394,2.184373103727372,-1.8431192182796092,0.05602547601204244,-0.8935468711337833,1.8991446942916514,-3.5163773508279794,-2.3404488681345854,-1.8405975437402955,-0.4820638754840674,-2.5317824437022076,-1.2842020777470688
2021-06-15T00:00:00.000,-0.5815755873521026,1.5377460463754395,0.8019082077447633,2.017988961508996,1.7759569816661622,-1.6255157749396996,0.49380585878784256,-0.5658549580759284,2.1193216337275422,-3.293287340447184,-2.1228454247946758,-1.3961850113941345,-0.04428349270826726,-2.198603845771075,-0.9565101646892141,-0.361398647916212,1.5377460463754395,1.2640603764361675,2.1624051596107394,2.184373103727372,-1.603491080235747,0.2956536140559045,-0.6539187330899212,1.8991446942916514,-3.271615028195953,-2.100820730090723,-1.5990203745547267,-0.2424357374402053,-2.2912956572322014,-1.044573939703207
2021-06-22T00:00:00.000,-0.486634132180709,1.5377460463754395,0.23360938255619051,2.017988961508996,1.7759569816661622,-0.9622754945797332,1.0621046839764154,0.049914594698341086,2.0243801785561484,-2.629694677634496,-1.4596051444347093,-0.823203067776908,0.5129842179136936,-1.5782062565496713,-0.3407406119149446,-0.5815755873521026,1.5377460463754395,0.8019082077447633,2.017988961508996,1.7759569816661622,-1.6255157749396996,0.49380585878784256,-0.5658549580759284,2.1193216337275422,-3.293287340447184,-2.1228454247946758,-1.3961850113941345,-0.04428349270826726,-2.198603845771075,-0.9565101646892141
2021-06-29T00:00:00.000,-0.3582779894568464,1.7801889964965132,0.23360938255619051,1.6792803544631796,1.7759569816661622,-0.4952107448100542,1.6432562411433054,0.5740227481666256,2.1384669859533596,-2.154047106135851,-0.9925403946650304,-0.22618260743407603,1.0646267986845435,-1.0525231858139896,0.15903357950187424,-0.486634132180709,1.5377460463754395,0.23360938255619051,2.017988961508996,1.7759569816661622,-0.9622754945797332,1.0621046839764154,0.049914594698341086,2.0243801785561484,-2.629694677634496,-1.4596051444347093,-0.823203067776908,0.5129842179136936,-1.5782062565496713,-0.3407406119149446
2021-07-06T00:00:00.000,-0.22062314183891307,2.103181024254398,-0.028538358187203013,1.5332937936025697,1.7759569816661622,0.050578404411882494,2.3743825705051935,1.2124804874585378,2.3238041660933106,-1.5996751351849483,-0.4467512454430937,0.4890748187518701,1.7583927789003768,-0.41249052925468055,0.7730497624202953,-0.3582779894568464,1.7801889964965132,0.23360938255619051,1.6792803544631796,1.7759569816661622,-0.4952107448100542,1.6432562411433054,0.5740227481666256,2.1384669859533596,-2.154047106135851,-0.9925403946650304,-0.22618260743407603,1.0646267986845435,-1.0525231858139896,0.15903357950187424
2021-07-13T00:00:00.000,0.041340196442998293,2.103181024254398,-0.7259308370989532,1.5036885144800296,1.5758194272703008,0.8394019463322226,2.901242774143622,1.8703223602379224,2.0618408278113995,-0.7995755146386008,0.20496204935413975,1.0112519039616448,2.230513915509732,0.24377642625730722,1.3873278091497823,-0.22062314183891307,2.103181024254398,-0.028538358187203013,1.5332937936025697,1.7759569816661622,0.050578404411882494,2.3743825705051935,1.2124804874585378,2.3238041660933106,-1.5996751351849483,-0.4467512454430937,0.4890748187518701,1.7583927789003768,-0.41249052925468055,0.7730497624202953
2021-07-20T00:00:00.000,0.31225875426342886,2.103181024254398,-0.7259308370989532,1.2640603764361675,1.5045813999709086,1.2787106148971232,3.069632884888092,2.174171749892608,1.7909222699909688,-0.3489907674476931,0.5314301346857853,1.1749588962774609,2.2713639174389684,0.5460508986445956,1.6527191676948543,0.041340196442998293,2.103181024254398,-0.7259308370989532,1.5036885144800296,1.5758194272703008,0.8394019463322226,2.901242774143622,1.8703223602379224,2.0618408278113995,-0.7995755146386008,0.20496204935413975,1.0112519039616448,2.230513915509732,0.24377642625730722,1.3873278091497823
2021-07-27T00:00:00.000,0.31225875426342886,2.103181024254398,-1.027894016668359,0.8019082077447633,1.3176823033706535,1.8559268665576782,3.646849136548647,2.751388001553163,1.7909222699909688,0.21694940558685483,1.0680125513780387,1.7502261167963091,2.758152812516183,1.1186391138580167,2.200071111565166,0.31225875426342886,2.103181024254398,-0.7259308370989532,1.2640603764361675,1.5045813999709086,1.2787106148971232,3.069632884888092,2.174171749892608,1.7909222699909688,-0.3489907674476931,0.5314301346857853,1.1749588962774609,2.2713639174389684,0.5460508986445956,1.6527191676948543
2021-08-03T00:00:00.000,0.31225875426342886,2.103181024254398,-1.027894016668359,0.361565653357265,1.3176823033706535,2.2962694209451766,4.087191690936145,3.1917305559406612,1.7909222699909688,0.6460158813483459,1.4751260958672452,2.1886196400421007,3.1529661018483477,1.554353631798381,2.6068958712827697,0.31225875426342886,2.103181024254398,-1.027894016668359,0.8019082077447633,1.3176823033706535,1.8559268665576782,3.646849136548647,2.751388001553163,1.7909222699909688,0.21694940558685483,1.0680125513780387,1.7502261167963091,2.758152812516183,1.1186391138580167,2.200071111565166
2021-08-10T00:00:00.000,0.35718808278066344,2.103181024254398,-1.027894016668359,0.361565653357265,1.2219464848613812,2.245462930953139,3.991455872426873,3.1184594016900062,1.7459929414737343,0.586626569627342,1.4139052538905381,2.0925145644406733,2.9705261033670998,1.480223829121582,2.5228127805408485,0.31225875426342886,2.103181024254398,-1.027894016668359,0.361565653357265,1.3176823033706535,2.2962694209451766,4.087191690936145,3.1917305559406612,1.7909222699909688,0.6460158813483459,1.4751260958672452,2.1886196400421007,3.1529661018483477,1.554353631798381,2.6068958712827697
2021-08-17T00:00:00.000,0.6685677668438963,2.103181024254398,-1.027894016668359,-0.028538358187203013,1.2219464848613812,2.9469466265608393,4.381559883971341,3.6642532552660905,1.4346132574105015,1.2795274435060764,2.076215562760063,2.4822493188929853,3.2957800172919036,2.025159034271522,3.052369244099561,0.35718808278066344,2.103181024254398,-1.027894016668359,0.361565653357265,1.2219464848613812,2.245462930953139,3.991455872426873,3.1184594016900062,1.7459929414737343,0.586626569627342,1.4139052538905381,2.0925145644406733,2.9705261033670998,1.480223829121582,2.5228127805408485
2021-08-24T00:00:00.000,0.8820079317639241,2.0667676514147093,-1.1938940907802207,-0.6345795057339508,1.1796396415752448,3.8901211698533404,5.074880889504126,4.482501029678733,1.1847597196507853,2.222349604345856,2.9258694949265873,3.164896086533766,3.9891010228246886,2.8398926700728957,3.870617018512204,0.6685677668438963,2.103181024254398,-1.027894016668359,-0.028538358187203013,1.2219464848613812,2.9469466265608393,4.381559883971341,3.6642532552660905,1.4346132574105015,1.2795274435060764,2.076215562760063,2.4822493188929853,3.2957800172919036,2.025159034271522,3.052369244099561
2021-08-31T00:00:00.000,0.8820079317639241,1.7125185352410814,-1.1938940907802207,-0.4137572064050159,1.1796396415752448,3.669298870524406,4.499809474001562,4.084554172262984,0.8305106034771573,2.0011749225642,2.516721978783756,2.5791504331391986,3.4140296073221252,2.438431674045878,3.4390630355121576,0.8820079317639241,2.0667676514147093,-1.1938940907802207,-0.6345795057339508,1.1796396415752448,3.8901211698533404,5.074880889504126,4.482501029678733,1.1847597196507853,2.222349604345856,2.9258694949265873,3.164896086533766,3.9891010228246886,2.8398926700728957,3.870617018512204
2021-09-07T00:00:00.000,0.8820079317639241,1.7125185352410814,-1.1938940907802207,-0.34216280452438463,0.9091893683134303,3.32725419538196,4.157764798859117,3.7425094971205386,0.8305106034771573,1.6539960628335897,2.001039421596141,2.2306400939249365,3.0719849321796797,2.096298711080074,3.005351544412008,0.8820079317639241,1.7125185352410814,-1.1938940907802207,-0.4137572064050159,1.1796396415752448,3.669298870524406,4.499809474001562,4.084554172262984,0.8305106034771573,2.0011749225642,2.516721978783756,2.5791504331391986,3.4140296073221252,2.438431674045878,3.4390630355121576
2021-09-14T00:00:00.000,0.8820079317639241,1.7125185352410814,-1.1938940907802207,-0.34216280452438463,0.9091893683134303,3.32725419538196,4.157764798859117,3.7425094971205386,0.8305106034771573,1.6488618782454254,1.9526730874416,2.22417442985312,3.0185466633982814,2.096210423256715,2.9108952444227034,0.8820079317639241,1.7125185352410814,-1.1938940907802207,-0.34216280452438463,0.9091893683134303,3.32725419538196,4.157764798859117,3.7425094971205386,0.8305106034771573,1.6539960628335897,2.001039421596141,2.2306400939249365,3.0719849321796797,2.096298711080074,3.005351544412008
2021-09-21T00:00:00.000,0.8820079317639241,1.7125185352410814,-1.1938940907802207,-0.34216280452438463,0.9091893683134303,3.32725419538196,4.157764798859117,3.7425094971205386,0.8305106034771573,1.6488618782454254,1.8645390661362344,2.22417442985312,2.8973089424434293,2.0928415094359174,2.877421913749847,0.8820079317639241,1.7125185352410814,-1.1938940907802207,-0.34216280452438463,0.9091893683134303,3.32725419538196,4.157764798859117,3.7425094971205386,0.8305106034771573,1.6488618782454254,1.9526730874416,2.22417442985312,3.0185466633982814,2.096210423256715,2.9108952444227034
2021-09-28T00:00:00.000,0.8820079317639241,1.7125185352410814,-1.1938940907802207,-0.34216280452438463,1.335380309369785,3.7534451364383146,4.583955739915472,4.168700438176893,0.8305106034771573,2.07505281930178,2.2033502289341493,2.6503653709094745,3.2672188630511405,2.5156635366714744,3.1232593472251136,0.8820079317639241,1.7125185352410814,-1.1938940907802207,-0.34216280452438463,0.9091893683134303,3.32725419538196,4.157764798859117,3.7425094971205386,0.8305106034771573,1.6488618782454254,1.8645390661362344,2.22417442985312,2.8973089424434293,2.0928415094359174,2.877421913749847
2021-10-05T00:00:00.000,0.8820079317639241,1.7125185352410814,-1.1938940907802207,-0.25934401004318636,1.792764685256478,4.128010717843809,4.9585213213209665,4.543266019582388,0.8305106034771573,2.4452767551504992,2.5692173756540075,3.013810605935232,3.6296276934784246,2.88818683518666,3.318759776087769,0.8820079317639241,1.7125185352410814,-1.1938940907802207,-0.34216280452438463,1.335380309369785,3.7534451364383146,4.583955739915472,4.168700438176893,0.8305106034771573,2.07505281930178,2.2033502289341493,2.6503653709094745,3.2672188630511405,2.5156635366714744,3.1232593472251136
2021-10-12T00:00:00.000,0.8371552227677654,1.063283644360632,-1.0522852363840247,-0.023783443313479452,1.792764685256478,3.7059885877217473,3.932117009314614,3.8190527985181806,0.2261284215928665,2.0189129794716623,2.10844597422108,1.976285947549142,2.579364008598001,2.161931331232143,2.479672915026465,0.8820079317639241,1.7125185352410814,-1.1938940907802207,-0.25934401004318636,1.792764685256478,4.128010717843809,4.9585213213209665,4.543266019582388,0.8305106034771573,2.4452767551504992,2.5692173756540075,3.013810605935232,3.6296276934784246,2.88818683518666,3.318759776087769
2021-10-19T00:00:00.000,0.650529908373997,0.6604138055180386,-1.0522852363840247,0.2750955962375673,1.792764685256478,3.2204842337769324,3.230368130920974,3.2254261823489534,0.009883897144041587,1.530005471674075,1.592782851432116,1.2632396086442104,1.7204338235539793,1.568132575315871,1.7795143883431703,0.8371552227677654,1.063283644360632,-1.0522852363840247,-0.023783443313479452,1.792764685256478,3.7059885877217473,3.932117009314614,3.8190527985181806,0.2261284215928665,2.0189129794716623,2.10844597422108,1.976285947549142,2.579364008598001,2.161931331232143,2.479672915026465
2021-10-26T00:00:00.000,0.6343191046482667,0.37983859048248303,-1.0522852363840247,0.2750955962375673,1.7976456588970486,3.2091544036917727,2.9546738895259894,3.081914146608881,-0.25448051416578366,1.515272487736143,1.5612417385392616,0.9762479067379339,1.183390486415159,1.4244483998287536,1.6238114598235,0.650529908373997,0.6604138055180386,-1.0522852363840247,0.2750955962375673,1.792764685256478,3.2204842337769324,3.230368130920974,3.2254261823489534,0.009883897144041587,1.530005471674075,1.592782851432116,1.2632396086442104,1.7204338235539793,1.568132575315871,1.7795143883431703
2021-11-02T00:00:00.000,0.6343191046482667,0.46555523639125784,-1.0391393471296149,0.2750955962375673,1.8420042468080364,3.2403671023483507,3.071603234091342,3.1559851682198463,-0.16876386825700884,1.528420776794941,1.5281188849177125,1.088136272731616,1.1440324206694283,1.4912183466472915,1.6574422385170857,0.6343191046482667,0.37983859048248303,-1.0522852363840247,0.2750955962375673,1.7976456588970486,3.2091544036917727,2.9546738895259894,3.081914146608881,-0.25448051416578366,1.515272487736143,1.5612417385392616,0.9762479067379339,1.183390486415159,1.4244483998287536,1.6238114598235
2021-11-09T00:00:00.000,0.6343191046482667,0.46555523639125784,-1.365624014881994,0.2750955962375673,1.8420042468080364,3.56685177010073,3.398087901843721,3.4824698359722257,-0.16876386825700884,1.83684103494954,1.7660388906547597,1.4095799619123246,1.4309593795669573,1.8104019396072433,1.898543220704288,0.6343191046482667,0.46555523639125784,-1.0391393471296149,0.2750955962375673,1.8420042468080364,3.2403671023483507,3.071603234091342,3.1559851682198463,-0.16876386825700884,1.528420776794941,1.5281188849177125,1.088136272731616,1.1440324206694283,1.4912183466472915,1.6574422385170857
2021-11-16T00:00:00.000,0.6343191046482667,0.46555523639125784,-1.365624014881994,0.2750955962375673,1.8420042468080364,3.56685177010073,3.398087901843721,3.4824698359722257,-0.16876386825700884,1.8350174049285846,1.718222870876807,1.40926404925,1.4143050278216704,1.8023114107576026,1.835048500511022,0.6343191046482667,0.46555523639125784,-1.365624014881994,0.2750955962375673,1.8420042468080364,3.56685177010073,3.398087901843721,3.4824698359722257,-0.16876386825700884,1.83684103494954,1.7660388906547597,1.4095799619123246,1.4309593795669573,1.8104019396072433,1.898543220704288
2021-11-23T00:00:00.000,0.6343191046482667,0.46555523639125784,-1.365624014881994,0.2750955962375673,1.8420042468080364,3.56685177010073,3.398087901843721,3.4824698359722257,-0.16876386825700884,1.8331937749076288,1.712886073593403,1.4089481365876755,1.38778857144906,1.7942208819079617,1.7185757824632009,0.6343191046482667,0.46555523639125784,-1.365624014881994,0.2750955962375673,1.8420042468080364,3.56685177010073,3.398087901843721,3.4824698359722257,-0.16876386825700884,1.8350174049285846,1.718222870876807,1.40926404925,1.4143050278216704,1.8023114107576026,1.835048500511022
2021-11-30T00:00:00.000,0.6343191046482667,0.46555523639125784,-1.3941701746828095,0.2750955962375673,1.8420042468080364,3.5953979299015453,3.4266340616445365,3.511015995773041,-0.16876386825700884,1.8503826888544594,1.7290156738194944,1.4370938357325103,1.39473632546715,1.8151324263518451,1.6165407603696649,0.6343191046482667,0.46555523639125784,-1.365624014881994,0.2750955962375673,1.8420042468080364,3.56685177010073,3.398087901843721,3.4824698359722257,-0.16876386825700884,1.8331937749076288,1.712886073593403,1.4089481365876755,1.38778857144906,1.7942208819079617,1.7185757824632009
2021-12-07T00:00:00.000,1.0195311430569953,0.46555523639125784,-1.3941701746828095,0.13789989750669254,1.8420042468080364,4.117805667041148,3.563829760375411,3.84081771370828,-0.5539759066657375,2.361433180140078,2.224647582916107,1.573889073807404,1.5073522725872697,2.1372995289301526,1.8958747638098823,0.6343191046482667,0.46555523639125784,-1.3941701746828095,0.2750955962375673,1.8420042468080364,3.5953979299015453,3.4266340616445365,3.511015995773041,-0.16876386825700884,1.8503826888544594,1.7290156738194944,1.4370938357325103,1.39473632546715,1.8151324263518451,1.6165407603696649
2021-12-14T00:00:00.000,1.0195311430569953,0.46555523639125784,-2.0543270445404316,0.008624932431691964,1.8420042468080364,4.907237501973771,4.353261595308034,4.6302495486409025,-0.5539759066657375,3.147983923392898,2.9774655016562095,2.3633209087400266,2.2663514168523595,2.9220442569251683,2.6423374076676502,1.0195311430569953,0.46555523639125784,-1.3941701746828095,0.13789989750669254,1.8420042468080364,4.117805667041148,3.563829760375411,3.84081771370828,-0.5539759066657375,2.361433180140078,2.224647582916107,1.573889073807404,1.5073522725872697,2.1372995289301526,1.8958747638098823
2021-12-21T00:00:00.000,1.0195311430569953,-0.0033373952120045475,-2.0543270445404316,-1.0601094265332485,1.461448548003568,5.595416162134243,4.572547623865243,5.083981892999743,-1.022868538269,3.8332814918735667,3.6270411647932805,2.582606937297236,2.421465335964768,3.3710894943464025,3.027384303830945,1.0195311430569953,0.46555523639125784,-2.0543270445404316,0.008624932431691964,1.8420042468080364,4.907237501973771,4.353261595308034,4.6302495486409025,-0.5539759066657375,3.147983923392898,2.9774655016562095,2.3633209087400266,2.2663514168523595,2.9220442569251683,2.6423374076676502
2021-12-28T00:00:00.000,1.0195311430569953,-0.0033373952120045475,-2.0543270445404316,-1.0601094265332485,1.0934594866988678,5.227427100829543,4.2045585625605435,4.7159928316950435,-1.022868538269,3.445045548131983,3.2240882323937967,2.2086910418177323,1.9955959449161558,2.9963548368826016,2.5987989877514677,1.0195311430569953,-0.0033373952120045475,-2.0543270445404316,-1.0601094265332485,1.461448548003568,5.595416162134243,4.572547623865243,5.083981892999743,-1.022868538269,3.8332814918735667,3.6270411647932805,2.582606937297236,2.421465335964768,3.3710894943464025,3.027384303830945
2022-01-04T00:00:00.000,1.0195311430569953,-0.0033373952120045475,-2.0543270445404316,-1.0601094265332485,0.9653237303642508,5.099291344494926,4.076422806225926,4.587857075360426,-1.022868538269,3.2966629093604807,3.044980833074902,2.0746284513083104,1.8674601885815383,2.8614734843888825,2.47066323141685,1.0195311430569953,-0.0033373952120045475,-2.0543270445404316,-1.0601094265332485,1.0934594866988678,5.227427100829543,4.2045585625605435,4.7159928316950435,-1.022868538269,3.445045548131983,3.2240882323937967,2.2086910418177323,1.9955959449161558,2.9963548368826016,2.5987989877514677
2022-01-11T00:00:00.000,1.0195311430569953,-0.0033373952120045475,-2.0543270445404316,-0.32880808958032803,0.9653237303642508,4.367990007542006,3.345121469273006,3.856555738407506,-1.022868538269,2.5653615724075607,2.313679496121982,1.3417915476313067,1.1361588516286183,2.1091760469099334,1.7393618944639302,1.0195311430569953,-0.0033373952120045475,-2.0543270445404316,-1.0601094265332485,0.9653237303642508,5.099291344494926,4.076422806225926,4.587857075360426,-1.022868538269,3.2966629093604807,3.044980833074902,2.0746284513083104,1.8674601885815383,2.8614734843888825,2.47066323141685
2022-01-18T00:00:00.000,1.0195311430569953,-0.9448714265328662,-2.0543270445404316,-0.18241874790706603,0.9653237303642508,4.221600665868744,2.2571980962788825,3.239399381073813,-1.9644025695898615,2.4189722307342985,2.16729015444872,0.2523326079130994,0.04823547863449473,1.4710235890502112,1.1222055371302373,1.0195311430569953,-0.0033373952120045475,-2.0543270445404316,-0.32880808958032803,0.9653237303642508,4.367990007542006,3.345121469273006,3.856555738407506,-1.022868538269,2.5653615724075607,2.313679496121982,1.3417915476313067,1.1361588516286183,2.1091760469099334,1.7393618944639302
2022-01-25T00:00:00.000,-0.6387100729716788,-1.22569237872286,-2.0543270445404316,-0.08241627762656116,0.8245530702046084,2.3225863193999223,1.7356040136487412,2.029095166524332,-0.5869823057511812,0.49864546583726455,0.2682758079798986,-0.26772590799295815,-0.415478274251734,0.25374960807334057,-0.03976675954736253,1.0195311430569953,-0.9448714265328662,-2.0543270445404316,-0.18241874790706603,0.9653237303642508,4.221600665868744,2.2571980962788825,3.239399381073813,-1.9644025695898615,2.4189722307342985,2.16729015444872,0.2523326079130994,0.04823547863449473,1.4710235890502112,1.1222055371302373
2022-02-01T00:00:00.000,-0.6387100729716788,0.41037862437789313,-1.6893030696477658,0.30591480230423657,1.0733280125462525,1.8180062069181029,2.8670949042676748,2.342550555592889,1.0490886973495719,0.0,-0.18533266151764383,0.8622294159018917,0.7160126163671996,0.5602352307145084,0.27368862952119466,-0.6387100729716788,-1.22569237872286,-2.0543270445404316,-0.08241627762656116,0.8245530702046084,2.3225863193999223,1.7356040136487412,2.029095166524332,-0.5869823057511812,0.49864546583726455,0.2682758079798986,-0.26772590799295815,-0.415478274251734,0.25374960807334057,-0.03976675954736253
2022-02-08T00:00:00.000,0.10661751539059441,0.7193390640283266,-1.6893030696477658,0.30591480230423657,1.0733280125462525,2.563333795280376,3.176055343918108,2.8696945695992424,0.6127215486377322,0.7317040558258894,0.5599949268446291,1.1632059046610825,1.0249730560176329,1.0546056473433836,0.8008326435275479,-0.6387100729716788,0.41037862437789313,-1.6893030696477658,0.30591480230423657,1.0733280125462525,1.8180062069181029,2.8670949042676748,2.342550555592889,1.0490886973495719,0.0,-0.18533266151764383,0.8622294159018917,0.7160126163671996,0.5602352307145084,0.27368862952119466
2022-02-15T00:00:00.000,1.143904731999973,1.061780188537999,-1.3054991989835951,0.30591480230423657,1.0733280125462525,3.216817141225584,3.1346925977636104,3.1757548694945967,-0.08212454346197395,1.3715638692347136,1.2134782727898372,1.1138592076153429,0.9836103098631352,1.3278923498612598,1.1068929434229022,0.10661751539059441,0.7193390640283266,-1.6893030696477658,0.30591480230423657,1.0733280125462525,2.563333795280376,3.176055343918108,2.8696945695992424,0.6127215486377322,0.7317040558258894,0.5599949268446291,1.1632059046610825,1.0249730560176329,1.0546056473433836,0.8008326435275479
2022-02-22T00:00:00.000,1.439118716979339,1.061780188537999,-0.32880808958032803,0.47505486210365244,1.0733280125462525,2.366199957002267,1.9888614285609272,2.177530692781597,-0.37733852844133997,0.5175710577783441,0.36286108856652044,-0.02398801069609835,-0.0980487498947471,0.3222279124635903,0.10866876670990244,1.143904731999973,1.061780188537999,-1.3054991989835951,0.30591480230423657,1.0733280125462525,3.216817141225584,3.1346925977636104,3.1757548694945967,-0.08212454346197395,1.3715638692347136,1.2134782727898372,1.1138592076153429,0.9836103098631352,1.3278923498612598,1.1068929434229022
2022-03-01T00:00:00.000,1.6954220708519514,1.9803321862299283,-0.18241874790706603,0.5325977171483541,1.0733280125462525,2.418571114156916,2.703481229534893,2.561026171845904,0.28491011537797695,0.5665665876999402,0.41523224572116924,0.6826478393866253,0.6165710510792186,0.6982831308432278,0.4921642457742097,1.439118716979339,1.061780188537999,-0.32880808958032803,0.47505486210365244,1.0733280125462525,2.366199957002267,1.9888614285609272,2.177530692781597,-0.37733852844133997,0.5175710577783441,0.36286108856652044,-0.02398801069609835,-0.0980487498947471,0.3222279124635903,0.10866876670990244
2022-03-08T00:00:00.000,1.6954220708519514,1.9803321862299283,-0.08241627762656116,0.5325977171483541,1.0733280125462525,2.318568643876411,2.603478759254388,2.4610237015653995,0.28491011537797695,0.4646029473690838,0.3152297754406641,0.5826453691061206,0.5165685807987139,0.5952149585338213,0.392161775493705,1.6954220708519514,1.9803321862299283,-0.18241874790706603,0.5325977171483541,1.0733280125462525,2.418571114156916,2.703481229534893,2.561026171845904,0.28491011537797695,0.5665665876999402,0.41523224572116924,0.6826478393866253,0.6165710510792186,0.6982831308432278,0.4921642457742097
2022-03-15T00:00:00.000,1.6954220708519514,1.9803321862299283,-0.06060490393084207,0.5325977171483541,1.0733280125462525,2.296757270180692,2.581667385558669,2.4392123278696802,0.28491011537797695,0.44083040362301373,0.29341840174494527,0.5608339954104014,0.49475720710299464,0.5703378828092003,0.37035040179798573,1.6954220708519514,1.9803321862299283,-0.08241627762656116,0.5325977171483541,1.0733280125462525,2.318568643876411,2.603478759254388,2.4610237015653995,0.28491011537797695,0.4646029473690838,0.3152297754406641,0.5826453691061206,0.5165685807987139,0.5952149585338213,0.392161775493705
2022-03-22T00:00:00.000,1.6954220708519514,2.160748184249288,-0.06060490393084207,0.5325977171483541,0.336062954125715,1.5594922117601544,2.0248183251574914,1.7921552684588227,0.46532611339733676,-0.2944734847471726,-0.40888278558080793,0.0019924675046119056,-0.03165916263065016,-0.0736534745727555,-0.224675561162613,1.6954220708519514,1.9803321862299283,-0.06060490393084207,0.5325977171483541,1.0733280125462525,2.296757270180692,2.581667385558669,2.4392123278696802,0.28491011537797695,0.44083040362301373,0.29341840174494527,0.5608339954104014,0.49475720710299464,0.5703378828092003,0.37035040179798573
2022-03-29T00:00:00.000,1.894075254392108,2.333057553883446,-0.06060490393084207,0.5325977171483541,0.18134545560499638,1.6034278967795923,2.0424101962709305,1.8229190465252616,0.43898229949133794,-0.24857662967738348,-0.3263441035379697,0.017591871113439073,0.005036809724717095,-0.039823994477414804,-0.16499309444799093,1.6954220708519514,2.160748184249288,-0.06060490393084207,0.5325977171483541,0.336062954125715,1.5594922117601544,2.0248183251574914,1.7921552684588227,0.46532611339733676,-0.2944734847471726,-0.40888278558080793,0.0019924675046119056,-0.03165916263065016,-0.0736534745727555,-0.224675561162613
2022-04-05T00:00:00.000,1.894075254392108,2.333057553883446,-0.07280218271171256,0.5325977171483541,0.18134545560499638,1.6156251755604627,2.054607475051801,1.835116325306132,0.43898229949133794,-0.23300372366346034,-0.26707751904020594,0.026468864706417516,0.017234088505587497,-0.02018645501187466,-0.10982662459226566,1.894075254392108,2.333057553883446,-0.06060490393084207,0.5325977171483541,0.18134545560499638,1.6034278967795923,2.0424101962709305,1.8229190465252616,0.43898229949133794,-0.24857662967738348,-0.3263441035379697,0.017591871113439073,0.005036809724717095,-0.039823994477414804,-0.16499309444799093
2022-04-12T00:00:00.000,1.894075254392108,2.333057553883446,-0.09809793138319248,0.5325977171483541,-0.5014587923048587,0.9581166763220876,1.3970989758134256,1.1776078260677567,0.43898229949133794,-0.8871365956687827,-0.8958490201852394,-0.6277193493440658,-0.6347987603639609,-0.6702546935655802,-0.7168674093356193,1.894075254392108,2.333057553883446,-0.07280218271171256,0.5325977171483541,0.18134545560499638,1.6156251755604627,2.054607475051801,1.835116325306132,0.43898229949133794,-0.23300372366346034,-0.26707751904020594,0.026468864706417516,0.017234088505587497,-0.02018645501187466,-0.10982662459226566
2022-04-19T00:00:00.000,1.894075254392108,2.333057553883446,-0.09809793138319248,0.4267176551532178,-0.7477013834587732,0.8177541471633094,1.2567364466546473,1.0372452969089785,0.43898229949133794,-1.013875592291177,-1.0308747520606136,-0.7660894109982321,-0.771402163690736,-0.804244125560756,-0.8154740458630487,1.894075254392108,2.333057553883446,-0.09809793138319248,0.5325977171483541,-0.5014587923048587,0.9581166763220876,1.3970989758134256,1.1776078260677567,0.43898229949133794,-0.8871365956687827,-0.8958490201852394,-0.6277193493440658,-0.6347987603639609,-0.6702546935655802,-0.7168674093356193
2022-04-26T00:00:00.000,1.894075254392108,2.333057553883446,-0.09809793138319248,0.4267176551532178,-1.1762825800485763,0.3891729505735062,0.8281552500648441,0.6086641003191753,0.43898229949133794,-1.4288332563445967,-1.4424567888809803,-1.1926781400834234,-1.1788237951419243,-1.2264522249869567,-1.2203535855965215,1.894075254392108,2.333057553883446,-0.09809793138319248,0.4267176551532178,-0.7477013834587732,0.8177541471633094,1.2567364466546473,1.0372452969089785,0.43898229949133794,-1.013875592291177,-1.0308747520606136,-0.7660894109982321,-0.771402163690736,-0.804244125560756,-0.8154740458630487
2022-05-03T00:00:00.000,1.894075254392108,2.333057553883446,-0.09809793138319248,0.45033849041165974,-1.1762825800485763,0.3655521153150645,0.8045344148064024,0.5850432650607336,0.43898229949133794,-1.4447652057112095,-1.421637231594522,-1.2162989753418652,-1.1844661821020839,-1.2439744208549632,-1.2224938924313085,1.894075254392108,2.333057553883446,-0.09809793138319248,0.4267176551532178,-1.1762825800485763,0.3891729505735062,0.8281552500648441,0.6086641003191753,0.43898229949133794,-1.4288332563445967,-1.4424567888809803,-1.1926781400834234,-1.1788237951419243,-1.2264522249869567,-1.2203535855965215
2022-05-10T00:00:00.000,1.894075254392108,2.333057553883446,-0.09809793138319248,0.45033849041165974,-1.1762825800485763,0.3655521153150645,0.8045344148064024,0.5850432650607336,0.43898229949133794,-1.4370763198193808,-1.3466961021155737,-1.2162989753418652,-1.179109290868089,-1.237875781464528,-1.1397672425587415,1.894075254392108,2.333057553883446,-0.09809793138319248,0.45033849041165974,-1.1762825800485763,0.3655521153150645,0.8045344148064024,0.5850432650607336,0.43898229949133794,-1.4447652057112095,-1.421637231594522,-1.2162989753418652,-1.1844661821020839,-1.2439744208549632,-1.2224938924313085
2022-05-17T00:00:00.000,1.6466096757523254,1.4392905114480106,-0.09809793138319248,0.531734822756944,-1.1762825800485763,0.03669020432999748,-0.17062895997431737,-0.06696937782216006,-0.20731916430431485,-1.7659382308044478,-1.6112224608225136,-2.183478399231343,-2.137757482251081,-1.874506535314202,-1.7143907132833638,1.894075254392108,2.333057553883446,-0.09809793138319248,0.45033849041165974,-1.1762825800485763,0.3655521153150645,0.8045344148064024,0.5850432650607336,0.43898229949133794,-1.4370763198193808,-1.3466961021155737,-1.2162989753418652,-1.179109290868089,-1.237875781464528,-1.1397672425587415
2022-05-24T00:00:00.000,1.7030936920819917,0.7223582394303499,-0.09809793138319248,0.531734822756944,-1.343898516033911,-0.0744417153256709,-1.0551771679773125,-0.5648094416514917,-0.9807354526516417,-1.8770701504601162,-1.7021430976704872,-3.0600426563430956,-2.982747981399226,-2.356964710110314,-2.1487360569194296,1.6466096757523254,1.4392905114480106,-0.09809793138319248,0.531734822756944,-1.1762825800485763,0.03669020432999748,-0.17062895997431737,-0.06696937782216006,-0.20731916430431485,-1.7659382308044478,-1.6112224608225136,-2.183478399231343,-2.137757482251081,-1.874506535314202,-1.7143907132833638
2022-05-31T00:00:00.000,1.8809163610207436,0.7223582394303499,-0.06774798223780971,0.8264638453547885,-0.8701951415470557,0.2520053563567093,-0.9065527652336843,-0.32727370443848747,-1.1585581215903935,-1.5303761963408515,-1.3696579225959302,-2.9098826868753838,-2.7240100545972328,-2.114509001107089,-1.825816634141248,1.7030936920819917,0.7223582394303499,-0.09809793138319248,0.531734822756944,-1.343898516033911,-0.0744417153256709,-1.0551771679773125,-0.5648094416514917,-0.9807354526516417,-1.8770701504601162,-1.7021430976704872,-3.0600426563430956,-2.982747981399226,-2.356964710110314,-2.1487360569194296
2022-06-07T00:00:00.000,2.2642410290391735,0.4541485285290715,-0.3080957069515663,0.8264638453547885,-0.8701951415470557,0.8756777490888958,-0.9344147514212062,-0.02936850116615508,-1.8100925005101018,-0.8864569211717805,-0.7338487870811317,-2.936209106338822,-2.6238448788172297,-1.8116838260445358,-1.4874711879515359,1.8809163610207436,0.7223582394303499,-0.06774798223780971,0.8264638453547885,-0.8701951415470557,0.2520053563567093,-0.9065527652336843,-0.32727370443848747,-1.1585581215903935,-1.5303761963408515,-1.3696579225959302,-2.9098826868753838,-2.7240100545972328,-2.114509001107089,-1.825816634141248
2022-06-14T00:00:00.000,2.2642410290391735,0.4541485285290715,-0.3080957069515663,0.8264638453547885,-0.8701951415470557,0.8756777490888958,-0.9344147514212062,-0.02936850116615508,-1.8100925005101018,-0.8835758294919775,-0.7097281216291595,-2.9302822721640176,-2.4545923598995714,-1.8047140596171465,-1.4752802951719381,2.2642410290391735,0.4541485285290715,-0.3080957069515663,0.8264638453547885,-0.8701951415470557,0.8756777490888958,-0.9344147514212062,-0.02936850116615508,-1.8100925005101018,-0.8864569211717805,-0.7338487870811317,-2.936209106338822,-2.6238448788172297,-1.8116838260445358,-1.4874711879515359
2022-06-21T00:00:00.000,2.2642410290391735,0.4541485285290715,-0.3080957069515663,0.8264638453547885,-0.8701951415470557,0.8756777490888958,-0.9344147514212062,-0.02936850116615508,-1.8100925005101018,-0.8806947378121746,-0.6877602791194406,-2.924355437989213,-2.285254302270979,-1.797744293189757,-1.3687483846578705,2.2642410290391735,0.4541485285290715,-0.3080957069515663,0.8264638453547885,-0.8701951415470557,0.8756777490888958,-0.9344147514212062,-0.02936850116615508,-1.8100925005101018,-0.8835758294919775,-0.7097281216291595,-2.9302822721640176,-2.4545923598995714,-1.8047140596171465,-1.4752802951719381
2022-06-28T00:00:00.000,2.2642410290391735,0.4541485285290715,-0.4220216146238419,0.8264638453547885,-0.8701951415470557,0.9896036567611715,-0.8204888437489306,0.08455740650612054,-1.8100925005101018,-0.7554115842859144,-0.5652438689804482,-2.810429530316938,-2.1011471300193145,-1.662822284991452,-1.1399488369884985,2.2642410290391735,0.4541485285290715,-0.3080957069515663,0.8264638453547885,-0.8701951415470557,0.8756777490888958,-0.9344147514212062,-0.02936850116615508,-1.8100925005101018,-0.8806947378121746,-0.6877602791194406,-2.924355437989213,-2.285254302270979,-1.797744293189757,-1.3687483846578705
2022-07-05T00:00:00.000,2.2642410290391735,0.4541485285290715,-0.7225607154474317,0.8264638453547885,-0.8701951415470557,1.290142757584761,-0.5199497429253408,0.3850965073297101,-1.8100925005101018,-0.4435152376083402,-0.2599521499194042,-2.509890429493348,-1.7564837597252922,-1.3412870836418334,-0.809947649433437,2.2642410290391735,0.4541485285290715,-0.4220216146238419,0.8264638453547885,-0.8701951415470557,0.9896036567611715,-0.8204888437489306,0.08455740650612054,-1.8100925005101018,-0.7554115842859144,-0.5652438689804482,-2.810429530316938,-2.1011471300193145,-1.662822284991452,-1.1399488369884985
2022-07-12T00:00:00.000,2.2642410290391735,0.4541485285290715,-1.117442714107194,0.8264638453547885,-0.8701951415470557,1.6850247562445233,-0.12506774426557854,0.7799785059894724,-1.8100925005101018,-0.046809608927622204,0.13492984874035807,-2.114607970177605,-1.264285879726414,-0.9396594888229697,-0.3274480554988952,2.2642410290391735,0.4541485285290715,-0.7225607154474317,0.8264638453547885,-0.8701951415470557,1.290142757584761,-0.5199497429253408,0.3850965073297101,-1.8100925005101018,-0.4435152376083402,-0.2599521499194042,-2.509890429493348,-1.7564837597252922,-1.3412870836418334,-0.809947649433437
2022-07-19T00:00:00.000,2.4449275875888086,0.4541485285290715,-1.3267280899947302,0.598848626772071,-1.0596023061457758,2.113204744665692,0.1224256856059549,1.1178152151358236,-1.990779059059737,0.3795467494725906,0.5631098371615266,-1.8667140796500905,-0.8529748183984848,-0.595077183517517,0.04028495911342267,2.2642410290391735,0.4541485285290715,-1.117442714107194,0.8264638453547885,-0.8701951415470557,1.6850247562445233,-0.12506774426557854,0.7799785059894724,-1.8100925005101018,-0.046809608927622204,0.13492984874035807,-2.114607970177605,-1.264285879726414,-0.9396594888229697,-0.3274480554988952
2022-07-26T00:00:00.000,2.4449275875888086,0.09180336344307938,-1.3267280899947302,0.598848626772071,-1.0596023061457758,2.113204744665692,-0.239919479480037,0.9366426325928274,-2.3531242241457293,0.36818950361860603,0.5631098371615266,-2.2289200763885235,-1.128615803512501,-0.7715626591229068,-0.05030133215807553,2.4449275875888086,0.4541485285290715,-1.3267280899947302,0.598848626772071,-1.0596023061457758,2.113204744665692,0.1224256856059549,1.1178152151358236,-1.990779059059737,0.3795467494725906,0.5631098371615266,-1.8667140796500905,-0.8529748183984848,-0.595077183517517,0.04028495911342267
2022-08-02T00:00:00.000,2.4449275875888086,0.8513672958221734,-1.3267280899947302,0.598848626772071,-1.0596023061457758,2.113204744665692,0.5196444528990569,1.3164245987823748,-1.5935602917666352,0.35683225776462146,0.5631098371615266,-1.4692169756618703,-0.3387813341495971,-0.3870935859957527,0.3294806340314719,2.4449275875888086,0.09180336344307938,-1.3267280899947302,0.598848626772071,-1.0596023061457758,2.113204744665692,-0.239919479480037,0.9366426325928274,-2.3531242241457293,0.36818950361860603,0.5631098371615266,-2.2289200763885235,-1.128615803512501,-0.7715626591229068,-0.05030133215807553
2022-08-09T00:00:00.000,2.4449275875888086,1.2839731939123176,-1.7306650870585578,-0.4220216146238419,-1.3946741657578714,3.202940123513337,2.041985729836846,2.6224629266750914,-1.160954393676491,1.4436865449324634,1.6528452160091716,0.05298513292835971,1.183559942788192,0.9142576349593572,1.6355189619241886,2.4449275875888086,0.8513672958221734,-1.3267280899947302,0.598848626772071,-1.0596023061457758,2.113204744665692,0.5196444528990569,1.3164245987823748,-1.5935602917666352,0.35683225776462146,0.5631098371615266,-1.4692169756618703,-0.3387813341495971,-0.3870935859957527,0.3294806340314719
2022-08-16T00:00:00.000,2.4449275875888086,1.5138410478197732,-1.801531394302663,-0.7225607154474317,-1.5903154290828159,3.3787042682560875,2.447617728487052,2.91316099837157,-0.9310865397690353,1.6165695979954111,1.8286093607519223,0.45847796323100676,1.5891919414383981,1.2002685997182292,1.926217033620667,2.4449275875888086,1.2839731939123176,-1.7306650870585578,-0.4220216146238419,-1.3946741657578714,3.202940123513337,2.041985729836846,2.6224629266750914,-1.160954393676491,1.4436865449324634,1.6528452160091716,0.05298513292835971,1.183559942788192,0.9142576349593572,1.6355189619241886
2022-08-23T00:00:00.000,2.4449275875888086,1.5138410478197732,-1.8937434269663889,-1.002232609054458,-1.4653300924031418,3.8755735312065136,2.9444869914374783,3.410030261321996,-0.9310865397690353,2.093191978508953,2.3254786237023484,0.954946765525452,2.086061204388824,1.6903922665095539,2.423086296571093,2.4449275875888086,1.5138410478197732,-1.801531394302663,-0.7225607154474317,-1.5903154290828159,3.3787042682560875,2.447617728487052,2.91316099837157,-0.9310865397690353,1.6165695979954111,1.8286093607519223,0.45847796323100676,1.5891919414383981,1.2002685997182292,1.926217033620667
2022-08-30T00:00:00.000,2.4449275875888086,1.5569688083981836,-1.8937434269663889,-1.002232609054458,-1.2185560204559251,4.122347603153731,3.2343888239631053,3.6783682135584175,-0.8879587791906249,2.3197191680192857,2.5722526956495657,1.2444481373950982,2.3759630369144515,1.951984622586874,2.6914242488075146,2.4449275875888086,1.5138410478197732,-1.8937434269663889,-1.002232609054458,-1.4653300924031418,3.8755735312065136,2.9444869914374783,3.410030261321996,-0.9310865397690353,2.093191978508953,2.3254786237023484,0.954946765525452,2.086061204388824,1.6903922665095539,2.423086296571093
2022-09-06T00:00:00.000,2.3228188597323522,1.5569688083981836,-1.8937434269663889,-1.002232609054458,-1.2185560204559251,4.000238875297274,3.2343888239631053,3.61731384963019,-0.7658500513341686,2.197610440162829,2.450143967793109,1.2444481373950982,2.3759630369144515,1.8699341581326174,2.630369884879287,2.4449275875888086,1.5569688083981836,-1.8937434269663889,-1.002232609054458,-1.2185560204559251,4.122347603153731,3.2343888239631053,3.6783682135584175,-0.8879587791906249,2.3197191680192857,2.5722526956495657,1.2444481373950982,2.3759630369144515,1.951984622586874,2.6914242488075146
2022-09-13T00:00:00.000,2.3228188597323522,1.5569688083981836,-1.8937434269663889,-1.002232609054458,-1.2185560204559251,4.000238875297274,3.2343888239631053,3.61731384963019,-0.7658500513341686,2.197610440162829,2.450143967793109,1.2444481373950982,2.3759630369144515,1.8489380576065881,2.630369884879287,2.3228188597323522,1.5569688083981836,-1.8937434269663889,-1.002232609054458,-1.2185560204559251,4.000238875297274,3.2343888239631053,3.61731384963019,-0.7658500513341686,2.197610440162829,2.450143967793109,1.2444481373950982,2.3759630369144515,1.8699341581326174,2.630369884879287
2022-09-20T00:00:00.000,2.3228188597323522,1.7458467376800353,-1.8937434269663889,-1.2490394124158501,-1.2185560204559251,4.247045678658666,3.670073556606349,3.958559617632508,-0.576972122052317,2.436728357632392,2.696950771154501,1.6742060358635376,2.8116477695576947,2.1832140591815166,2.971615652881605,2.3228188597323522,1.5569688083981836,-1.8937434269663889,-1.002232609054458,-1.2185560204559251,4.000238875297274,3.2343888239631053,3.61731384963019,-0.7658500513341686,2.197610440162829,2.450143967793109,1.2444481373950982,2.3759630369144515,1.8489380576065881,2.630369884879287
2022-09-27T00:00:00.000,2.1972594709319964,1.7458467376800353,-1.8937434269663889,-1.2490394124158501,-1.2185560204559251,4.121486289858311,3.670073556606349,3.89577992323233,-0.4514127332519611,2.303480082940208,2.5713913823541454,1.6682792016887333,2.8116477695576947,2.113464598353949,2.908835958481427,2.3228188597323522,1.7458467376800353,-1.8937434269663889,-1.2490394124158501,-1.2185560204559251,4.247045678658666,3.670073556606349,3.958559617632508,-0.576972122052317,2.436728357632392,2.696950771154501,1.6742060358635376,2.8116477695576947,2.1832140591815166,2.971615652881605
2022-10-04T00:00:00.000,2.1972594709319964,1.7458467376800353,-1.8937434269663889,-1.0276880555021304,-1.2185560204559251,3.9001349329445905,3.4487221996926296,3.6744285663186096,-0.4514127332519611,2.068505193490104,2.3500400254404252,1.4453922780509303,2.5902964126439754,1.887193269650008,2.6874846015677067,2.1972594709319964,1.7458467376800353,-1.8937434269663889,-1.2490394124158501,-1.2185560204559251,4.121486289858311,3.670073556606349,3.89577992323233,-0.4514127332519611,2.303480082940208,2.5713913823541454,1.6682792016887333,2.8116477695576947,2.113464598353949,2.908835958481427
2022-10-11T00:00:00.000,2.1972594709319964,1.7458467376800353,-1.6641556705096523,-1.0276880555021304,-1.2185560204559251,3.6705471764878537,3.219134443235893,3.4448408098618737,-0.4514127332519611,1.8252939044969834,2.115699650746234,1.2142689548701098,2.3607086561872386,1.652685541403051,2.457896845110971,2.1972594709319964,1.7458467376800353,-1.8937434269663889,-1.0276880555021304,-1.2185560204559251,3.9001349329445905,3.4487221996926296,3.6744285663186096,-0.4514127332519611,2.068505193490104,2.3500400254404252,1.4453922780509303,2.5902964126439754,1.887193269650008,2.6874846015677067
2022-10-18T00:00:00.000,2.1972594709319964,1.7458467376800353,-1.6197844615299068,-1.0276880555021304,-1.3586557703473339,3.4860762176166995,3.0346634843647387,3.2603698509907195,-0.4514127332519611,1.6374473183927765,1.922638189408363,1.0218140451077131,2.1762376973160844,1.4528326934986775,2.2734258862398167,2.1972594709319964,1.7458467376800353,-1.6641556705096523,-1.0276880555021304,-1.2185560204559251,3.6705471764878537,3.219134443235893,3.4448408098618737,-0.4514127332519611,1.8252939044969834,2.115699650746234,1.2142689548701098,2.3607086561872386,1.652685541403051,2.457896845110971
2022-10-25T00:00:00.000,2.1972594709319964,1.7458467376800353,-1.6197844615299068,-1.0276880555021304,-1.4255209260552257,3.4192110619088076,2.967798328656847,3.1935046952828277,-0.4514127332519611,1.5672065354518319,1.8557730337004712,0.9469649385085792,2.1093725416081925,1.370585648757566,2.206560730531925,2.1972594709319964,1.7458467376800353,-1.6197844615299068,-1.0276880555021304,-1.3586557703473339,3.4860762176166995,3.0346634843647387,3.2603698509907195,-0.4514127332519611,1.6374473183927765,1.922638189408363,1.0218140451077131,2.1762376973160844,1.4528326934986775,2.2734258862398167
2022-11-01T00:00:00.000,2.1972594709319964,1.7458467376800353,-1.608150966705082,-1.0276880555021304,-1.4255209260552257,3.407577567083983,2.9561648338320214,3.1818712004580023,-0.4514127332519611,1.5536118705766562,1.8441395388756467,0.9353314436837539,2.097739046783367,1.3528535145423055,2.1949272357070995,2.1972594709319964,1.7458467376800353,-1.6197844615299068,-1.0276880555021304,-1.4255209260552257,3.4192110619088076,2.967798328656847,3.1935046952828277,-0.4514127332519611,1.5672065354518319,1.8557730337004712,0.9469649385085792,2.1093725416081925,1.370585648757566,2.206560730531925
2022-11-08T00:00:00.000,1.5963208781912097,1.3758442751924418,-1.608150966705082,-1.0276880555021304,-1.4295800224155155,2.8025798779829065,2.5821032749841386,2.692341576483523,-0.22047660299876792,0.9466530114252283,1.23914184977457,0.561269884835871,1.7236774879354846,0.857225251177391,1.7053976117326202,2.1972594709319964,1.7458467376800353,-1.608150966705082,-1.0276880555021304,-1.4255209260552257,3.407577567083983,2.9561648338320214,3.1818712004580023,-0.4514127332519611,1.5536118705766562,1.8441395388756467,0.9353314436837539,2.097739046783367,1.3528535145423055,2.1949272357070995
2022-11-15T00:00:00.000,0.6190583124039308,0.8687572765075011,-1.608150966705082,-0.7454162594490331,-1.4295800224155155,1.5430455161425303,1.792744480246101,1.6678949981943156,0.2496989641035703,-0.31092018036479674,-0.011802009599089391,-0.22808890990216657,0.934318693197447,-0.16112268772138116,0.6809510334434127,1.5963208781912097,1.3758442751924418,-1.608150966705082,-1.0276880555021304,-1.4295800224155155,2.8025798779829065,2.5821032749841386,2.692341576483523,-0.22047660299876792,0.9466530114252283,1.23914184977457,0.561269884835871,1.7236774879354846,0.857225251177391,1.7053976117326202
2022-11-22T00:00:00.000,0.5006197792732254,0.5494750019206218,-1.608150966705082,-0.7454162594490331,-1.4295800224155155,1.424606983011825,1.4734622056592213,1.4490345943355232,0.04885522264739639,-0.4273975434451507,-0.12548792449234014,-0.5473711844890463,0.6150364186105672,-0.3738844521897384,0.4620906295846202,0.6190583124039308,0.8687572765075011,-1.608150966705082,-0.7454162594490331,-1.4295800224155155,1.5430455161425303,1.792744480246101,1.6678949981943156,0.2496989641035703,-0.31092018036479674,-0.011802009599089391,-0.22808890990216657,0.934318693197447,-0.16112268772138116,0.6809510334434127
2022-11-29T00:00:00.000,0.5006197792732254,0.5494750019206218,-1.608150966705082,-0.7454162594490331,-1.252236326428135,1.6019506789992053,1.6508059016466015,1.6263782903229034,0.04885522264739639,-0.24667822022471775,0.05185577149504006,-0.36204353761042407,0.7923801145979474,-0.18115886716913865,0.6394343255720004,0.5006197792732254,0.5494750019206218,-1.608150966705082,-0.7454162594490331,-1.4295800224155155,1.424606983011825,1.4734622056592213,1.4490345943355232,0.04885522264739639,-0.4273975434451507,-0.12548792449234014,-0.5473711844890463,0.6150364186105672,-0.3738844521897384,0.4620906295846202
2022-12-06T00:00:00.000,0.40261265108961314,0.5494750019206218,-1.6006762621377624,-0.7454162594490331,-0.5699579630839384,2.17874720959247,2.3256095604234788,2.252178385007974,0.14686235083100868,0.32674268313549426,0.6286523020883048,0.3047761702752112,1.4671837733748248,0.4292593384827126,1.2652344202570713,0.5006197792732254,0.5494750019206218,-1.608150966705082,-0.7454162594490331,-1.252236326428135,1.6019506789992053,1.6508059016466015,1.6263782903229034,0.04885522264739639,-0.24667822022471775,0.05185577149504006,-0.36204353761042407,0.7923801145979474,-0.18115886716913865,0.6394343255720004
2022-12-13T00:00:00.000,0.22982876871028224,0.30766639722013417,-1.6006762621377624,-0.7454162594490331,-0.5699579630839384,2.005963327213139,2.083800955722991,2.044882141468065,0.07783762850985193,0.15199763070581218,0.45586841970897396,0.0629675655747235,1.225375168674337,0.21586445555236833,1.0579381767171623,0.40261265108961314,0.5494750019206218,-1.6006762621377624,-0.7454162594490331,-0.5699579630839384,2.17874720959247,2.3256095604234788,2.252178385007974,0.14686235083100868,0.32674268313549426,0.6286523020883048,0.3047761702752112,1.4671837733748248,0.4292593384827126,1.2652344202570713
2022-12-20T00:00:00.000,0.13112787483978627,0.2948022624269259,-1.6006762621377624,-0.7454162594490331,-0.5699579630839384,1.9072624333426433,2.070936820929783,1.9890996271362131,0.16367438758713965,0.05133556678496509,0.3571675258384781,0.05010343078151536,1.212511033881129,0.15398330183008113,1.0021556623853103,0.22982876871028224,0.30766639722013417,-1.6006762621377624,-0.7454162594490331,-0.5699579630839384,2.005963327213139,2.083800955722991,2.044882141468065,0.07783762850985193,0.15199763070581218,0.45586841970897396,0.0629675655747235,1.225375168674337,0.21586445555236833,1.0579381767171623
2022-12-27T00:00:00.000,-0.13581118264302963,-0.021556311003693148,-1.6006762621377624,-0.7454162594490331,-0.5699579630839384,1.6403233758598272,1.7545782474991638,1.6974508116794955,0.11425487163933648,-0.21364232064749977,0.090228468355662,-0.26625514264910377,0.8961524604505098,-0.13156687423620128,0.7105068469285926,0.13112787483978627,0.2948022624269259,-1.6006762621377624,-0.7454162594490331,-0.5699579630839384,1.9072624333426433,2.070936820929783,1.9890996271362131,0.16367438758713965,0.05133556678496509,0.3571675258384781,0.05010343078151536,1.212511033881129,0.15398330183008113,1.0021556623853103
2023-01-03T00:00:00.000,-0.13581118264302963,-0.021556311003693148,-1.6006762621377624,-0.7694737693036044,-0.5699579630839384,1.6643808857143987,1.7786357573537352,1.721508321534067,0.11425487163933648,-0.1876236407425771,0.11428597821023345,-0.24219763279453232,0.9202099703050812,-0.10141072499119463,0.734564356783164,-0.13581118264302963,-0.021556311003693148,-1.6006762621377624,-0.7454162594490331,-0.5699579630839384,1.6403233758598272,1.7545782474991638,1.6974508116794955,0.11425487163933648,-0.21364232064749977,0.090228468355662,-0.26625514264910377,0.8961524604505098,-0.13156687423620128,0.7105068469285926
2023-01-10T00:00:00.000,-0.13581118264302963,-0.021556311003693148,-1.4885263142073135,-0.7694737693036044,-0.5699579630839384,1.5522309377839498,1.6664858094232864,1.609358373603618,0.11425487163933648,-0.2963979614399732,0.0021360302797845954,-0.34636362983373914,0.8080600223746324,-0.19817878388842392,0.6224144088527152,-0.13581118264302963,-0.021556311003693148,-1.6006762621377624,-0.7694737693036044,-0.5699579630839384,1.6643808857143987,1.7786357573537352,1.721508321534067,0.11425487163933648,-0.1876236407425771,0.11428597821023345,-0.24219763279453232,0.9202099703050812,-0.10141072499119463,0.734564356783164
2023-01-17T00:00:00.000,-0.13581118264302963,-0.0731508741260848,-1.4651741066474877,-0.542247076802169,-0.5699579630839384,1.3016520377226886,1.3643123462396334,1.332982191981161,0.06266030851694483,-0.5436012342681817,-0.24486420799119935,-0.6405531421261497,0.5058865591909794,-0.4591730764776616,0.3460382272302581,-0.13581118264302963,-0.021556311003693148,-1.4885263142073135,-0.7694737693036044,-0.5699579630839384,1.5522309377839498,1.6664858094232864,1.609358373603618,0.11425487163933648,-0.2963979614399732,0.0021360302797845954,-0.34636362983373914,0.8080600223746324,-0.19817878388842392,0.6224144088527152
2023-01-24T00:00:00.000,-0.13581118264302963,0.017637606339341083,-1.4651741066474877,-0.542247076802169,-0.6308827568701243,1.2407272439365027,1.3941760329188735,1.3174516384276882,0.15344878898237072,-0.5909024955179838,-0.243099005640675,-0.6091538887228258,0.5357502458702195,-0.4697836582409134,0.33050767367678524,-0.13581118264302963,-0.0731508741260848,-1.4651741066474877,-0.542247076802169,-0.5699579630839384,1.3016520377226886,1.3643123462396334,1.332982191981161,0.06266030851694483,-0.5436012342681817,-0.24486420799119935,-0.6405531421261497,0.5058865591909794,-0.4591730764776616,0.3460382272302581
2023-01-31T00:00:00.000,0.03552358819721023,0.5849704828864816,-1.4143026766276312,-0.542247076802169,-0.6308827568701243,1.3611905847568861,1.9106374794461574,1.6359140321015218,0.5494468946892713,-0.45681562216121674,-0.03170819912746947,-0.09115687547145823,1.0522116923975033,-0.14640129277685898,0.6489700673506188,-0.13581118264302963,0.017637606339341083,-1.4651741066474877,-0.542247076802169,-0.6308827568701243,1.2407272439365027,1.3941760329188735,1.3174516384276882,0.15344878898237072,-0.5909024955179838,-0.243099005640675,-0.6091538887228258,0.5357502458702195,-0.4697836582409134,0.33050767367678524
2023-02-07T00:00:00.000,0.03552358819721023,0.5849704828864816,-1.4143026766276312,-0.542247076802169,-0.874894847859913,1.1171784937670974,1.6666253884563687,1.391901941111733,0.5494468946892713,-0.6931388272591765,-0.21424281747269003,-0.3292421322864427,0.8081996014077146,-0.38344361733925836,0.4049579763608301,0.03552358819721023,0.5849704828864816,-1.4143026766276312,-0.542247076802169,-0.6308827568701243,1.3611905847568861,1.9106374794461574,1.6359140321015218,0.5494468946892713,-0.45681562216121674,-0.03170819912746947,-0.09115687547145823,1.0522116923975033,-0.14640129277685898,0.6489700673506188
2023-02-14T00:00:00.000,0.03552358819721023,1.0962305248136732,-1.118572159243753,-0.3412075452419699,-0.517890739352921,0.9774125533300122,2.0381194899464754,1.5077660216382438,1.060706936616463,-0.8252158818044331,-0.3184848443237125,0.03632513502885981,1.1796937028978214,-0.26060977038535804,0.5208220568873408,0.03552358819721023,0.5849704828864816,-1.4143026766276312,-0.542247076802169,-0.874894847859913,1.1171784937670974,1.6666253884563687,1.391901941111733,0.5494468946892713,-0.6931388272591765,-0.21424281747269003,-0.3292421322864427,0.8081996014077146,-0.38344361733925836,0.4049579763608301
2023-02-21T00:00:00.000,0.03552358819721023,1.172428741543191,-1.118572159243753,-0.3412075452419699,-0.517890739352921,0.9774125533300122,2.114317706675993,1.5458651300030026,1.1369051533459809,-0.8252158818044331,-0.3184848443237125,0.11098778503429374,1.255891919627339,-0.20151456149456992,0.5589211652520997,0.03552358819721023,1.0962305248136732,-1.118572159243753,-0.3412075452419699,-0.517890739352921,0.9774125533300122,2.0381194899464754,1.5077660216382438,1.060706936616463,-0.8252158818044331,-0.3184848443237125,0.03632513502885981,1.1796937028978214,-0.26060977038535804,0.5208220568873408
2023-02-28T00:00:00.000,0.03552358819721023,1.172428741543191,-1.118572159243753,-0.266477820378598,-0.4527631987602008,0.9678103690593605,2.1047155224053413,1.536262945732351,1.1369051533459809,-0.8348180660750848,-0.3280870285943642,0.09985003403955828,1.2462897353566873,-0.1901206452391926,0.5493189809814479,0.03552358819721023,1.172428741543191,-1.118572159243753,-0.3412075452419699,-0.517890739352921,0.9774125533300122,2.114317706675993,1.5458651300030026,1.1369051533459809,-0.8252158818044331,-0.3184848443237125,0.11098778503429374,1.255891919627339,-0.20151456149456992,0.5589211652520997
2023-03-07T00:00:00.000,0.4064706014429546,1.347993898146878,-1.118572159243753,-0.045805026270421226,-0.08594778656965815,1.4849000003874706,2.4264232970913944,1.9556616487394323,0.9415232967039233,-0.2974815523100902,0.18900260273374592,0.41357385783436884,1.5679975100427404,0.20828195724185972,0.9687176839885293,0.03552358819721023,1.172428741543191,-1.118572159243753,-0.266477820378598,-0.4527631987602008,0.9678103690593605,2.1047155224053413,1.536262945732351,1.1369051533459809,-0.8348180660750848,-0.3280870285943642,0.09985003403955828,1.2462897353566873,-0.1901206452391926,0.5493189809814479
2023-03-14T00:00:00.000,1.2732825652077766,1.5973194607652093,-1.118572159243753,-0.045805026270421226,-0.08594778656965815,2.3517119641522926,2.6757488597097256,2.513730411931009,0.32403689555743265,0.5490835290178473,1.0558145664985679,0.6549154695614581,1.8173230726610716,0.7453546199074073,1.5267864471801063,0.4064706014429546,1.347993898146878,-1.118572159243753,-0.045805026270421226,-0.08594778656965815,1.4849000003874706,2.4264232970913944,1.9556616487394323,0.9415232967039233,-0.2974815523100902,0.18900260273374592,0.41357385783436884,1.5679975100427404,0.20828195724185972,0.9687176839885293
2023-03-21T00:00:00.000,1.6462788726409954,1.5973194607652093,-1.6497765123419956,-0.045805026270421226,-0.08594778656965815,3.2559126246837544,3.206953212807968,3.231432918745861,-0.04895941187578612,1.4532841895493092,1.9600152270300297,1.1861198226597005,2.318256888775504,1.4560873602948696,2.15390266272346,1.2732825652077766,1.5973194607652093,-1.118572159243753,-0.045805026270421226,-0.08594778656965815,2.3517119641522926,2.6757488597097256,2.513730411931009,0.32403689555743265,0.5490835290178473,1.0558145664985679,0.6549154695614581,1.8173230726610716,0.7453546199074073,1.5267864471801063
2023-03-28T00:00:00.000,1.6462788726409954,1.5973194607652093,-2.462034213909134,-0.045805026270421226,-0.08594778656965815,4.068170326250892,4.019210914375106,4.043690620312999,-0.04895941187578612,2.265541891116447,2.7722729285971677,1.998377524226838,3.043810410370666,2.2613752954346182,2.8959790997112087,1.6462788726409954,1.5973194607652093,-1.6497765123419956,-0.045805026270421226,-0.08594778656965815,3.2559126246837544,3.206953212807968,3.231432918745861,-0.04895941187578612,1.4532841895493092,1.9600152270300297,1.1861198226597005,2.318256888775504,1.4560873602948696,2.15390266272346
2023-04-04T00:00:00.000,1.6462788726409954,1.5973194607652093,-2.462034213909134,-0.045805026270421226,-0.08594778656965815,4.068170326250892,4.019210914375106,4.043690620312999,-0.04895941187578612,2.2578530052246184,2.736749015011105,1.996385056722226,2.8597903490595744,2.2564553236443974,2.848646463549852,1.6462788726409954,1.5973194607652093,-2.462034213909134,-0.045805026270421226,-0.08594778656965815,4.068170326250892,4.019210914375106,4.043690620312999,-0.04895941187578612,2.265541891116447,2.7722729285971677,1.998377524226838,3.043810410370666,2.2613752954346182,2.8959790997112087
2023-04-11T00:00:00.000,1.6462788726409954,1.5973194607652093,-2.462034213909134,-0.045805026270421226,-0.08594778656965815,4.068170326250892,4.019210914375106,4.043690620312999,-0.04895941187578612,2.2501641193327897,2.675271542366537,1.9943925892176142,2.708686517927965,2.2515353518541765,2.81918437681838,1.6462788726409954,1.5973194607652093,-2.462034213909134,-0.045805026270421226,-0.08594778656965815,4.068170326250892,4.019210914375106,4.043690620312999,-0.04895941187578612,2.2578530052246184,2.736749015011105,1.996385056722226,2.8597903490595744,2.2564553236443974,2.848646463549852
2023-04-18T00:00:00.000,1.6462788726409954,1.5973194607652093,-2.462034213909134,-0.045805026270421226,-0.08594778656965815,4.068170326250892,4.019210914375106,4.043690620312999,-0.04895941187578612,2.236540586796406,2.6134168345512445,1.9910723040297222,2.639966724795852,2.236153462820957,2.767212321156461,1.6462788726409954,1.5973194607652093,-2.462034213909134,-0.045805026270421226,-0.08594778656965815,4.068170326250892,4.019210914375106,4.043690620312999,-0.04895941187578612,2.2501641193327897,2.675271542366537,1.9943925892176142,2.708686517927965,2.2515353518541765,2.81918437681838
2023-04-25T00:00:00.000,1.6462788726409954,1.5973194607652093,-2.462034213909134,-0.9132255317259407,-0.9113100961263946,4.110228522149676,4.061269110273889,4.085748816211782,-0.04895941187578612,2.2649752501588054,2.5962557638846753,2.029810214740613,2.6656316059077394,2.2628297696865207,2.768810697606751,1.6462788726409954,1.5973194607652093,-2.462034213909134,-0.045805026270421226,-0.08594778656965815,4.068170326250892,4.019210914375106,4.043690620312999,-0.04895941187578612,2.236540586796406,2.6134168345512445,1.9910723040297222,2.639966724795852,2.236153462820957,2.767212321156461
2023-05-02T00:00:00.000,1.6462788726409954,0.45145535822351196,-2.462034213909134,-1.32938998237822,-1.8339153121701355,3.603787756758214,2.4089642423407307,3.006375999549472,-1.1948235144174835,1.755158857534291,2.057271511044326,0.37706650616334425,0.9736836516044072,1.177358313633775,1.6811590843450472,1.6462788726409954,1.5973194607652093,-2.462034213909134,-0.9132255317259407,-0.9113100961263946,4.110228522149676,4.061269110273889,4.085748816211782,-0.04895941187578612,2.2649752501588054,2.5962557638846753,2.029810214740613,2.6656316059077394,2.2628297696865207,2.768810697606751
2023-05-09T00:00:00.000,0.9406352156561701,0.3692871673318548,-2.462034213909134,-1.32938998237822,-1.8339153121701355,2.898144099773389,2.3267960514490733,2.612470075611231,-0.5713480483243154,1.0461395733164132,1.347035143238791,0.2944594746275766,0.76843682804781,0.7773537503050991,1.250028009064784,1.6462788726409954,0.45145535822351196,-2.462034213909134,-1.32938998237822,-1.8339153121701355,3.603787756758214,2.4089642423407307,3.006375999549472,-1.1948235144174835,1.755158857534291,2.057271511044326,0.37706650616334425,0.9736836516044072,1.177358313633775,1.6811590843450472
2023-05-16T00:00:00.000,0.6958278244876295,0.5765790333424639,-2.326292054014435,-1.32938998237822,-1.8339153121701355,2.517594548710149,2.398345757564983,2.457970153137566,-0.11924879114516562,0.6636288522028222,0.9617329739380971,0.36311772418099686,0.7513146861700297,0.6164807306678317,1.037501885413938,0.9406352156561701,0.3692871673318548,-2.462034213909134,-1.32938998237822,-1.8339153121701355,2.898144099773389,2.3267960514490733,2.612470075611231,-0.5713480483243154,1.0461395733164132,1.347035143238791,0.2944594746275766,0.76843682804781,0.7773537503050991,1.250028009064784
2023-05-23T00:00:00.000,0.6958278244876295,0.5765790333424639,-2.326292054014435,-0.48663639182745055,-1.9046328892316278,1.6041233810978877,1.4848745899527216,1.5444989855253046,-0.11924879114516562,-0.24788114535908812,0.04068535288955122,-0.5474619868687751,-0.16215648144223183,-0.2906173397808274,0.08667691185158,0.6958278244876295,0.5765790333424639,-2.326292054014435,-1.32938998237822,-1.8339153121701355,2.517594548710149,2.398345757564983,2.457970153137566,-0.11924879114516562,0.6636288522028222,0.9617329739380971,0.36311772418099686,0.7513146861700297,0.6164807306678317,1.037501885413938
2023-05-30T00:00:00.000,0.6958278244876295,0.5765790333424639,-2.326292054014435,-0.48663639182745055,-2.0632140710305125,1.445542199299003,1.326293408153837,1.38591780372642,-0.11924879114516562,-0.4030866999249201,-0.11789582890933348,-0.7056043280235496,-0.3207376632411165,-0.4430998821892769,-0.0719042699473047,0.6958278244876295,0.5765790333424639,-2.326292054014435,-0.48663639182745055,-1.9046328892316278,1.6041233810978877,1.4848745899527216,1.5444989855253046,-0.11924879114516562,-0.24788114535908812,0.04068535288955122,-0.5474619868687751,-0.16215648144223183,-0.2906173397808274,0.08667691185158
2023-06-06T00:00:00.000,0.6958278244876295,0.5765790333424639,-2.1111235093847656,-0.48546962209443845,-1.6150089020246998,1.6774120539421338,1.5581632627969677,1.6177876583695507,-0.11924879114516562,-0.16784121804873653,0.09274479211427189,-0.47329563273630804,-0.08886780859798571,-0.20513138815571086,0.13059987104446558,0.6958278244876295,0.5765790333424639,-2.326292054014435,-0.48663639182745055,-2.0632140710305125,1.445542199299003,1.326293408153837,1.38591780372642,-0.11924879114516562,-0.4030866999249201,-0.11789582890933348,-0.7056043280235496,-0.3207376632411165,-0.4430998821892769,-0.0719042699473047
2023-06-13T00:00:00.000,0.6958278244876295,0.5765790333424639,-1.9992613942727802,-0.45568015110767046,-1.6150089020246998,1.5357604678433803,1.4165116766982147,1.4761360722707977,-0.11924879114516562,-0.2958692716111062,-0.04890679398448161,-0.6116269336471687,-0.23051939469673877,-0.33140108522124434,-0.01581497468372306,0.6958278244876295,0.5765790333424639,-2.1111235093847656,-0.48546962209443845,-1.6150089020246998,1.6774120539421338,1.5581632627969677,1.6177876583695507,-0.11924879114516562,-0.16784121804873653,0.09274479211427189,-0.47329563273630804,-0.08886780859798571,-0.20513138815571086,0.13059987104446558
2023-06-20T00:00:00.000,0.6958278244876295,0.5765790333424639,-1.9992613942727802,-0.12029973576121773,-1.6150089020246998,1.2003800524969275,1.0811312613517619,1.1407556569243449,-0.11924879114516562,-0.6176261544211754,-0.3842872093309344,-0.9436870638057295,-0.5658998100431916,-0.6513996115344778,-0.35119539003017586,0.6958278244876295,0.5765790333424639,-1.9992613942727802,-0.45568015110767046,-1.6150089020246998,1.5357604678433803,1.4165116766982147,1.4761360722707977,-0.11924879114516562,-0.2958692716111062,-0.04890679398448161,-0.6116269336471687,-0.23051939469673877,-0.33140108522124434,-0.01581497468372306
2023-06-27T00:00:00.000,0.6958278244876295,0.5765790333424639,-1.5460505594530773,-0.12029973576121773,-1.6150089020246998,0.7471692176772244,0.6279204265320593,0.6875448221046419,-0.11924879114516562,-1.0631481033490495,-0.8374980441506374,-1.3949054311208202,-1.0191106448628942,-1.0996904745639597,-0.8044062248498789,0.6958278244876295,0.5765790333424639,-1.9992613942727802,-0.12029973576121773,-1.6150089020246998,1.2003800524969275,1.0811312613517619,1.1407556569243449,-0.11924879114516562,-0.6176261544211754,-0.3842872093309344,-0.9436870638057295,-0.5658998100431916,-0.6513996115344778,-0.35119539003017586
2023-07-03T00:00:00.000,0.3365163711609083,0.462056615732308,-0.8502067781941072,0.12192008449446012,-1.4228190599416035,-0.3580159950810482,-0.23247575050964842,-0.2952458727953482,0.12554024457139967,-2.1606444302154935,-1.94268325690891,-2.253309140657916,-1.8795068219046018,-2.077561197673729,-1.787196919749869,0.6958278244876295,0.5765790333424639,-1.5460505594530773,-0.12029973576121773,-1.6150089020246998,0.7471692176772244,0.6279204265320593,0.6875448221046419,-0.11924879114516562,-1.0631481033490495,-0.8374980441506374,-1.3949054311208202,-1.0191106448628942,-1.0996904745639597,-0.8044062248498789
2023-07-11T00:00:00.000,-0.11656873067776446,0.462056615732308,-0.8502067781941072,0.2320922509317525,-0.6013904393277213,-0.0998446427431312,0.47878070366694137,0.18946803046190497,0.5786253464100725,-1.9024730778775765,-1.684511904570993,-1.5420526864813262,-1.168250367728012,-1.5858775279890864,-1.3024830164926158,0.3365163711609083,0.462056615732308,-0.8502067781941072,0.12192008449446012,-1.4228190599416035,-0.3580159950810482,-0.23247575050964842,-0.2952458727953482,0.12554024457139967,-2.1606444302154935,-1.94268325690891,-2.253309140657916,-1.8795068219046018,-2.077561197673729,-1.787196919749869
2023-07-18T00:00:00.000,-0.11656873067776446,0.24720493982501984,-0.5605353866453544,0.2320922509317525,-0.6013904393277213,-0.3895160342918839,-0.025742363789099665,-0.2076291990404917,0.3637736705027843,-2.1921444694263292,-1.9741832961197459,-2.0465757539373675,-1.672773435184053,-1.9760049910640936,-1.6995802459950125,-0.11656873067776446,0.462056615732308,-0.8502067781941072,0.2320922509317525,-0.6013904393277213,-0.0998446427431312,0.47878070366694137,0.18946803046190497,0.5786253464100725,-1.9024730778775765,-1.684511904570993,-1.5420526864813262,-1.168250367728012,-1.5858775279890864,-1.3024830164926158
2023-07-25T00:00:00.000,-0.3565116009392711,0.24720493982501984,-0.9105997252403386,0.2320922509317525,-0.6013904393277213,-0.2793945659584063,0.32432197480588454,0.022463704423739128,0.6037165407642909,-2.061776118655967,-1.8640618277862682,-1.688527464451141,-1.3227090965890689,-1.7249159870738335,-1.4694873425307815,-0.11656873067776446,0.24720493982501984,-0.5605353866453544,0.2320922509317525,-0.6013904393277213,-0.3895160342918839,-0.025742363789099665,-0.2076291990404917,0.3637736705027843,-2.1921444694263292,-1.9741832961197459,-2.0465757539373675,-1.672773435184053,-1.9760049910640936,-1.6995802459950125
2023-08-01T00:00:00.000,-0.3565116009392711,-0.3632387483143894,-0.9105997252403386,0.24985559142545932,-0.4570925359445998,-0.1528600030689915,-0.15958715044410987,-0.15622357675655074,-0.006727147375118314,-1.9149946733296679,-1.716298031277328,-2.164452638809893,-1.8066182218390634,-1.8826071677280942,-1.6481746237110715,-0.3565116009392711,0.24720493982501984,-0.9105997252403386,0.2320922509317525,-0.6013904393277213,-0.2793945659584063,0.32432197480588454,0.022463704423739128,0.6037165407642909,-2.061776118655967,-1.8640618277862682,-1.688527464451141,-1.3227090965890689,-1.7249159870738335,-1.4694873425307815
2023-08-08T00:00:00.000,-0.6665902359794902,-0.7510494133952005,-0.9105997252403386,0.24985559142545932,-0.4570925359445998,-0.46293863810921065,-0.547397815524921,-0.5051682268170659,-0.0844591774157103,-2.2221922166900843,-2.0188002128812625,-2.5507277371666204,-2.1944288869198743,-2.2291141830698713,-1.9971192737715866,-0.3565116009392711,-0.3632387483143894,-0.9105997252403386,0.24985559142545932,-0.4570925359445998,-0.1528600030689915,-0.15958715044410987,-0.15622357675655074,-0.006727147375118314,-1.9149946733296679,-1.716298031277328,-2.164452638809893,-1.8066182218390634,-1.8826071677280942,-1.6481746237110715
2023-08-15T00:00:00.000,-0.6665902359794902,-0.7510494133952005,-0.9105997252403386,0.24985559142545932,-0.4570925359445998,-0.46293863810921065,-0.547397815524921,-0.5051682268170659,-0.0844591774157103,-2.219311125010281,-2.0105768650724505,-2.5491921704425367,-2.1944288869198743,-2.226676548351133,-1.9971192737715866,-0.6665902359794902,-0.7510494133952005,-0.9105997252403386,0.24985559142545932,-0.4570925359445998,-0.46293863810921065,-0.547397815524921,-0.5051682268170659,-0.0844591774157103,-2.2221922166900843,-2.0188002128812625,-2.5507277371666204,-2.1944288869198743,-2.2291141830698713,-1.9971192737715866
2023-08-22T00:00:00.000,-0.7575371278677507,-0.7510494133952005,-0.9105997252403386,0.24985559142545932,-0.4570925359445998,-0.5538855299974712,-0.547397815524921,-0.550641672761196,0.0064877144725502545,-2.298900771044557,-2.0932885219904263,-2.543265336267732,-2.1944288869198743,-2.2678420328549,-2.0425927197157168,-0.6665902359794902,-0.7510494133952005,-0.9105997252403386,0.24985559142545932,-0.4570925359445998,-0.46293863810921065,-0.547397815524921,-0.5051682268170659,-0.0844591774157103,-2.219311125010281,-2.0105768650724505,-2.5491921704425367,-2.1944288869198743,-2.226676548351133,-1.9971192737715866
2023-08-29T00:00:00.000,-0.7185176812697178,-0.7510494133952005,-0.9105997252403386,0.30390570405698525,-0.4570925359445998,-0.5689161960309643,-0.601447928156447,-0.5851820620937056,-0.03253173212548266,-2.302574191224066,-2.07924643014639,-2.5913886147244543,-2.2484789995514003,-2.2980744607470465,-2.0771331090482263,-0.7575371278677507,-0.7510494133952005,-0.9105997252403386,0.24985559142545932,-0.4570925359445998,-0.5538855299974712,-0.547397815524921,-0.550641672761196,0.0064877144725502545,-2.298900771044557,-2.0932885219904263,-2.543265336267732,-2.1944288869198743,-2.2678420328549,-2.0425927197157168
2023-09-05T00:00:00.000,-0.7185176812697178,-0.6676353793004541,-0.9105997252403386,0.30390570405698525,-0.4570925359445998,-0.5689161960309643,-0.5180338940617006,-0.5434750450463325,0.05088230196926369,-2.3007505612031096,-2.034137295874201,-2.507974580629708,-2.1650649654566543,-2.2516803367620666,-2.0354260920008533,-0.7185176812697178,-0.7510494133952005,-0.9105997252403386,0.30390570405698525,-0.4570925359445998,-0.5689161960309643,-0.601447928156447,-0.5851820620937056,-0.03253173212548266,-2.302574191224066,-2.07924643014639,-2.5913886147244543,-2.2484789995514003,-2.2980744607470465,-2.0771331090482263
2023-09-12T00:00:00.000,-0.7185176812697178,-0.6676353793004541,-0.39430208567090896,0.30390570405698525,-0.4570925359445998,-1.085213835600394,-1.0343315336311303,-1.059772684615762,0.05088230196926369,-2.815224570751584,-2.5202884267558083,-3.0242722201991374,-2.6813626050260835,-2.76329086939389,-2.5517237315702825,-0.7185176812697178,-0.6676353793004541,-0.9105997252403386,0.30390570405698525,-0.4570925359445998,-0.5689161960309643,-0.5180338940617006,-0.5434750450463325,0.05088230196926369,-2.3007505612031096,-2.034137295874201,-2.507974580629708,-2.1650649654566543,-2.2516803367620666,-2.0354260920008533
2023-09-19T00:00:00.000,-0.7185176812697178,-0.6676353793004541,-0.39430208567090896,0.30390570405698525,-0.558483027944211,-1.1866043276000051,-1.1357220256307414,-1.1611631766153732,0.05088230196926369,-2.898550653153415,-2.6216789187554195,-3.1252622515427677,-2.7827530970256946,-2.8616476748441846,-2.6531142235698937,-0.7185176812697178,-0.6676353793004541,-0.39430208567090896,0.30390570405698525,-0.4570925359445998,-1.085213835600394,-1.0343315336311303,-1.059772684615762,0.05088230196926369,-2.815224570751584,-2.5202884267558083,-3.0242722201991374,-2.6813626050260835,-2.76329086939389,-2.5517237315702825
2023-09-26T00:00:00.000,-0.7185176812697178,-0.6676353793004541,-1.1494747856752565,0.30390570405698525,-0.558483027944211,-0.43143162759565756,-0.3805493256263939,-0.4059904766110257,0.05088230196926369,-2.1253135435512873,-1.8665062187510717,-2.3696890908824395,-2.0275803970213473,-2.1034412882905213,-1.8979415235655464,-0.7185176812697178,-0.6676353793004541,-0.39430208567090896,0.30390570405698525,-0.558483027944211,-1.1866043276000051,-1.1357220256307414,-1.1611631766153732,0.05088230196926369,-2.898550653153415,-2.6216789187554195,-3.1252622515427677,-2.7827530970256946,-2.8616476748441846,-2.6531142235698937
2023-10-03T00:00:00.000,-0.7185176812697178,-0.6676353793004541,-1.1494747856752565,0.7923664682800888,-0.558483027944211,-0.9198923918187611,-0.8690100898494975,-0.8944512408341293,0.05088230196926369,-2.6103711539216183,-2.354966982974175,-2.858010686757984,-2.516041161244451,-2.587301123706009,-2.38640228778865,-0.7185176812697178,-0.6676353793004541,-1.1494747856752565,0.30390570405698525,-0.558483027944211,-0.43143162759565756,-0.3805493256263939,-0.4059904766110257,0.05088230196926369,-2.1253135435512873,-1.8665062187510717,-2.3696890908824395,-2.0275803970213473,-2.1034412882905213,-1.8979415235655464
2023-10-10T00:00:00.000,-0.7185176812697178,-0.6676353793004541,-1.1494747856752565,0.7923664682800888,-0.558483027944211,-0.9198923918187611,-0.8690100898494975,-0.8944512408341293,0.05088230196926369,-2.6069680000688464,-2.354966982974175,-2.8578715184104246,-2.516041161244451,-2.5827001948983934,-2.38640228778865,-0.7185176812697178,-0.6676353793004541,-1.1494747856752565,0.7923664682800888,-0.558483027944211,-0.9198923918187611,-0.8690100898494975,-0.8944512408341293,0.05088230196926369,-2.6103711539216183,-2.354966982974175,-2.858010686757984,-2.516041161244451,-2.587301123706009,-2.38640228778865
2023-10-17T00:00:00.000,-0.8085702366446152,-0.6466428301556959,-1.1494747856752565,0.7923664682800888,-0.558483027944211,-1.0099449471936586,-0.8480175407047392,-0.9289812439491989,0.16192740648891935,-2.6959951294409628,-2.4450195383490727,-2.836702224950901,-2.4950486120996924,-2.609139669163822,-2.4209322909037194,-0.7185176812697178,-0.6676353793004541,-1.1494747856752565,0.7923664682800888,-0.558483027944211,-0.9198923918187611,-0.8690100898494975,-0.8944512408341293,0.05088230196926369,-2.6069680000688464,-2.354966982974175,-2.8578715184104246,-2.516041161244451,-2.5827001948983934,-2.38640228778865
2023-10-24T00:00:00.000,-0.9153512278339656,-0.6466428301556959,-1.1494747856752565,0.7923664682800888,-0.6717969100533846,-1.2300398204921827,-0.9613314228139129,-1.0956856216530477,0.2687083976782697,-2.915064576736706,-2.665114411647597,-2.9498393627453092,-2.6083624942088663,-2.76775351801803,-2.5876366686075682,-0.8085702366446152,-0.6466428301556959,-1.1494747856752565,0.7923664682800888,-0.558483027944211,-1.0099449471936586,-0.8480175407047392,-0.9289812439491989,0.16192740648891935,-2.6959951294409628,-2.4450195383490727,-2.836702224950901,-2.4950486120996924,-2.609139669163822,-2.4209322909037194
2023-10-31T00:00:00.000,-0.925826655474136,-0.6466428301556959,-1.1494747856752565,0.7923664682800888,-0.6834352751666801,-1.2521536132456483,-0.9729697879272083,-1.1125617005864283,0.2791838253184401,-2.933862149936177,-2.6872282044010625,-2.9564367492869343,-2.620000859322162,-2.782543147866077,-2.604512747540949,-0.9153512278339656,-0.6466428301556959,-1.1494747856752565,0.7923664682800888,-0.6717969100533846,-1.2300398204921827,-0.9613314228139129,-1.0956856216530477,0.2687083976782697,-2.915064576736706,-2.665114411647597,-2.9498393627453092,-2.6083624942088663,-2.76775351801803,-2.5876366686075682
2023-11-07T00:00:00.000,-0.9436998208688614,0.5649575508197819,-1.1494747856752565,0.7923664682800888,-0.6834352751666801,-1.2700267786403738,0.2386305930482695,-0.5156980927960522,1.5086573716886433,-2.9484190957769085,-2.7051013697957877,-1.739795389739786,-1.408400478346684,-2.183593090990368,-2.0076491397505727,-0.925826655474136,-0.6466428301556959,-1.1494747856752565,0.7923664682800888,-0.6834352751666801,-1.2521536132456483,-0.9729697879272083,-1.1125617005864283,0.2791838253184401,-2.933862149936177,-2.6872282044010625,-2.9564367492869343,-2.620000859322162,-2.782543147866077,-2.604512747540949
2023-11-14T00:00:00.000,-0.9436998208688614,0.5649575508197819,-0.7015335681432888,0.7923664682800888,-0.6834352751666801,-1.7179679961723415,-0.2093106244836982,-0.9636393103280199,1.5086573716886433,-3.396360313308876,-3.1530425873277554,-2.176439146760462,-1.8563416958786516,-2.6263196828152413,-2.4555903572825404,-0.9436998208688614,0.5649575508197819,-1.1494747856752565,0.7923664682800888,-0.6834352751666801,-1.2700267786403738,0.2386305930482695,-0.5156980927960522,1.5086573716886433,-2.9484190957769085,-2.7051013697957877,-1.739795389739786,-1.408400478346684,-2.183593090990368,-2.0076491397505727
2023-11-21T00:00:00.000,-0.9436998208688614,0.5649575508197819,-0.7015335681432888,0.5193037917012335,-0.5767424449211447,-1.3382124893479508,0.17044488234069255,-0.5838838035036291,1.5086573716886433,-3.0166048064844855,-2.7732870805033647,-1.7853861794247792,-1.4765861890542609,-2.2413495502837564,-2.0758348504581496,-0.9436998208688614,0.5649575508197819,-0.7015335681432888,0.7923664682800888,-0.6834352751666801,-1.7179679961723415,-0.2093106244836982,-0.9636393103280199,1.5086573716886433,-3.396360313308876,-3.1530425873277554,-2.176439146760462,-1.8563416958786516,-2.6263196828152413,-2.4555903572825404
2023-11-28T00:00:00.000,-0.9436998208688614,0.5649575508197819,-0.7015335681432888,0.14938896762148213,-0.5495586821072429,-0.9411139024542976,0.5675434692343457,-0.18678521660997593,1.5086573716886433,-2.6190160879936317,-2.3761884936097117,-1.3771672461513886,-1.0794876021606077,-1.8440788236430583,-1.6787362635644967,-0.9436998208688614,0.5649575508197819,-0.7015335681432888,0.5193037917012335,-0.5767424449211447,-1.3382124893479508,0.17044488234069255,-0.5838838035036291,1.5086573716886433,-3.0166048064844855,-2.7732870805033647,-1.7853861794247792,-1.4765861890542609,-2.2413495502837564,-2.0758348504581496
2023-12-05T00:00:00.000,-0.9436998208688614,0.5649575508197819,-0.7015335681432888,0.18498617051558613,-0.449031561251182,-0.8761839844923407,0.6324733871963026,-0.12185529864801903,1.5086573716886433,-2.5535960384344745,-2.311258575647755,-1.3011169818096944,-1.0145576841986508,-1.7789767659340565,-1.6138063456025398,-0.9436998208688614,0.5649575508197819,-0.7015335681432888,0.14938896762148213,-0.5495586821072429,-0.9411139024542976,0.5675434692343457,-0.18678521660997593,1.5086573716886433,-2.6190160879936317,-2.3761884936097117,-1.3771672461513886,-1.0794876021606077,-1.8440788236430583,-1.6787362635644967
2023-12-12T00:00:00.000,-0.9436998208688614,0.5649575508197819,-0.7015335681432888,0.8396945134799515,-0.1973586429010794,-1.2792194091066036,0.22943796258203975,-0.5248907232622819,1.5086573716886433,-2.9519874100577734,-2.7142940002620177,-1.7041524064239573,-1.4175931088129137,-2.17996990765801,-2.0168417702168027,-0.9436998208688614,0.5649575508197819,-0.7015335681432888,0.18498617051558613,-0.449031561251182,-0.8761839844923407,0.6324733871963026,-0.12185529864801903,1.5086573716886433,-2.5535960384344745,-2.311258575647755,-1.3011169818096944,-1.0145576841986508,-1.7789767659340565,-1.6138063456025398
2023-12-19T00:00:00.000,-0.9436998208688614,0.5649575508197819,-0.7015335681432888,1.0141457174116757,-0.1973586429010794,-1.4536706130383277,0.05498675865031566,-0.699341927194006,1.5086573716886433,-3.121794560998534,-2.888745204193742,-1.8786036103556814,-1.5920443127446378,-2.3523788286994245,-2.191292974148527,-0.9436998208688614,0.5649575508197819,-0.7015335681432888,0.8396945134799515,-0.1973586429010794,-1.2792194091066036,0.22943796258203975,-0.5248907232622819,1.5086573716886433,-2.9519874100577734,-2.7142940002620177,-1.7041524064239573,-1.4175931088129137,-2.17996990765801,-2.0168417702168027
2023-12-26T00:00:00.000,-1.1804956833809865,-0.6037532853843663,-0.7015335681432888,1.0141457174116757,-0.1973586429010794,-1.6904664755504528,-1.1137240775538326,-1.4020952765521426,0.5767423979966202,-3.3582380410579376,-3.1255410667058667,-3.040848782488013,-2.7607551489487863,-3.0517632642367634,-2.8940463235066636,-0.9436998208688614,0.5649575508197819,-0.7015335681432888,1.0141457174116757,-0.1973586429010794,-1.4536706130383277,0.05498675865031566,-0.699341927194006,1.5086573716886433,-3.121794560998534,-2.888745204193742,-1.8786036103556814,-1.5920443127446378,-2.3523788286994245,-2.191292974148527
2024-01-02T00:00:00.000,-1.1804956833809865,-0.6037532853843663,-0.4074998970014288,1.0141457174116757,-0.1973586429010794,-1.984500146692313,-1.4077577486956927,-1.6961289476940027,0.5767423979966202,-3.651919329747076,-3.419574737847727,-3.328416789558056,-3.0547888200906463,-3.3424280215578257,-3.1880799946485237,-1.1804956833809865,-0.6037532853843663,-0.7015335681432888,1.0141457174116757,-0.1973586429010794,-1.6904664755504528,-1.1137240775538326,-1.4020952765521426,0.5767423979966202,-3.3582380410579376,-3.1255410667058667,-3.040848782488013,-2.7607551489487863,-3.0517632642367634,-2.8940463235066636
2024-01-09T00:00:00.000,-1.1804956833809865,-0.6037532853843663,-0.4604075825381267,1.0141457174116757,-0.1973586429010794,-1.931592461155615,-1.3548500631589948,-1.6432212621573048,0.5767423979966202,-3.5974924955401955,-3.366667052311029,-3.270498323313255,-3.0018811345539484,-3.2894320481977695,-3.1351723091118258,-1.1804956833809865,-0.6037532853843663,-0.4074998970014288,1.0141457174116757,-0.1973586429010794,-1.984500146692313,-1.4077577486956927,-1.6961289476940027,0.5767423979966202,-3.651919329747076,-3.419574737847727,-3.328416789558056,-3.0547888200906463,-3.3424280215578257,-3.1880799946485237
2024-01-16T00:00:00.000,-1.1804956833809865,-0.6037532853843663,-0.6231280784902873,1.0141457174116757,-0.1973586429010794,-1.7688719652034544,-1.1921295672068342,-1.4805007662051444,0.5767423979966202,-3.433252850917853,-3.2039465563588685,-3.1027670466529917,-2.8391606386017876,-3.1266232644222507,-2.9724518131596653,-1.1804956833809865,-0.6037532853843663,-0.4604075825381267,1.0141457174116757,-0.1973586429010794,-1.931592461155615,-1.3548500631589948,-1.6432212621573048,0.5767423979966202,-3.5974924955401955,-3.366667052311029,-3.270498323313255,-3.0018811345539484,-3.2894320481977695,-3.1351723091118258
2024-01-23T00:00:00.000,-1.1804956833809865,-0.6037532853843663,-0.6231280784902873,1.0141457174116757,-0.1973586429010794,-1.7688719652034544,-1.1921295672068342,-1.4805007662051444,0.5767423979966202,-3.426189177859069,-3.2039465563588685,-3.0971035894690906,-2.8391606386017876,-3.1231091258109815,-2.9724518131596653,-1.1804956833809865,-0.6037532853843663,-0.6231280784902873,1.0141457174116757,-0.1973586429010794,-1.7688719652034544,-1.1921295672068342,-1.4805007662051444,0.5767423979966202,-3.433252850917853,-3.2039465563588685,-3.1027670466529917,-2.8391606386017876,-3.1266232644222507,-2.9724518131596653
2024-01-30T00:00:00.000,-1.4813906530765637,-0.8937964983435087,-0.6672010569545946,1.0141457174116757,-0.18672462004189716,-2.0150599335755417,-1.4274657788424867,-1.7212628562090142,0.587594154733055,-3.6653134731723727,-3.450134524730956,-3.326776343920842,-3.0744968502374403,-3.3603570772035827,-3.2132139031635347,-1.1804956833809865,-0.6037532853843663,-0.6231280784902873,1.0141457174116757,-0.1973586429010794,-1.7688719652034544,-1.1921295672068342,-1.4805007662051444,0.5767423979966202,-3.426189177859069,-3.2039465563588685,-3.0971035894690906,-2.8391606386017876,-3.1231091258109815,-2.9724518131596653
2024-02-06T00:00:00.000,-1.4245870663427613,-0.8937964983435087,-0.6672010569545946,0.06750242725811603,-0.15233090381091005,-0.9772193404571927,-0.44642877245794016,-0.7118240564575664,0.5307905679992526,-2.622507798185522,-2.4122939316126066,-2.34537008044414,-2.0934598438528935,-2.3500596290259907,-2.203775103412087,-1.4813906530765637,-0.8937964983435087,-0.6672010569545946,1.0141457174116757,-0.18672462004189716,-2.0150599335755417,-1.4274657788424867,-1.7212628562090142,0.587594154733055,-3.6653134731723727,-3.450134524730956,-3.326776343920842,-3.0744968502374403,-3.3603570772035827,-3.2132139031635347
2024-02-13T00:00:00.000,-1.1355737869401448,-0.8937964983435087,-0.6672010569545946,-0.05767708573414985,-0.15233090381091005,-0.5630265480623103,-0.3212492594656743,-0.4421379037639924,0.24177728859663605,-2.2033499239221377,-1.9981011392177246,-2.219821310359719,-1.9682803308606278,-2.0795148279062725,-1.9340889507185133,-1.4245870663427613,-0.8937964983435087,-0.6672010569545946,0.06750242725811603,-0.15233090381091005,-0.9772193404571927,-0.44642877245794016,-0.7118240564575664,0.5307905679992526,-2.622507798185522,-2.4122939316126066,-2.34537008044414,-2.0934598438528935,-2.3500596290259907,-2.203775103412087
2024-02-20T00:00:00.000,-1.1355737869401448,-0.8937964983435087,-0.6672010569545946,-0.05767708573414985,-0.15233090381091005,-0.5630265480623103,-0.3212492594656743,-0.4421379037639924,0.24177728859663605,-2.1970389271646322,-1.9981011392177246,-2.217872279218012,-1.9682803308606278,-2.078783381885893,-1.9340889507185133,-1.1355737869401448,-0.8937964983435087,-0.6672010569545946,-0.05767708573414985,-0.15233090381091005,-0.5630265480623103,-0.3212492594656743,-0.4421379037639924,0.24177728859663605,-2.2033499239221377,-1.9981011392177246,-2.219821310359719,-1.9682803308606278,-2.0795148279062725,-1.9340889507185133
2024-02-27T00:00:00.000,-1.1355737869401448,-0.8937964983435087,-0.6672010569545946,0.3691923899069172,-0.10073103781201388,-0.9382961577044813,-0.6965188691078452,-0.8174075134061634,0.24177728859663605,-2.5659975400492976,-2.3733707488598954,-2.591192857718476,-2.3435499405027986,-2.453321545507685,-2.309358560360684,-1.1355737869401448,-0.8937964983435087,-0.6672010569545946,-0.05767708573414985,-0.15233090381091005,-0.5630265480623103,-0.3212492594656743,-0.4421379037639924,0.24177728859663605,-2.1970389271646322,-1.9981011392177246,-2.217872279218012,-1.9682803308606278,-2.078783381885893,-1.9340889507185133
2024-03-05T00:00:00.000,-1.1355737869401448,-0.9807723417727332,-0.6672010569545946,0.3691923899069172,0.6027617417941663,-0.23480337809830104,-0.08000193293088947,-0.15740265551459515,0.15480144516741157,-1.8625047604431173,-1.6698779692537151,-1.9699928031128666,-1.7270330043258428,-1.7894200971893621,-1.6493537024691158,-1.1355737869401448,-0.8937964983435087,-0.6672010569545946,0.3691923899069172,-0.10073103781201388,-0.9382961577044813,-0.6965188691078452,-0.8174075134061634,0.24177728859663605,-2.5659975400492976,-2.3733707488598954,-2.591192857718476,-2.3435499405027986,-2.453321545507685,-2.309358560360684
2024-03-12T00:00:00.000,-1.1355737869401448,-0.9807723417727332,-0.6672010569545946,0.3691923899069172,0.6027617417941663,-0.23480337809830104,-0.08000193293088947,-0.15740265551459515,0.15480144516741157,-1.8625047604431173,-1.6698779692537151,-1.9653096846842129,-1.7270330043258428,-1.7855235067626074,-1.6493537024691158,-1.1355737869401448,-0.9807723417727332,-0.6672010569545946,0.3691923899069172,0.6027617417941663,-0.23480337809830104,-0.08000193293088947,-0.15740265551459515,0.15480144516741157,-1.8625047604431173,-1.6698779692537151,-1.9699928031128666,-1.7270330043258428,-1.7894200971893621,-1.6493537024691158
2024-03-19T00:00:00.000,-1.1355737869401448,-0.9807723417727332,-0.24794508806837073,0.68834402676746,0.6027617417941663,-0.9732109838450678,-0.8184095386776562,-0.8958102612613619,0.15480144516741157,-2.594874262797707,-2.408285575000482,-2.6878483872550376,-2.4654406100726094,-2.52305983204682,-2.3877613082158824,-1.1355737869401448,-0.9807723417727332,-0.6672010569545946,0.3691923899069172,0.6027617417941663,-0.23480337809830104,-0.08000193293088947,-0.15740265551459515,0.15480144516741157,-1.8625047604431173,-1.6698779692537151,-1.9653096846842129,-1.7270330043258428,-1.7855235067626074,-1.6493537024691158
2024-03-26T00:00:00.000,-1.1355737869401448,-0.9807723417727332,-0.2968221901326267,0.68834402676746,0.6027617417941663,-0.9243338817808118,-0.7695324366134002,-0.8469331591971059,0.15480144516741157,-2.5399590573412745,-2.359408472936226,-2.6231023820148396,-2.4165635080083536,-2.4733114495200095,-2.3388842061516266,-1.1355737869401448,-0.9807723417727332,-0.24794508806837073,0.68834402676746,0.6027617417941663,-0.9732109838450678,-0.8184095386776562,-0.8958102612613619,0.15480144516741157,-2.594874262797707,-2.408285575000482,-2.6878483872550376,-2.4654406100726094,-2.52305983204682,-2.3877613082158824
2024-04-02T00:00:00.000,-1.1743721562354548,-1.028093133193751,-0.2968221901326267,0.8998589090987221,0.6706401285008421,-1.1067687467007081,-0.9604897236590044,-1.0336292351798564,0.1462790230417037,-2.718105337482708,-2.5418433378561223,-2.814059669060444,-2.607520795053958,-2.6593038886979175,-2.525580282134377,-1.1355737869401448,-0.9807723417727332,-0.2968221901326267,0.68834402676746,0.6027617417941663,-0.9243338817808118,-0.7695324366134002,-0.8469331591971059,0.15480144516741157,-2.5399590573412745,-2.359408472936226,-2.6231023820148396,-2.4165635080083536,-2.4733114495200095,-2.3388842061516266
2024-04-09T00:00:00.000,-1.1743721562354548,-1.028093133193751,-0.2968221901326267,1.9052179054407568,1.8157830677811106,-0.9669848037624742,-0.8207057807207705,-0.8938452922416225,0.1462790230417037,-2.5740328097660115,-2.402059394917888,-2.6742757261222097,-2.467736852115724,-2.5188163089548405,-2.385796339196143,-1.1743721562354548,-1.028093133193751,-0.2968221901326267,0.8998589090987221,0.6706401285008421,-1.1067687467007081,-0.9604897236590044,-1.0336292351798564,0.1462790230417037,-2.718105337482708,-2.5418433378561223,-2.814059669060444,-2.607520795053958,-2.6593038886979175,-2.525580282134377
2024-04-16T00:00:00.000,-1.1743721562354548,-1.028093133193751,-0.2968221901326267,1.9052179054407568,1.8157830677811106,-0.9669848037624742,-0.8207057807207705,-0.8938452922416225,0.1462790230417037,-2.572570497313187,-2.402059394917888,-2.6696021391435623,-2.467736852115724,-2.515224629783007,-2.385796339196143,-1.1743721562354548,-1.028093133193751,-0.2968221901326267,1.9052179054407568,1.8157830677811106,-0.9669848037624742,-0.8207057807207705,-0.8938452922416225,0.1462790230417037,-2.5740328097660115,-2.402059394917888,-2.6742757261222097,-2.467736852115724,-2.5188163089548405,-2.385796339196143
2024-04-23T00:00:00.000,-1.1743721562354548,-1.028093133193751,-0.2968221901326267,1.9052179054407568,1.83458092374849,-0.9481869477950948,-0.8019079247533911,-0.8750474362742431,0.1462790230417037,-2.5523103288929825,-2.383261538950509,-2.6461306961975355,-2.4489389961483443,-2.4928350946437936,-2.366998483228764,-1.1743721562354548,-1.028093133193751,-0.2968221901326267,1.9052179054407568,1.8157830677811106,-0.9669848037624742,-0.8207057807207705,-0.8938452922416225,0.1462790230417037,-2.572570497313187,-2.402059394917888,-2.6696021391435623,-2.467736852115724,-2.515224629783007,-2.385796339196143
2024-04-30T00:00:00.000,-1.459761631573273,-1.130792080228865,-0.2968221901326267,1.9846334543600508,2.367397415540534,-0.7801754802601633,-0.45120592891575506,-0.6156907045879592,0.3289695513444082,-2.383951119198903,-2.2152500714155776,-2.285008832384894,-2.0982370003107085,-2.229381750131249,-2.10764175154248,-1.1743721562354548,-1.028093133193751,-0.2968221901326267,1.9052179054407568,1.83458092374849,-0.9481869477950948,-0.8019079247533911,-0.8750474362742431,0.1462790230417037,-2.5523103288929825,-2.383261538950509,-2.6461306961975355,-2.4489389961483443,-2.4928350946437936,-2.366998483228764
2024-05-07T00:00:00.000,-1.5310056100413558,-0.5589351519226553,-0.2968221901326267,1.9846334543600508,2.367397415540534,-0.851419458728246,0.12065099939045454,-0.36538422966889583,0.9720704581187005,-2.4548473555078383,-2.28649404988366,-1.7027320361036795,-1.5263800720044989,-1.9749786623859251,-1.8573352766234166,-1.459761631573273,-1.130792080228865,-0.2968221901326267,1.9846334543600508,2.367397415540534,-0.7801754802601633,-0.45120592891575506,-0.6156907045879592,0.3289695513444082,-2.383951119198903,-2.2152500714155776,-2.285008832384894,-2.0982370003107085,-2.229381750131249,-2.10764175154248
2024-05-14T00:00:00.000,-1.343251982706448,-0.5589351519226553,0.8998589090987221,1.9846334543600508,2.367397415540534,-1.8603469306246867,-1.0760300998408943,-1.4681885152327905,0.7843168307837927,-3.4630362185140857,-3.295421521780101,-2.884124072806686,-2.7230611712358477,-3.077664918393114,-2.9601395621873112,-1.5310056100413558,-0.5589351519226553,-0.2968221901326267,1.9846334543600508,2.367397415540534,-0.851419458728246,0.12065099939045454,-0.36538422966889583,0.9720704581187005,-2.4548473555078383,-2.28649404988366,-1.7027320361036795,-1.5263800720044989,-1.9749786623859251,-1.8573352766234166
2024-05-21T00:00:00.000,-1.343251982706448,-0.5589351519226553,0.9341791309235785,1.9846334543600508,2.367397415540534,-1.894667152449543,-1.1103503216657507,-1.5025087370576469,0.7843168307837927,-3.4966178314487486,-3.3297417436049574,-2.9031552321031997,-2.757381393060704,-3.111867110661265,-2.9944597840121676,-1.343251982706448,-0.5589351519226553,0.8998589090987221,1.9846334543600508,2.367397415540534,-1.8603469306246867,-1.0760300998408943,-1.4681885152327905,0.7843168307837927,-3.4630362185140857,-3.295421521780101,-2.884124072806686,-2.7230611712358477,-3.077664918393114,-2.9601395621873112
2024-05-28T00:00:00.000,-1.343251982706448,-0.5589351519226553,0.9341791309235785,1.9846334543600508,2.367397415540534,-1.894667152449543,-1.1103503216657507,-1.5025087370576469,0.7843168307837927,-3.4945742599240086,-3.3297417436049574,-2.9031250170075253,-2.757381393060704,-3.1118015799187306,-2.9944597840121676,-1.343251982706448,-0.5589351519226553,0.9341791309235785,1.9846334543600508,2.367397415540534,-1.894667152449543,-1.1103503216657507,-1.5025087370576469,0.7843168307837927,-3.4966178314487486,-3.3297417436049574,-2.9031552321031997,-2.757381393060704,-3.111867110661265,-2.9944597840121676
2024-06-04T00:00:00.000,-1.343251982706448,-0.5589351519226553,0.23813662934190918,1.9846334543600508,2.367397415540534,-1.198624650867874,-0.4143078200840813,-0.8064662354759777,0.7843168307837927,-2.7964881868175993,-2.633699242023288,-2.207052300330182,-2.0613388914790347,-2.4156935475945267,-2.2984172824304983,-1.343251982706448,-0.5589351519226553,0.9341791309235785,1.9846334543600508,2.367397415540534,-1.894667152449543,-1.1103503216657507,-1.5025087370576469,0.7843168307837927,-3.4945742599240086,-3.3297417436049574,-2.9031250170075253,-2.757381393060704,-3.1118015799187306,-2.9944597840121676
2024-06-11T00:00:00.000,-1.343251982706448,-0.45232383288568956,0.22864289523412262,1.9846334543600508,2.367397415540534,-1.1891309167600874,-0.298202766939329,-0.7436668418497081,0.8909281498207584,-2.771754607063209,-2.6242055079155016,-2.0867209177151915,-1.9452338383342824,-2.349216795790342,-2.235617888804229,-1.343251982706448,-0.5589351519226553,0.23813662934190918,1.9846334543600508,2.367397415540534,-1.198624650867874,-0.4143078200840813,-0.8064662354759777,0.7843168307837927,-2.7964881868175993,-2.633699242023288,-2.207052300330182,-2.0613388914790347,-2.4156935475945267,-2.2984172824304983
2024-06-18T00:00:00.000,-0.611257814544835,-0.14255512498520312,-0.7370283671040629,1.315211665929001,1.6237178854048049,0.4342767720350319,0.9029794615946638,0.6686281168148478,0.46870268955963185,-1.1331070726214865,-1.0007978191203821,-0.88131235971096,-0.7440516098002896,-0.9332444789478707,-0.823322930139673,-1.343251982706448,-0.45232383288568956,0.22864289523412262,1.9846334543600508,2.367397415540534,-1.1891309167600874,-0.298202766939329,-0.7436668418497081,0.8909281498207584,-2.771754607063209,-2.6242055079155016,-2.0867209177151915,-1.9452338383342824,-2.349216795790342,-2.235617888804229
2024-06-25T00:00:00.000,-0.611257814544835,-0.14255512498520312,-1.807209990790474,1.2382531962756496,1.6237178854048049,1.5814168653747944,2.050119554934426,1.8157682101546102,0.46870268955963185,0.007016510359137973,0.11619576553155753,0.2616014041585637,0.39147369939948207,0.2102182562139765,0.29375372646931286,-0.611257814544835,-0.14255512498520312,-0.7370283671040629,1.315211665929001,1.6237178854048049,0.4342767720350319,0.9029794615946638,0.6686281168148478,0.46870268955963185,-1.1331070726214865,-1.0007978191203821,-0.88131235971096,-0.7440516098002896,-0.9332444789478707,-0.823322930139673
2024-07-02T00:00:00.000,-0.611257814544835,-0.14255512498520312,-1.807209990790474,1.2382531962756496,1.5120919993012905,1.46979097927128,1.9384936688309118,1.7041423240510958,0.46870268955963185,-0.09759286538523848,-0.0075545105580954175,0.14574918858481078,0.27984781329596786,0.09491501193254681,0.1637613584222679,-0.611257814544835,-0.14255512498520312,-1.807209990790474,1.2382531962756496,1.6237178854048049,1.5814168653747944,2.050119554934426,1.8157682101546102,0.46870268955963185,0.007016510359137973,0.11619576553155753,0.2616014041585637,0.39147369939948207,0.2102182562139765,0.29375372646931286
2024-07-09T00:00:00.000,-0.611257814544835,-0.14255512498520312,-1.807209990790474,1.2382531962756496,1.5120919993012905,1.46979097927128,1.9384936688309118,1.7041423240510958,0.46870268955963185,-0.09364704893705644,-0.0075545105580954175,0.14571897348913687,0.27984781329596786,0.09484948119001224,0.1637613584222679,-0.611257814544835,-0.14255512498520312,-1.807209990790474,1.2382531962756496,1.5120919993012905,1.46979097927128,1.9384936688309118,1.7041423240510958,0.46870268955963185,-0.09759286538523848,-0.0075545105580954175,0.14574918858481078,0.27984781329596786,0.09491501193254681,0.1637613584222679
2024-07-16T00:00:00.000,-0.611257814544835,-0.14255512498520312,-1.807209990790474,0.23813662934190918,1.5120919993012905,2.4699075462050204,2.938610235764652,2.7042588909848364,0.46870268955963185,0.9025237015485019,0.959577312089595,1.1458053253272031,1.279964380229708,1.0949005173812183,1.1638779253560085,-0.611257814544835,-0.14255512498520312,-1.807209990790474,1.2382531962756496,1.5120919993012905,1.46979097927128,1.9384936688309118,1.7041423240510958,0.46870268955963185,-0.09364704893705644,-0.0075545105580954175,0.14571897348913687,0.27984781329596786,0.09484948119001224,0.1637613584222679
2024-07-23T00:00:00.000,-0.611257814544835,-0.14255512498520312,-2.234343778874858,0.22864289523412262,0.5769893557194412,1.9714324248153416,2.440135114374973,2.2057837695951577,0.46870268955963185,0.3970320697996852,0.4611021906999162,0.6320411414091818,0.7814892588400293,0.596307366434834,0.6654028039663298,-0.611257814544835,-0.14255512498520312,-1.807209990790474,0.23813662934190918,1.5120919993012905,2.4699075462050204,2.938610235764652,2.7042588909848364,0.46870268955963185,0.9025237015485019,0.959577312089595,1.1458053253272031,1.279964380229708,1.0949005173812183,1.1638779253560085
2024-07-30T00:00:00.000,-0.611257814544835,-0.14255512498520312,-2.7162924431511524,-0.03702503335209238,0.17852836822549692,2.320588030183907,2.7892907197435384,2.554939374963723,0.46870268955963185,0.7391711648091124,0.8102577960684814,0.9659076842494043,1.1306448642085944,0.9453449422466935,1.014558409334895,-0.611257814544835,-0.14255512498520312,-2.234343778874858,0.22864289523412262,0.5769893557194412,1.9714324248153416,2.440135114374973,2.2057837695951577,0.46870268955963185,0.3970320697996852,0.4611021906999162,0.6320411414091818,0.7814892588400293,0.596307366434834,0.6654028039663298
2024-08-06T00:00:00.000,-0.5066424048249217,-0.7745904697420428,-2.7162924431511524,-0.03702503335209238,-0.04104470888858358,2.2056303627897393,1.9376822978726183,2.071656330331179,-0.2679480649171211,0.6159901621274795,0.6953001286743139,0.10387939440347926,0.27903644233767433,0.4579652847878888,0.5312753647023509,-0.611257814544835,-0.14255512498520312,-2.7162924431511524,-0.03702503335209238,0.17852836822549692,2.320588030183907,2.7892907197435384,2.554939374963723,0.46870268955963185,0.7391711648091124,0.8102577960684814,0.9659076842494043,1.1306448642085944,0.9453449422466935,1.014558409334895
2024-08-13T00:00:00.000,-0.023192813414970672,-0.7745904697420428,-2.7162924431511524,-0.03702503335209238,-0.060318936878388955,2.669805726209885,1.9184080698828128,2.294106898046349,-0.7513976563270721,1.0719421902601596,1.1594754920944594,0.07418529843866861,0.25976221434786884,0.6763192396767983,0.7537259324175212,-0.5066424048249217,-0.7745904697420428,-2.7162924431511524,-0.03702503335209238,-0.04104470888858358,2.2056303627897393,1.9376822978726183,2.071656330331179,-0.2679480649171211,0.6159901621274795,0.6953001286743139,0.10387939440347926,0.27903644233767433,0.4579652847878888,0.5312753647023509
2024-08-20T00:00:00.000,-0.023192813414970672,-0.709968323413908,-2.7162924431511524,-0.9619788073583377,-1.0026119734126056,2.6524664636819137,1.9656909536829765,2.309078708682445,-0.6867755099989373,1.0525593562074484,1.1421362295664883,0.11679459526018476,0.3070450981480326,0.6876993711410606,0.7686977430536173,-0.023192813414970672,-0.7745904697420428,-2.7162924431511524,-0.03702503335209238,-0.060318936878388955,2.669805726209885,1.9184080698828128,2.294106898046349,-0.7513976563270721,1.0719421902601596,1.1594754920944594,0.07418529843866861,0.25976221434786884,0.6763192396767983,0.7537259324175212
2024-08-27T00:00:00.000,-0.023192813414970672,-0.709968323413908,-2.7162924431511524,-1.2338766032854571,-1.4822393821955218,2.444736850826117,1.7579613408271797,2.1013490958266483,-0.6867755099989373,0.8427861718269116,0.9344066167106915,-0.08626143061696445,0.09931548529223577,0.47637807911343,0.5609681301978204,-0.023192813414970672,-0.709968323413908,-2.7162924431511524,-0.9619788073583377,-1.0026119734126056,2.6524664636819137,1.9656909536829765,2.309078708682445,-0.6867755099989373,1.0525593562074484,1.1421362295664883,0.11679459526018476,0.3070450981480326,0.6876993711410606,0.7686977430536173
2024-09-03T00:00:00.000,-0.023192813414970672,-0.709968323413908,-3.2419407190194574,-1.8690443041509264,-1.4822393821955218,3.605552827559891,2.918777317560954,3.2621650725604225,-0.6867755099989373,2.0028635396704924,2.0952225934444657,1.0698809591381622,1.26013146202601,1.6364904190423617,1.7217841069315947,-0.023192813414970672,-0.709968323413908,-2.7162924431511524,-1.2338766032854571,-1.4822393821955218,2.444736850826117,1.7579613408271797,2.1013490958266483,-0.6867755099989373,0.8427861718269116,0.9344066167106915,-0.08626143061696445,0.09931548529223577,0.47637807911343,0.5609681301978204
2024-09-10T00:00:00.000,0.08436903992209158,-0.5325370969595099,-3.2419407190194574,-1.8690443041509264,-1.1549332896815758,4.040420773410899,3.423514636529298,3.7319677049700988,-0.6169061368816015,2.4369928766313067,2.5300905392954736,1.569944691127859,1.7648687809943542,2.1055894146471954,2.191586739341271,-0.023192813414970672,-0.709968323413908,-3.2419407190194574,-1.8690443041509264,-1.4822393821955218,3.605552827559891,2.918777317560954,3.2621650725604225,-0.6867755099989373,2.0028635396704924,2.0952225934444657,1.0698809591381622,1.26013146202601,1.6364904190423617,1.7217841069315947
2024-09-17T00:00:00.000,0.13085612694537863,-0.5325370969595099,-3.2419407190194574,-1.8690443041509264,-1.1549332896815758,4.086907860434186,3.423514636529298,3.7552112484817424,-0.6633932239048885,2.4831322214954463,2.5765776263187607,1.569944691127859,1.7648687809943542,2.1279616776962844,2.2148302828529145,0.08436903992209158,-0.5325370969595099,-3.2419407190194574,-1.8690443041509264,-1.1549332896815758,4.040420773410899,3.423514636529298,3.7319677049700988,-0.6169061368816015,2.4369928766313067,2.5300905392954736,1.569944691127859,1.7648687809943542,2.1055894146471954,2.191586739341271
2024-09-24T00:00:00.000,0.13085612694537863,-0.5325370969595099,-3.2419407190194574,-1.8690443041509264,-1.1549332896815758,4.086907860434186,3.423514636529298,3.7552112484817424,-0.6633932239048885,2.4827844793362983,2.5765776263187607,1.569944691127859,1.7648687809943542,2.1270903972337303,2.2148302828529145,0.13085612694537863,-0.5325370969595099,-3.2419407190194574,-1.8690443041509264,-1.1549332896815758,4.086907860434186,3.423514636529298,3.7552112484817424,-0.6633932239048885,2.4831322214954463,2.5765776263187607,1.569944691127859,1.7648687809943542,2.1279616776962844,2.2148302828529145
2024-10-01T00:00:00.000,0.13085612694537863,-0.5325370969595099,-3.2419407190194574,-1.8690443041509264,-1.1549332896815758,4.086907860434186,3.423514636529298,3.7552112484817424,-0.6633932239048885,2.4813221668834737,2.5765776263187607,1.5540757879519167,1.7648687809943542,2.1231938068069756,2.2148302828529145,0.13085612694537863,-0.5325370969595099,-3.2419407190194574,-1.8690443041509264,-1.1549332896815758,4.086907860434186,3.423514636529298,3.7552112484817424,-0.6633932239048885,2.4827844793362983,2.5765776263187607,1.569944691127859,1.7648687809943542,2.1270903972337303,2.2148302828529145
2024-10-08T00:00:00.000,0.13085612694537863,-0.5325370969595099,-3.2419407190194574,-1.5930563727349183,-1.1549332896815758,3.8109199290181786,3.14752670511329,3.4792233170657343,-0.6633932239048885,2.203871923014641,2.300589694902753,1.2622189533599666,1.488880849578346,1.8433092849642125,1.9388423514369064,0.13085612694537863,-0.5325370969595099,-3.2419407190194574,-1.8690443041509264,-1.1549332896815758,4.086907860434186,3.423514636529298,3.7552112484817424,-0.6633932239048885,2.4813221668834737,2.5765776263187607,1.5540757879519167,1.7648687809943542,2.1231938068069756,2.2148302828529145
2024-10-15T00:00:00.000,0.13085612694537863,-0.5325370969595099,-3.2419407190194574,-1.034235572562216,-1.1549332896815758,3.2520991288454764,2.588705904940588,2.920402516893032,-0.6633932239048885,1.6407625380634763,1.741768894730051,0.6987150347586106,0.9300600494056439,1.2837570387711312,1.3800215512642042,0.13085612694537863,-0.5325370969595099,-3.2419407190194574,-1.5930563727349183,-1.1549332896815758,3.8109199290181786,3.14752670511329,3.4792233170657343,-0.6633932239048885,2.203871923014641,2.300589694902753,1.2622189533599666,1.488880849578346,1.8433092849642125,1.9388423514369064
2024-10-22T00:00:00.000,0.13085612694537863,-0.5325370969595099,-2.4156226618689685,-0.9141548767119565,-0.9725323372068884,2.4881013283194156,1.8247081044145268,2.1564047163669713,-0.6633932239048885,0.8724761527589528,0.9777710942039901,-0.060599647338796636,0.16606224887958287,0.5190277922246911,0.6160237507381434,0.13085612694537863,-0.5325370969595099,-3.2419407190194574,-1.034235572562216,-1.1549332896815758,3.2520991288454764,2.588705904940588,2.920402516893032,-0.6633932239048885,1.6407625380634763,1.741768894730051,0.6987150347586106,0.9300600494056439,1.2837570387711312,1.3800215512642042
2024-10-29T00:00:00.000,0.13085612694537863,-0.5755361002419963,-2.4156226618689685,-0.7261757236478136,-0.9725323372068884,2.3001221752552725,1.5937299480678973,1.946926061661585,-0.7063922271873749,0.678458896302633,0.7897919411398471,-0.27570890050948416,-0.028537976789352104,0.30869048909316077,0.40654509603275724,0.13085612694537863,-0.5325370969595099,-2.4156226618689685,-0.9141548767119565,-0.9725323372068884,2.4881013283194156,1.8247081044145268,2.1564047163669713,-0.6633932239048885,0.8724761527589528,0.9777710942039901,-0.060599647338796636,0.16606224887958287,0.5190277922246911,0.6160237507381434
2024-11-05T00:00:00.000,-0.3154247871901114,-0.5755361002419963,-2.4156226618689685,-0.03767093302852021,-0.9725323372068884,1.1653364705004887,0.905225157448604,1.0352808139745462,-0.2601113130518849,-0.450288705059974,-0.3120090193288867,-0.9483447879528352,-0.6707214479838285,-0.602096110167734,-0.48673366971075116,0.13085612694537863,-0.5755361002419963,-2.4156226618689685,-0.7261757236478136,-0.9725323372068884,2.3001221752552725,1.5937299480678973,1.946926061661585,-0.7063922271873749,0.678458896302633,0.7897919411398471,-0.27570890050948416,-0.028537976789352104,0.30869048909316077,0.40654509603275724
2024-11-12T00:00:00.000,-0.3154247871901114,-0.5755361002419963,-2.0224248560241,0.5438765374826767,-0.09340109507381048,1.0697224362775013,0.8096111232256166,0.9396667797515589,-0.2601113130518849,-0.5416141545044988,-0.4000685429937787,-1.0439588221758225,-0.7119078031492282,-0.696978698370342,-0.5522842672029619,-0.3154247871901114,-0.5755361002419963,-2.4156226618689685,-0.03767093302852021,-0.9725323372068884,1.1653364705004887,0.905225157448604,1.0352808139745462,-0.2601113130518849,-0.450288705059974,-0.3120090193288867,-0.9483447879528352,-0.6707214479838285,-0.602096110167734,-0.48673366971075116
2024-11-19T00:00:00.000,-0.3154247871901114,-0.5755361002419963,-1.5930563727349183,0.5438765374826767,0.1518531980697628,0.8856082461318929,0.6254969330800081,0.7555525896059504,-0.2601113130518849,-0.7214397598716445,-0.5720583431532485,-1.2280730123214312,-0.8536714647259632,-0.8803614424955714,-0.70703274369721,-0.3154247871901114,-0.5755361002419963,-2.0224248560241,0.5438765374826767,-0.09340109507381048,1.0697224362775013,0.8096111232256166,0.9396667797515589,-0.2601113130518849,-0.5416141545044988,-0.4000685429937787,-1.0439588221758225,-0.7119078031492282,-0.696978698370342,-0.5522842672029619
2024-11-26T00:00:00.000,-0.4899662357594091,-0.5098152681075833,-1.034235572562216,0.5438765374826767,0.1542679720326485,0.15466077135277878,0.13481173900460464,0.1447362551786917,-0.019849032348174145,-1.4509249221979337,-1.2804138198026354,-1.7140846194181871,-1.3101752021741133,-1.4872811864960753,-1.2757320125449365,-0.3154247871901114,-0.5755361002419963,-1.5930563727349183,0.5438765374826767,0.1518531980697628,0.8856082461318929,0.6254969330800081,0.7555525896059504,-0.2601113130518849,-0.7214397598716445,-0.5720583431532485,-1.2280730123214312,-0.8536714647259632,-0.8803614424955714,-0.70703274369721
2024-12-03T00:00:00.000,-0.4899662357594091,-0.24323801754383903,-0.9141548767119565,0.5438765374826767,0.39735689765987053,0.2776690011297412,0.5243972193453112,0.40103311023752625,0.2467282182155701,-1.3264543799681465,-1.1152297827546145,-1.319825552098833,-0.8824081069105087,-1.2270877410104861,-0.9878767621815503,-0.4899662357594091,-0.5098152681075833,-1.034235572562216,0.5438765374826767,0.1542679720326485,0.15466077135277878,0.13481173900460464,0.1447362551786917,-0.019849032348174145,-1.4509249221979337,-1.2804138198026354,-1.7140846194181871,-1.3101752021741133,-1.4872811864960753,-1.2757320125449365
2024-12-10T00:00:00.000,-1.1038114622978072,-0.24323801754383903,-0.7261757236478136,0.5438765374826767,0.39735689765987053,-0.5241553784727999,0.3364180662811684,-0.0938686560958158,0.8605734447539682,-2.12793101741154,-1.8555766897125874,-1.498047371648167,-1.059219438084981,-1.7211182268812737,-1.4533186539496061,-0.4899662357594091,-0.24323801754383903,-0.9141548767119565,0.5438765374826767,0.39735689765987053,0.2776690011297412,0.5243972193453112,0.40103311023752625,0.2467282182155701,-1.3264543799681465,-1.1152297827546145,-1.319825552098833,-0.8824081069105087,-1.2270877410104861,-0.9878767621815503
2024-12-17T00:00:00.000,-1.2379179570630714,0.3580652651659533,-0.24561138622275416,0.5438765374826767,0.39735689765987053,-1.1388262106631235,0.4571570115659012,-0.34083459954861106,1.5959832222290247,-2.742254107442716,-2.4347236083168484,-1.3675510928486256,-0.9220871780133524,-1.9672128898715144,-1.6660515147530357,-1.1038114622978072,-0.24323801754383903,-0.7261757236478136,0.5438765374826767,0.39735689765987053,-0.5241553784727999,0.3364180662811684,-0.0938686560958158,0.8605734447539682,-2.12793101741154,-1.8555766897125874,-1.498047371648167,-1.059219438084981,-1.7211182268812737,-1.4533186539496061
2024-12-24T00:00:00.000,-1.5072551813870652,0.3580652651659533,-0.24561138622275416,0.8132358954758454,0.39735689765987053,-1.6775227929802858,0.18779765357273254,-0.7448625697037767,1.8653204465530184,-3.280212080869685,-2.9429577937409177,-1.6362479163815977,-1.1575052236240024,-2.3705372232218376,-2.061800688308808,-1.2379179570630714,0.3580652651659533,-0.24561138622275416,0.5438765374826767,0.39735689765987053,-1.1388262106631235,0.4571570115659012,-0.34083459954861106,1.5959832222290247,-2.742254107442716,-2.4347236083168484,-1.3675510928486256,-0.9220871780133524,-1.9672128898715144,-1.6660515147530357
2024-12-31T00:00:00.000,-1.5072551813870652,0.3580652651659533,-0.24561138622275416,0.885697445261092,0.39735689765987053,-1.7499843427655324,0.11533610378748599,-0.8173241194890233,1.8653204465530184,-3.3519350217647377,-2.9705379909822476,-1.708046931706648,-1.176178823616756,-2.4422951362022416,-2.064340331914089,-1.5072551813870652,0.3580652651659533,-0.24561138622275416,0.8132358954758454,0.39735689765987053,-1.6775227929802858,0.18779765357273254,-0.7448625697037767,1.8653204465530184,-3.280212080869685,-2.9429577937409177,-1.6362479163815977,-1.1575052236240024,-2.3705372232218376,-2.061800688308808
2025-01-07T00:00:00.000,-1.4447634910984626,0.3580652651659533,-0.24561138622275416,0.885697445261092,0.39735689765987053,-1.6874926524769298,0.11533610378748599,-0.7860782743447219,1.8028287562644159,-3.287399759951395,-2.8703509139756376,-1.6927578691783054,-1.0535977502157186,-2.407457611886106,-1.9452600158407727,-1.5072551813870652,0.3580652651659533,-0.24561138622275416,0.885697445261092,0.39735689765987053,-1.7499843427655324,0.11533610378748599,-0.8173241194890233,1.8653204465530184,-3.3519350217647377,-2.9705379909822476,-1.708046931706648,-1.176178823616756,-2.4422951362022416,-2.064340331914089
2025-01-14T00:00:00.000,-1.274068819580498,0.3580652651659533,-0.24561138622275416,0.885697445261092,0.39735689765987053,-1.5167979809589651,0.11533610378748599,-0.7007309385857395,1.6321340847464512,-3.1146615169086904,-2.658055463092758,-1.6774688066499628,-0.8778421056126968,-2.31851859695529,-1.8300163746158238,-1.4447634910984626,0.3580652651659533,-0.24561138622275416,0.885697445261092,0.39735689765987053,-1.6874926524769298,0.11533610378748599,-0.7860782743447219,1.8028287562644159,-3.287399759951395,-2.8703509139756376,-1.6927578691783054,-1.0535977502157186,-2.407457611886106,-1.9452600158407727
2025-01-21T00:00:00.000,-1.274068819580498,0.3580652651659533,-0.24561138622275416,0.885697445261092,0.9295372832899836,-0.984617595328852,0.6475164894175991,-0.16855055295562646,1.6321340847464512,-2.574257795991112,-2.078068060351151,-1.1452582059241758,-0.25658582010403475,-1.7822415984989164,-1.2460808089780273,-1.274068819580498,0.3580652651659533,-0.24561138622275416,0.885697445261092,0.39735689765987053,-1.5167979809589651,0.11533610378748599,-0.7007309385857395,1.6321340847464512,-3.1146615169086904,-2.658055463092758,-1.6774688066499628,-0.8778421056126968,-2.31851859695529,-1.8300163746158238
2025-01-28T00:00:00.000,-1.274068819580498,0.3580652651659533,-0.24561138622275416,0.885697445261092,0.9295372832899836,-0.984617595328852,0.6475164894175991,-0.16855055295562646,1.6321340847464512,-2.5660344607036465,-2.0142806418481882,-1.145227990828502,-0.21805086641215488,-1.7781449856726557,-1.2048136083973886,-1.274068819580498,0.3580652651659533,-0.24561138622275416,0.885697445261092,0.9295372832899836,-0.984617595328852,0.6475164894175991,-0.16855055295562646,1.6321340847464512,-2.574257795991112,-2.078068060351151,-1.1452582059241758,-0.25658582010403475,-1.7822415984989164,-1.2460808089780273
2025-02-04T00:00:00.000,-1.274068819580498,0.06719182279654382,-0.11558449969399189,0.885697445261092,0.9295372832899836,-1.1146444818576144,0.2266161605194274,-0.4440141606690935,1.3412606423770417,-2.689044836873271,-2.0981525869032063,-1.5619019902564348,-0.592267026125803,-2.053490563829417,-1.431487957532146,-1.274068819580498,0.3580652651659533,-0.24561138622275416,0.885697445261092,0.9295372832899836,-0.984617595328852,0.6475164894175991,-0.16855055295562646,1.6321340847464512,-2.5660344607036465,-2.0142806418481882,-1.145227990828502,-0.21805086641215488,-1.7781449856726557,-1.2048136083973886
2025-02-11T00:00:00.000,-1.274068819580498,0.7608417006085881,-0.11558449969399189,0.885697445261092,0.9295372832899836,-1.1146444818576144,0.9202660383314717,-0.09718922176307132,2.034910520189086,-2.682028326514133,-2.0920570351876266,-0.8640257829741521,0.10138285168624128,-1.7065475953666893,-1.0353439279352643,-1.274068819580498,0.06719182279654382,-0.11558449969399189,0.885697445261092,0.9295372832899836,-1.1146444818576144,0.2266161605194274,-0.4440141606690935,1.3412606423770417,-2.689044836873271,-2.0981525869032063,-1.5619019902564348,-0.592267026125803,-2.053490563829417,-1.431487957532146
2025-02-18T00:00:00.000,-1.274068819580498,1.4863708019036457,-0.11558449969399189,0.6947640820156825,0.9295372832899836,-0.9237111186122049,1.8367285028719387,0.4565086921298669,2.7604396214841436,-2.487149146820541,-1.8963225798068912,0.04821035209607638,1.0178453162267083,-1.1527841507312167,-0.401801877161283,-1.274068819580498,0.7608417006085881,-0.11558449969399189,0.885697445261092,0.9295372832899836,-1.1146444818576144,0.9202660383314717,-0.09718922176307132,2.034910520189086,-2.682028326514133,-2.0920570351876266,-0.8640257829741521,0.10138285168624128,-1.7065475953666893,-1.0353439279352643
2025-02-25T00:00:00.000,-1.274068819580498,1.4863708019036457,-0.3621173581316107,0.5917978852060523,0.9295372832899836,-0.5742120633649558,2.186227558119188,0.806007747377116,2.7604396214841436,-2.13370427512511,-1.53717558605568,0.3934830778730869,1.3673443714739575,-0.803219564741433,0.013014620693821866,-1.274068819580498,1.4863708019036457,-0.11558449969399189,0.6947640820156825,0.9295372832899836,-0.9237111186122049,1.8367285028719387,0.4565086921298669,2.7604396214841436,-2.487149146820541,-1.8963225798068912,0.04821035209607638,1.0178453162267083,-1.1527841507312167,-0.401801877161283
2025-03-04T00:00:00.000,-1.1344228860997407,1.4863708019036457,-0.8603444579046624,0.40675598702254506,0.9295372832899836,0.2487028680723602,2.869496556075746,1.5590997120740535,2.6207936880033866,-1.3100898344739451,-0.6731595931546301,1.0767218607339712,2.0506133694305158,-0.0464502418665802,0.7661065853907594,-1.274068819580498,1.4863708019036457,-0.3621173581316107,0.5917978852060523,0.9295372832899836,-0.5742120633649558,2.186227558119188,0.806007747377116,2.7604396214841436,-2.13370427512511,-1.53717558605568,0.3934830778730869,1.3673443714739575,-0.803219564741433,0.013014620693821866
2025-03-11T00:00:00.000,-0.8613305125870608,1.4863708019036457,-0.9177131555652192,0.40321012061487455,0.7810834213813522,0.434255943744636,2.7819572582353427,1.6081066009899891,2.3477013144907066,-1.1238372495878202,-0.44638705386575844,0.9891523477978938,1.9630740715901123,0.0,0.815113474306695,-1.1344228860997407,1.4863708019036457,-0.8603444579046624,0.40675598702254506,0.9295372832899836,0.2487028680723602,2.869496556075746,1.5590997120740535,2.6207936880033866,-1.3100898344739451,-0.6731595931546301,1.0767218607339712,2.0506133694305158,-0.0464502418665802,0.7661065853907594
2025-03-18T00:00:00.000,0.03914463289114309,1.4863708019036457,-1.1298631003608317,0.40321012061487455,0.7810834213813522,1.5468810340184524,2.9941072030309552,2.2704941185247036,1.4472261690125026,-0.008281031539750572,0.666238036408058,1.1860132300651638,2.175224016385725,0.6618271619704346,1.4775009918414095,-0.8613305125870608,1.4863708019036457,-0.9177131555652192,0.40321012061487455,0.7810834213813522,0.434255943744636,2.7819572582353427,1.6081066009899891,2.3477013144907066,-1.1238372495878202,-0.44638705386575844,0.9891523477978938,1.9630740715901123,0.0,0.815113474306695
2025-03-25T00:00:00.000,0.5623597024780079,1.4863708019036457,-1.1727014216860105,0.40321012061487455,0.7810834213813522,2.112934424930496,3.036945524356134,2.574939974643315,0.9240110994256377,0.55484123159804,1.2322914273201018,1.2135624888619998,2.2180623377109034,0.9657126625247661,1.781946847960021,0.03914463289114309,1.4863708019036457,-1.1298631003608317,0.40321012061487455,0.7810834213813522,1.5468810340184524,2.9941072030309552,2.2704941185247036,1.4472261690125026,-0.008281031539750572,0.666238036408058,1.1860132300651638,2.175224016385725,0.6618271619704346,1.4775009918414095
2025-04-01T00:00:00.000,1.070208156168791,1.4863708019036457,-1.1727014216860105,0.40321012061487455,0.7810834213813522,2.620782878621279,3.036945524356134,2.8288642014887064,0.4161626457348546,1.0619901760749737,1.7401398810108846,1.2128999544018035,2.2180623377109034,1.219571358627623,2.0358710748054123,0.5623597024780079,1.4863708019036457,-1.1727014216860105,0.40321012061487455,0.7810834213813522,2.112934424930496,3.036945524356134,2.574939974643315,0.9240110994256377,0.55484123159804,1.2322914273201018,1.2135624888619998,2.2180623377109034,0.9657126625247661,1.781946847960021
2025-04-08T00:00:00.000,2.5412969192188446,1.0527382592581382,-1.1727014216860105,-0.3621173581316107,0.540653213765995,4.616768912802461,3.1282102528417544,3.8724895828221073,-1.4885586599607064,3.0572767010423063,3.7361259151920665,1.3035021484272276,2.309327066196524,2.263131209218489,3.079496456138813,1.070208156168791,1.4863708019036457,-1.1727014216860105,0.40321012061487455,0.7810834213813522,2.620782878621279,3.036945524356134,2.8288642014887064,0.4161626457348546,1.0619901760749737,1.7401398810108846,1.2128999544018035,2.2180623377109034,1.219571358627623,2.0358710748054123
2025-04-15T00:00:00.000,2.9252370505002876,1.5559596297002618,-1.1727014216860105,-0.22272309634733817,0.540653213765995,4.861314782299631,3.492037361499605,4.176676071899618,-1.3692774208000258,3.2978767540912948,3.9346054747040045,1.6613190578563723,2.673154174854375,2.5671996687392946,3.383682945216324,2.5412969192188446,1.0527382592581382,-1.1727014216860105,-0.3621173581316107,0.540653213765995,4.616768912802461,3.1282102528417544,3.8724895828221073,-1.4885586599607064,3.0572767010423063,3.7361259151920665,1.3035021484272276,2.309327066196524,2.263131209218489,3.079496456138813
2025-04-22T00:00:00.000,2.9252370505002876,1.5559596297002618,-1.1727014216860105,0.07279771009602928,-0.03499789088782055,3.9901428712024485,2.6208654504024227,3.3055041608024354,-1.3692774208000258,2.42275902654593,3.017531410007762,0.784136947530484,1.7645701579922826,1.695909728085406,2.434178970817464,2.9252370505002876,1.5559596297002618,-1.1727014216860105,-0.22272309634733817,0.540653213765995,4.861314782299631,3.492037361499605,4.176676071899618,-1.3692774208000258,3.2978767540912948,3.9346054747040045,1.6613190578563723,2.673154174854375,2.5671996687392946,3.383682945216324
2025-04-29T00:00:00.000,2.9252370505002876,2.210593235896033,-1.1727014216860105,0.07279771009602928,-0.03499789088782055,3.9901428712024485,3.275499056598194,3.632820963900321,-0.7146438146042544,2.415742516186792,3.0127303178724363,1.4350234194401525,2.3713967470765605,2.019129918357031,2.694666257728128,2.9252370505002876,1.5559596297002618,-1.1727014216860105,0.07279771009602928,-0.03499789088782055,3.9901428712024485,2.6208654504024227,3.3055041608024354,-1.3692774208000258,2.42275902654593,3.017531410007762,0.784136947530484,1.7645701579922826,1.695909728085406,2.434178970817464
2025-05-06T00:00:00.000,2.9252370505002876,2.338634160063387,-1.1727014216860105,0.07279771009602928,-0.6179531707748965,3.407187591315372,2.8205847008784715,3.113886146096922,-0.5866028904369007,1.8257707259405778,2.4236794862697804,0.9763619294343273,1.9078391029884336,1.4960984877273713,2.1264123492338696,2.9252370505002876,2.210593235896033,-1.1727014216860105,0.07279771009602928,-0.03499789088782055,3.9901428712024485,3.275499056598194,3.632820963900321,-0.7146438146042544,2.415742516186792,3.0127303178724363,1.4350234194401525,2.3713967470765605,2.019129918357031,2.694666257728128
2025-05-13T00:00:00.000,2.9252370505002876,2.338634160063387,-0.9665876831622238,0.07279771009602928,0.3623018788192631,4.181328902385745,3.5947260119488442,3.8880274571672953,-0.5866028904369007,2.5916887017234855,3.1516658558664092,1.7458296535260525,2.5940273621072274,2.266648119625911,2.8114794426121104,2.9252370505002876,2.338634160063387,-1.1727014216860105,0.07279771009602928,-0.6179531707748965,3.407187591315372,2.8205847008784715,3.113886146096922,-0.5866028904369007,1.8257707259405778,2.4236794862697804,0.9763619294343273,1.9078391029884336,1.4960984877273713,2.1264123492338696
2025-05-20T00:00:00.000,2.9252370505002876,2.338634160063387,-0.8715548731039359,0.07279771009602928,0.40371010405864904,4.1277043175668435,3.5411014271299424,3.8344028723483934,-0.5866028904369007,2.5298407816171182,3.034253852544544,1.6875314817285032,2.337389092377143,2.209431855635175,2.705117436318309,2.9252370505002876,2.338634160063387,-0.9665876831622238,0.07279771009602928,0.3623018788192631,4.181328902385745,3.5947260119488442,3.8880274571672953,-0.5866028904369007,2.5916887017234855,3.1516658558664092,1.7458296535260525,2.5940273621072274,2.266648119625911,2.8114794426121104
2025-05-27T00:00:00.000,2.9252370505002876,2.338634160063387,-0.9090549368694287,0.07279771009602928,0.40371010405864904,4.165204381332336,3.5786014908954353,3.8719029361138855,-0.5866028904369007,2.5652972738578703,3.0239468991985428,1.7250315454939962,2.2332986136987003,2.2462282825958244,2.6433128082605255,2.9252370505002876,2.338634160063387,-0.8715548731039359,0.07279771009602928,0.40371010405864904,4.1277043175668435,3.5411014271299424,3.8344028723483934,-0.5866028904369007,2.5298407816171182,3.034253852544544,1.6875314817285032,2.337389092377143,2.209431855635175,2.705117436318309
2025-06-03T00:00:00.000,2.3043765733405808,2.338634160063387,-0.9090549368694287,0.07279771009602928,0.5187939374774501,3.65942773759143,3.6936853243142367,3.676556530952833,0.0342575867228061,2.057477058592225,2.476569476092722,1.8401153789127975,2.314441134734983,2.0501782406299296,2.3596184123478015,2.9252370505002876,2.338634160063387,-0.9090549368694287,0.07279771009602928,0.40371010405864904,4.165204381332336,3.5786014908954353,3.8719029361138855,-0.5866028904369007,2.5652972738578703,3.0239468991985428,1.7250315454939962,2.2332986136987003,2.2462282825958244,2.6433128082605255
2025-06-10T00:00:00.000,2.2450563398222356,2.338634160063387,-0.9090549368694287,-0.14470214635846737,0.5187939374774501,3.8176073605275818,3.911185180768733,3.8643962706481574,0.09357782024115124,2.214918072638183,2.5970537123108666,2.0417463321913516,2.505841325960189,2.2371466998626994,2.539179355443733,2.3043765733405808,2.338634160063387,-0.9090549368694287,0.07279771009602928,0.5187939374774501,3.65942773759143,3.6936853243142367,3.676556530952833,0.0342575867228061,2.057477058592225,2.476569476092722,1.8401153789127975,2.314441134734983,2.0501782406299296,2.3596184123478015
2025-06-17T00:00:00.000,2.108396366086099,2.338634160063387,-0.9090549368694287,-0.14470214635846737,0.5187939374774501,3.680947386791445,3.911185180768733,3.796066283780089,0.23023779397728772,2.0775194900118525,2.415512386030813,2.0258774290154093,2.466198239590015,2.1679454325320764,2.4366162859262985,2.2450563398222356,2.338634160063387,-0.9090549368694287,-0.14470214635846737,0.5187939374774501,3.8176073605275818,3.911185180768733,3.8643962706481574,0.09357782024115124,2.214918072638183,2.5970537123108666,2.0417463321913516,2.505841325960189,2.2371466998626994,2.539179355443733
2025-06-24T00:00:00.000,1.611245398064695,2.079622856300051,-0.9090549368694287,-0.08130262550990633,0.5187939374774501,3.1203968979214802,3.588774356156836,3.354585627039158,0.4683774582353559,1.5166212589827404,1.8244995002677555,1.6987834859748587,2.1096059583508646,1.722568185364391,1.9656757546200816,2.108396366086099,2.338634160063387,-0.9090549368694287,-0.14470214635846737,0.5187939374774501,3.680947386791445,3.911185180768733,3.796066283780089,0.23023779397728772,2.0775194900118525,2.415512386030813,2.0258774290154093,2.466198239590015,2.1679454325320764,2.4366162859262985
2025-07-01T00:00:00.000,1.611245398064695,2.079622856300051,-0.9367743609925968,-0.08130262550990633,0.5187939374774501,3.148116322044648,3.6164937802800043,3.3823050511623265,0.4683774582353559,1.5439929409467605,1.8166950108048607,1.7218197916693732,2.0949748539051596,1.7463910190608047,1.9618367834386983,1.611245398064695,2.079622856300051,-0.9090549368694287,-0.08130262550990633,0.5187939374774501,3.1203968979214802,3.588774356156836,3.354585627039158,0.4683774582353559,1.5166212589827404,1.8244995002677555,1.6987834859748587,2.1096059583508646,1.722568185364391,1.9656757546200816
2025-07-08T00:00:00.000,1.4631135938705486,1.5151028807906135,-0.9367743609925968,0.5381191248351858,0.5187939374774501,2.3805627675054097,2.4325520544254746,2.406557410965442,0.05198928692006488,0.7749770739546973,1.0491414562656223,0.5359290346731367,0.8566054489930421,0.7699119328435411,0.9439720776622815,1.611245398064695,2.079622856300051,-0.9367743609925968,-0.08130262550990633,0.5187939374774501,3.148116322044648,3.6164937802800043,3.3823050511623265,0.4683774582353559,1.5439929409467605,1.8166950108048607,1.7218197916693732,2.0949748539051596,1.7463910190608047,1.9618367834386983
2025-07-15T00:00:00.000,1.2991267306878431,1.5151028807906135,-0.9367743609925968,0.6514073616425885,0.6619290387542465,2.246422768792098,2.4623989188948685,2.354410843843483,0.21597615010277038,0.6393747627885604,0.9150014575523104,0.5638268680008238,0.8401309940376191,0.717033919701203,0.8624597968889625,1.4631135938705486,1.5151028807906135,-0.9367743609925968,0.5381191248351858,0.5187939374774501,2.3805627675054097,2.4325520544254746,2.406557410965442,0.05198928692006488,0.7749770739546973,1.0491414562656223,0.5359290346731367,0.8566054489930421,0.7699119328435411,0.9439720776622815
2025-07-22T00:00:00.000,1.2991267306878431,1.5151028807906135,-0.9367743609925968,0.6514073616425885,0.6619290387542465,2.246422768792098,2.4623989188948685,2.354410843843483,0.21597615010277038,0.6350861780100978,0.9150014575523104,0.5634576109086684,0.8037530633599246,0.7161752712750589,0.8323963601581859,1.2991267306878431,1.5151028807906135,-0.9367743609925968,0.6514073616425885,0.6619290387542465,2.246422768792098,2.4623989188948685,2.354410843843483,0.21597615010277038,0.6393747627885604,0.9150014575523104,0.5638268680008238,0.8401309940376191,0.717033919701203,0.8624597968889625
2025-07-29T00:00:00.000,1.2991267306878431,1.5151028807906135,-0.9367743609925968,0.6514073616425885,0.6619290387542465,2.246422768792098,2.4623989188948685,2.354410843843483,0.21597615010277038,0.6307975932316352,0.9150014575523104,0.563088353816513,0.795843319955041,0.7153166228489147,0.8140298782146553,1.2991267306878431,1.5151028807906135,-0.9367743609925968,0.6514073616425885,0.6619290387542465,2.246422768792098,2.4623989188948685,2.354410843843483,0.21597615010277038,0.6350861780100978,0.9150014575523104,0.5634576109086684,0.8037530633599246,0.7161752712750589,0.8323963601581859
2025-08-05T00:00:00.000,0.8021061276019807,1.2250302737536016,-0.9367743609925968,0.6514073616425885,0.6619290387542465,1.7494021657062357,2.1723263118578564,1.960864238782046,0.4229241461516209,0.12773888675359624,0.4179808544664483,0.2673522895956,0.5057707129180289,0.3182558791762087,0.4204832731532182,1.2991267306878431,1.5151028807906135,-0.9367743609925968,0.6514073616425885,0.6619290387542465,2.246422768792098,2.4623989188948685,2.354410843843483,0.21597615010277038,0.6307975932316352,0.9150014575523104,0.563088353816513,0.795843319955041,0.7153166228489147,0.8140298782146553
2025-08-12T00:00:00.000,0.8021061276019807,1.4575792258078444,-1.3594192379142191,0.6514073616425885,0.6619290387542465,2.1720470426278577,2.8275201408337214,2.4997835917307896,0.6554730982058636,0.5443456602830414,0.8406257313880703,0.916882661387564,1.1609645418938939,0.8536610935136832,0.9594026261019617,0.8021061276019807,1.2250302737536016,-0.9367743609925968,0.6514073616425885,0.6619290387542465,1.7494021657062357,2.1723263118578564,1.960864238782046,0.4229241461516209,0.12773888675359624,0.4179808544664483,0.2673522895956,0.5057707129180289,0.3182558791762087,0.4204832731532182
2025-08-19T00:00:00.000,0.8021061276019807,1.4575792258078444,-1.3594192379142191,0.6514073616425885,0.6619290387542465,2.1720470426278577,2.8275201408337214,2.4997835917307896,0.6554730982058636,0.5443456602830414,0.8406257313880703,0.9129973661692363,1.1609645418938939,0.8535728056903249,0.9594026261019617,0.8021061276019807,1.4575792258078444,-1.3594192379142191,0.6514073616425885,0.6619290387542465,2.1720470426278577,2.8275201408337214,2.4997835917307896,0.6554730982058636,0.5443456602830414,0.8406257313880703,0.916882661387564,1.1609645418938939,0.8536610935136832,0.9594026261019617
2025-08-26T00:00:00.000,0.8021061276019807,1.4575792258078444,-1.3594192379142191,0.6514073616425885,0.6619290387542465,2.1720470426278577,2.8275201408337214,2.4997835917307896,0.6554730982058636,0.5443456602830414,0.8406257313880703,0.9091120709509086,1.1609645418938939,0.8534845178669663,0.9594026261019617,0.8021061276019807,1.4575792258078444,-1.3594192379142191,0.6514073616425885,0.6619290387542465,2.1720470426278577,2.8275201408337214,2.4997835917307896,0.6554730982058636,0.5443456602830414,0.8406257313880703,0.9129973661692363,1.1609645418938939,0.8535728056903249,0.9594026261019617
2025-09-02T00:00:00.000,0.6959208697201574,1.4575792258078444,-1.3594192379142191,0.19168655307707366,0.18457793069167377,2.048231485248977,2.8098898413366635,2.4290606632928204,0.761658356087687,0.41421910614665514,0.7168101740091894,0.8903562859640752,1.143334242396836,0.7793926756081995,0.8886796976639926,0.8021061276019807,1.4575792258078444,-1.3594192379142191,0.6514073616425885,0.6619290387542465,2.1720470426278577,2.8275201408337214,2.4997835917307896,0.6554730982058636,0.5443456602830414,0.8406257313880703,0.9091120709509086,1.1609645418938939,0.8534845178669663,0.9594026261019617
2025-09-09T00:00:00.000,0.6597867640606497,1.4575792258078444,-1.748020949757505,-0.23407276504902982,0.029770633982547267,2.671651112849732,3.4694435745969265,3.0705473437233293,0.7977924617471946,1.0313277369899048,1.3402298016099445,1.548784533734563,1.802887975657099,1.4175104422179106,1.5301663780945014,0.6959208697201574,1.4575792258078444,-1.3594192379142191,0.19168655307707366,0.18457793069167377,2.048231485248977,2.8098898413366635,2.4290606632928204,0.761658356087687,0.41421910614665514,0.7168101740091894,0.8903562859640752,1.143334242396836,0.7793926756081995,0.8886796976639926
2025-09-16T00:00:00.000,0.6691630546774835,1.4575792258078444,-2.0304620727560563,-0.23407276504902982,-0.2901430904073359,2.6435548020752337,3.4319709732055945,3.037762887640414,0.7884161711303609,0.9982663443469049,1.3121334908354463,1.504846268271414,1.765415374265767,1.3826837032446857,1.497381922011586,0.6597867640606497,1.4575792258078444,-1.748020949757505,-0.23407276504902982,0.029770633982547267,2.671651112849732,3.4694435745969265,3.0705473437233293,0.7977924617471946,1.0313277369899048,1.3402298016099445,1.548784533734563,1.802887975657099,1.4175104422179106,1.5301663780945014
2025-09-23T00:00:00.000,0.6691630546774835,1.4575792258078444,-2.5028438975899974,-0.23407276504902982,-0.2966563220479759,3.109423395268535,3.8978395663988956,3.503631480833715,0.7884161711303609,1.459169855671704,1.7780020840287474,1.9642491973928986,2.231283967459068,1.8465100135476775,1.9632505152048871,0.6691630546774835,1.4575792258078444,-2.0304620727560563,-0.23407276504902982,-0.2901430904073359,2.6435548020752337,3.4319709732055945,3.037762887640414,0.7884161711303609,0.9982663443469049,1.3121334908354463,1.504846268271414,1.765415374265767,1.3826837032446857,1.497381922011586
2025-09-30T00:00:00.000,0.6691630546774835,1.1317146674517546,-2.5028438975899974,-0.23407276504902982,-0.2966563220479759,3.109423395268535,3.571975008042806,3.3406992016556702,0.46255161277427115,1.45210618261292,1.7780020840287474,1.638384639036809,1.9054194091029786,1.6834055946225879,1.8003182360268424,0.6691630546774835,1.4575792258078444,-2.5028438975899974,-0.23407276504902982,-0.2966563220479759,3.109423395268535,3.8978395663988956,3.503631480833715,0.7884161711303609,1.459169855671704,1.7780020840287474,1.9642491973928986,2.231283967459068,1.8465100135476775,1.9632505152048871
2025-10-07T00:00:00.000,0.6691630546774835,1.1317146674517546,-2.7182194561127053,-0.23407276504902982,-0.4988609141300042,3.1225943617092144,3.5851459744834857,3.35387016809635,0.46255161277427115,1.4582134759948158,1.791173050469427,1.6515556054774887,1.9185903755436582,1.6964044213162226,1.813489202467522,0.6691630546774835,1.1317146674517546,-2.5028438975899974,-0.23407276504902982,-0.2966563220479759,3.109423395268535,3.571975008042806,3.3406992016556702,0.46255161277427115,1.45210618261292,1.7780020840287474,1.638384639036809,1.9054194091029786,1.6834055946225879,1.8003182360268424
2025-10-14T00:00:00.000,0.6691630546774835,1.1317146674517546,-2.7182194561127053,-0.6274765383357679,-0.4988609141300042,3.515998134995953,3.9785497477702236,3.747273941383088,0.46255161277427115,1.8500981006113721,2.1845768237561654,2.0429134143309158,2.3119941488303963,2.0845935688958663,2.20689297575426,0.6691630546774835,1.1317146674517546,-2.7182194561127053,-0.23407276504902982,-0.4988609141300042,3.1225943617092144,3.5851459744834857,3.35387016809635,0.46255161277427115,1.4582134759948158,1.791173050469427,1.6515556054774887,1.9185903755436582,1.6964044213162226,1.813489202467522
2025-10-21T00:00:00.000,0.6691630546774835,1.1317146674517546,-2.7182194561127053,-1.748020949757505,-0.6517482535547126,4.483655206992982,4.946206819767252,4.7149310133801166,0.46255161277427115,2.8162360239382185,3.152233895753194,3.008524521894634,3.279651220827425,3.047036015185801,3.1745500477512887,0.6691630546774835,1.1317146674517546,-2.7182194561127053,-0.6274765383357679,-0.4988609141300042,3.515998134995953,3.9785497477702236,3.747273941383088,0.46255161277427115,1.8500981006113721,2.1845768237561654,2.0429134143309158,2.3119941488303963,2.0845935688958663,2.20689297575426
2025-10-28T00:00:00.000,0.6691630546774835,1.1317146674517546,-2.7182194561127053,-2.0304620727560563,-0.8644253992576687,4.553419184288576,5.015970797062848,4.784694990675712,0.46255161277427115,2.8856476187810918,3.221997873048789,3.077882813711083,3.3494151981230207,3.1147135433960633,3.2443140250468843,0.6691630546774835,1.1317146674517546,-2.7182194561127053,-1.748020949757505,-0.6517482535547126,4.483655206992982,4.946206819767252,4.7149310133801166,0.46255161277427115,2.8162360239382185,3.152233895753194,3.008524521894634,3.279651220827425,3.047036015185801,3.1745500477512887
2025-11-04T00:00:00.000,0.2387341263501925,0.9899142032312803,-2.7182194561127053,-2.198261804696416,-0.8644253992576687,4.290789987901645,5.041970064782733,4.666380026342189,0.7511800768810878,2.622666039941439,2.9593686766618577,3.1034763959518212,3.3754144658429057,2.9943121299772066,3.125999060713361,0.6691630546774835,1.1317146674517546,-2.7182194561127053,-2.0304620727560563,-0.8644253992576687,4.553419184288576,5.015970797062848,4.784694990675712,0.46255161277427115,2.8856476187810918,3.221997873048789,3.077882813711083,3.3494151981230207,3.1147135433960633,3.2443140250468843
2025-11-10T00:00:00.000,-0.009821278362884914,0.8413073167893259,-2.7182194561127053,-2.0045849608609463,-0.3053071922120934,4.407675946398673,5.258804541550884,4.833240243974778,0.8511285951522108,2.7349079454475036,3.076254635158886,3.320310872719972,3.5922489426110564,3.153081818760155,3.2928592783459503,0.2387341263501925,0.9899142032312803,-2.7182194561127053,-2.198261804696416,-0.8644253992576687,4.290789987901645,5.041970064782733,4.666380026342189,0.7511800768810878,2.622666039941439,2.9593686766618577,3.1034763959518212,3.3754144658429057,2.9943121299772066,3.125999060713361
2025-11-18T00:00:00.000,0.05990683183691945,0.8413073167893259,-2.7182194561127053,-1.6248364782732498,-0.3053071922120934,4.097655574010782,4.8790560589631875,4.488355816486984,0.7814004849524064,2.420243520068648,2.766234262770994,2.9405623901322757,3.1684542409854215,2.8001068624227203,2.9431737587228306,-0.009821278362884914,0.8413073167893259,-2.7182194561127053,-2.0045849608609463,-0.3053071922120934,4.407675946398673,5.258804541550884,4.833240243974778,0.8511285951522108,2.7349079454475036,3.076254635158886,3.320310872719972,3.5922489426110564,3.153081818760155,3.2928592783459503
2025-11-25T00:00:00.000,0.05990683183691945,0.8413073167893259,-2.6849868831386265,-1.6248364782732498,-0.2569130544723044,4.112817138776491,4.894217623728898,4.503517381252695,0.7814004849524064,2.4349149532371572,2.781395827536704,2.9470552584307064,3.1379478295657264,2.810667498380815,2.9583353234885412,0.05990683183691945,0.8413073167893259,-2.7182194561127053,-1.6248364782732498,-0.3053071922120934,4.097655574010782,4.8790560589631875,4.488355816486984,0.7814004849524064,2.420243520068648,2.766234262770994,2.9405623901322757,3.1684542409854215,2.8001068624227203,2.9431737587228306
2025-12-02T00:00:00.000,0.05990683183691945,0.8413073167893259,-2.6849868831386265,-1.6248364782732498,-0.2569130544723044,4.112817138776491,4.894217623728898,4.503517381252695,0.7814004849524064,2.434424821639957,2.781395827536704,2.9383865619634264,3.1379478295657264,2.806066569573199,2.9583353234885412,0.05990683183691945,0.8413073167893259,-2.6849868831386265,-1.6248364782732498,-0.2569130544723044,4.112817138776491,4.894217623728898,4.503517381252695,0.7814004849524064,2.4349149532371572,2.781395827536704,2.9470552584307064,3.1379478295657264,2.810667498380815,2.9583353234885412
2025-12-09T00:00:00.000,0.05990683183691945,0.8413073167893259,-2.6849868831386265,-1.2430777211856896,-0.20272843815919694,3.7852429980020386,4.566643482954445,4.175943240478242,0.7814004849524064,2.106850680865504,2.453821686762251,2.605882475230221,2.8103736887912736,2.4754587422494305,2.6307611827140884,0.05990683183691945,0.8413073167893259,-2.6849868831386265,-1.6248364782732498,-0.2569130544723044,4.112817138776491,4.894217623728898,4.503517381252695,0.7814004849524064,2.434424821639957,2.781395827536704,2.9383865619634264,3.1379478295657264,2.806066569573199,2.9583353234885412
2025-12-16T00:00:00.000,0.05990683183691945,-0.20533169018679165,-2.198261804696416,-0.7196471192983508,-0.20272843815919694,2.7750873176724897,2.5098487956487783,2.642468056660634,-0.2652385220237111,1.0966950005359553,1.4436660064327023,0.5441578419658017,0.7535790014856065,0.9389498718825064,1.0972859988964805,0.05990683183691945,0.8413073167893259,-2.6849868831386265,-1.2430777211856896,-0.20272843815919694,3.7852429980020386,4.566643482954445,4.175943240478242,0.7814004849524064,2.106850680865504,2.453821686762251,2.605882475230221,2.8103736887912736,2.4754587422494305,2.6307611827140884
2025-12-23T00:00:00.000,0.05990683183691945,-0.20533169018679165,-2.0045849608609463,-0.7196471192983508,0.9823760217643568,3.7665149337605737,3.501276411736862,3.633895672748718,-0.2652385220237111,2.084806397070045,2.435093622520786,1.5292179435013462,1.7329778626464047,1.9300654183341064,2.0887136149845644,0.05990683183691945,-0.20533169018679165,-2.198261804696416,-0.7196471192983508,-0.20272843815919694,2.7750873176724897,2.5098487956487783,2.642468056660634,-0.2652385220237111,1.0966950005359553,1.4436660064327023,0.5441578419658017,0.7535790014856065,0.9389498718825064,1.0972859988964805
2025-12-30T00:00:00.000,0.05990683183691945,-0.20533169018679165,-1.8880626896751194,-0.7196471192983508,0.9823760217643568,3.6499926625747463,3.3847541405510353,3.5173734015628906,-0.2652385220237111,1.964967906330223,2.318571351334959,1.4063281577629798,1.593419417930182,1.8132310775117948,1.972191343798737,0.05990683183691945,-0.20533169018679165,-2.0045849608609463,-0.7196471192983508,0.9823760217643568,3.7665149337605737,3.501276411736862,3.633895672748718,-0.2652385220237111,2.084806397070045,2.435093622520786,1.5292179435013462,1.7329778626464047,1.9300654183341064,2.0887136149845644
2026-01-06T00:00:00.000,-0.6515148618667348,-0.20533169018679165,-1.8880626896751194,-0.24546076162558514,0.9823760217643568,2.4643846111983265,2.9105677828782697,2.687476197038298,0.44618317167994315,0.7783344289510223,1.132963299958539,0.9271008215185437,1.0798494792350368,0.9833338729872021,1.1422941392741444,0.05990683183691945,-0.20533169018679165,-1.8880626896751194,-0.7196471192983508,0.9823760217643568,3.6499926625747463,3.3847541405510353,3.5173734015628906,-0.2652385220237111,1.964967906330223,2.318571351334959,1.4063281577629798,1.593419417930182,1.8132310775117948,1.972191343798737
2026-01-13T00:00:00.000,-0.6515148618667348,-0.8127015034957907,-1.7911143054669068,-0.13709738074747113,0.9823760217643568,2.2590728461119998,2.0978862044829443,2.178479525297472,-0.16118664162905594,0.5719972378619147,0.8557064540840553,0.10937826455154798,0.22420321332389626,0.47433720124637624,0.6259971042589441,-0.6515148618667348,-0.20533169018679165,-1.8880626896751194,-0.24546076162558514,0.9823760217643568,2.4643846111983265,2.9105677828782697,2.687476197038298,0.44618317167994315,0.7783344289510223,1.132963299958539,0.9271008215185437,1.0798494792350368,0.9833338729872021,1.1422941392741444
2026-01-20T00:00:00.000,-0.6515148618667348,-0.8604200024669137,-1.2430777211856896,-0.13709738074747113,1.4151022647741152,2.143762504840541,1.9348573642403621,2.0393099345404515,-0.20890514060017895,0.4532837427376837,0.6860959155553996,-0.048609597119363857,0.020334589575877082,0.3307925731882333,0.4557067780084303,-0.6515148618667348,-0.8127015034957907,-1.7911143054669068,-0.13709738074747113,0.9823760217643568,2.2590728461119998,2.0978862044829443,2.178479525297472,-0.16118664162905594,0.5719972378619147,0.8557064540840553,0.10937826455154798,0.22420321332389626,0.47433720124637624,0.6259971042589441
2026-01-27T00:00:00.000,-0.6515148618667348,-0.5630768240700919,-1.0380085232979965,-0.13709738074747113,1.4151022647741152,1.938693306952848,2.027131344749491,1.9829123258511694,0.08843803779664294,0.24481139099721827,0.46890232768156803,0.038623404818094675,0.10049862768790341,0.27001992719782875,0.39930916931914817,-0.6515148618667348,-0.8604200024669137,-1.2430777211856896,-0.13709738074747113,1.4151022647741152,2.143762504840541,1.9348573642403621,2.0393099345404515,-0.20890514060017895,0.4532837427376837,0.6860959155553996,-0.048609597119363857,0.020334589575877082,0.3307925731882333,0.4557067780084303
2026-02-03T00:00:00.000,-1.0079422530261857,-0.5630768240700919,-1.0380085232979965,0.29630915522069423,1.7394028683794711,1.4731599834305877,1.9180254123866816,1.6955926979086346,0.4448654289560938,-0.21731877867226967,0.0016845020796538712,-0.06544154897304444,-0.008607304674906002,-0.012924663443583562,0.08264556822886471,-0.6515148618667348,-0.5630768240700919,-1.0380085232979965,-0.13709738074747113,1.4151022647741152,1.938693306952848,2.027131344749491,1.9829123258511694,0.08843803779664294,0.24481139099721827,0.46890232768156803,0.038623404818094675,0.10049862768790341,0.27001992719782875,0.39930916931914817
2026-02-10T00:00:00.000,-0.8564631241724534,-0.22253438024665817,-0.7928491099970548,0.29630915522069423,1.7394028683794711,1.3794796989833782,2.0134084429091734,1.696444070946276,0.6339287439257952,-0.3075959092667069,-0.09199578236755568,0.024900502977777128,0.08677572584758586,-0.007698253104819752,0.039753892807183444,-1.0079422530261857,-0.5630768240700919,-1.0380085232979965,0.29630915522069423,1.7394028683794711,1.4731599834305877,1.9180254123866816,1.6955926979086346,0.4448654289560938,-0.21731877867226967,0.0016845020796538712,-0.06544154897304444,-0.008607304674906002,-0.012924663443583562,0.08264556822886471
2026-02-17T00:00:00.000,-0.8564631241724534,0.31170117245920825,-0.661736384855674,0.29630915522069423,1.7394028683794711,1.2483669738419976,2.416531270473659,1.8324491221578283,1.1681642966316617,-0.4376832084053066,-0.2231085075089363,0.4278465862274974,0.48989855341207145,0.12393176080561008,0.13643073773037306,-0.8564631241724534,-0.22253438024665817,-0.7928491099970548,0.29630915522069423,1.7394028683794711,1.3794796989833782,2.0134084429091734,1.696444070946276,0.6339287439257952,-0.3075959092667069,-0.09199578236755568,0.024900502977777128,0.08677572584758586,-0.007698253104819752,0.039753892807183444
2026-02-24T00:00:00.000,-0.8068026908409189,0.4934539182619711,-1.5703789959642482,0.29630915522069423,3.0180022861146187,3.4852694360172536,4.785526045120143,4.135397740568699,1.30025660910289,1.7981938277671685,2.0062394441082243,2.796664616559216,2.8588933280585556,2.4225053419153584,2.435104543070013,-0.8564631241724534,0.31170117245920825,-0.661736384855674,0.29630915522069423,1.7394028683794711,1.2483669738419976,2.416531270473659,1.8324491221578283,1.1681642966316617,-0.4376832084053066,-0.2231085075089363,0.4278465862274974,0.48989855341207145,0.12393176080561008,0.13643073773037306
2026-03-03T00:00:00.000,-0.0552934667337123,1.4140955686013492,-1.5703789959642482,0.29630915522069423,3.0180022861146187,4.23677866012446,5.706167695459522,4.9714731777919905,1.4693890353350616,2.5462998980216027,2.732318434487476,3.7171670985510357,3.779534978397934,3.2542728176982867,3.2711799802933044,-0.8068026908409189,0.4934539182619711,-1.5703789959642482,0.29630915522069423,3.0180022861146187,3.4852694360172536,4.785526045120143,4.135397740568699,1.30025660910289,1.7981938277671685,2.0062394441082243,2.796664616559216,2.8588933280585556,2.4225053419153584,2.435104543070013
2026-03-10T00:00:00.000,0.4427068884909659,1.4628355007275649,-1.5703789959642482,0.29630915522069423,3.0180022861146187,4.7347790153491385,5.754907627585737,5.244843321467438,1.020128612236599,3.0408970993935087,3.2303187897121544,3.765767862329692,3.82827491052415,3.523334999933371,3.544550123968752,-0.0552934667337123,1.4140955686013492,-1.5703789959642482,0.29630915522069423,3.0180022861146187,4.23677866012446,5.706167695459522,4.9714731777919905,1.4693890353350616,2.5462998980216027,2.732318434487476,3.7171670985510357,3.779534978397934,3.2542728176982867,3.2711799802933044
2026-03-17T00:00:00.000,0.4427068884909659,1.4628355007275649,-1.5703789959642482,0.29630915522069423,3.0180022861146187,4.7347790153491385,5.754907627585737,5.244843321467438,1.020128612236599,3.0228326897957287,3.2303187897121544,3.765367401673711,3.82827491052415,3.5208973652146325,3.544550123968752,0.4427068884909659,1.4628355007275649,-1.5703789959642482,0.29630915522069423,3.0180022861146187,4.7347790153491385,5.754907627585737,5.244843321467438,1.020128612236599,3.0408970993935087,3.2303187897121544,3.765767862329692,3.82827491052415,3.523334999933371,3.544550123968752
2026-03-24T00:00:00.000,0.4427068884909659,1.4628355007275649,-1.5703789959642482,1.0371782455226262,3.0180022861146187,3.9939099250472068,5.014038537283806,4.503974231165506,1.020128612236599,2.2638991898960166,2.4894496994102226,3.024097850715799,3.0874058202222185,2.7775906401939623,2.8036810336668196,0.4427068884909659,1.4628355007275649,-1.5703789959642482,0.29630915522069423,3.0180022861146187,4.7347790153491385,5.754907627585737,5.244843321467438,1.020128612236599,3.0228326897957287,3.2303187897121544,3.765367401673711,3.82827491052415,3.5208973652146325,3.544550123968752
2026-03-31T00:00:00.000,0.4427068884909659,1.4628355007275649,-1.5703789959642482,1.0371782455226262,3.0180022861146187,3.9939099250472068,5.014038537283806,4.503974231165506,1.020128612236599,2.2620755598750613,2.4894496994102226,3.024097850715799,3.0874058202222185,2.756594539667933,2.8036810336668196,0.4427068884909659,1.4628355007275649,-1.5703789959642482,1.0371782455226262,3.0180022861146187,3.9939099250472068,5.014038537283806,4.503974231165506,1.020128612236599,2.2638991898960166,2.4894496994102226,3.024097850715799,3.0874058202222185,2.7775906401939623,2.8036810336668196
2026-04-07T00:00:00.000,0.7959738156702151,2.019913853451037,-1.5703789959642482,1.0371782455226262,3.0180022861146187,4.347176852226456,5.571116890007278,4.959146871116866,1.2239400377808218,2.6135188570333545,2.8427166265894717,3.5811762034392705,3.64448417294569,3.190771079093264,3.25885367361818,0.4427068884909659,1.4628355007275649,-1.5703789959642482,1.0371782455226262,3.0180022861146187,3.9939099250472068,5.014038537283806,4.503974231165506,1.020128612236599,2.2620755598750613,2.4894496994102226,3.024097850715799,3.0874058202222185,2.756594539667933,2.8036810336668196
2026-04-14T00:00:00.000,0.845232534452888,2.019913853451037,-1.0021110090135172,1.0371782455226262,2.276684090771323,3.086849388715102,4.26153070771325,3.6741900482141765,1.1746813189981489,1.3453193082654333,1.5823891630781177,2.265663186970439,2.3348979906516627,1.898844489763185,1.9738968507154906,0.7959738156702151,2.019913853451037,-1.5703789959642482,1.0371782455226262,3.0180022861146187,4.347176852226456,5.571116890007278,4.959146871116866,1.2239400377808218,2.6135188570333545,2.8427166265894717,3.5811762034392705,3.64448417294569,3.190771079093264,3.25885367361818
2026-04-21T00:00:00.000,0.845232534452888,2.019913853451037,-0.9647798676381187,1.0371782455226262,1.8590625578011442,2.6318967143695247,3.8065780333676735,3.2192373738685993,1.1746813189981489,0.8824945486632889,1.1274364887325405,1.804783678450058,1.879945316306086,1.4369220489902186,1.5189441763699134,0.845232534452888,2.019913853451037,-1.0021110090135172,1.0371782455226262,2.276684090771323,3.086849388715102,4.26153070771325,3.6741900482141765,1.1746813189981489,1.3453193082654333,1.5823891630781177,2.265663186970439,2.3348979906516627,1.898844489763185,1.9738968507154906
2026-04-28T00:00:00.000,0.845232534452888,2.019913853451037,0.18059653129446515,1.0371782455226262,1.7125123061674912,1.3399700638032879,2.5146513828014365,1.9273107233023623,1.1746813189981489,-0.40156001664638064,-0.131505417547646,0.5113214611597372,0.588018665739849,0.1400754266337607,0.2270175258036764,0.845232534452888,2.019913853451037,-0.9647798676381187,1.0371782455226262,1.8590625578011442,2.6318967143695247,3.8065780333676735,3.2192373738685993,1.1746813189981489,0.8824945486632889,1.1274364887325405,1.804783678450058,1.879945316306086,1.4369220489902186,1.5189441763699134
2026-05-05T00:00:00.000,0.845232534452888,2.019913853451037,0.24576156419333678,1.3197631486124268,1.7125123061674912,0.9922201278146157,2.1669014468127643,1.5795607873136899,1.1746813189981489,-0.7414378673784856,-0.47757085145666434,0.16203595844698127,0.24026872975117675,-0.20275453756469086,-0.11645759711376535,0.845232534452888,2.019913853451037,0.18059653129446515,1.0371782455226262,1.7125123061674912,1.3399700638032879,2.5146513828014365,1.9273107233023623,1.1746813189981489,-0.40156001664638064,-0.131505417547646,0.5113214611597372,0.588018665739849,0.1400754266337607,0.2270175258036764
2026-05-12T00:00:00.000,0.845232534452888,2.019913853451037,0.24576156419333678,1.3197631486124268,1.7024016426350546,0.982109464282179,2.1567907832803277,1.5694501237812533,1.1746813189981489,-0.7497249008899665,-0.47555712500296243,0.14765381764284946,0.23015806621874013,-0.20589543466973814,-0.08724005435783933,0.845232534452888,2.019913853451037,0.24576156419333678,1.3197631486124268,1.7125123061674912,0.9922201278146157,2.1669014468127643,1.5795607873136899,1.1746813189981489,-0.7414378673784856,-0.47757085145666434,0.16203595844698127,0.24026872975117675,-0.20275453756469086,-0.11645759711376535
